complaint_id,product_category,chunk
10001645,Savings Account,synchrony charged me a monthly maintenance fee on my ally savings that was supposed to be free when i called to dispute they said i did not maintain the minimum balance of even though my statements show i was always above that threshold i want all fees refunded and a guarantee this will not happen
10001645,Savings Account,refunded and a guarantee this will not happen again
10000510,Credit Card,someone made fraudulent purchases on my chase sapphire card totaling i reported this to american express immediately and they opened an investigation after weeks they denied my fraud claim saying the transactions appeared legitimate i have filed a police report and have evidence that i was in a
10000510,Credit Card,a police report and have evidence that i was in a different state when these transactions occurred
10001411,Savings Account,ally bank charged me a monthly maintenance fee on my chase savings that was supposed to be free when i called to dispute they said i did not maintain the minimum balance of even though my statements show i was always above that threshold i want all fees refunded and a guarantee this will not happen
10001411,Savings Account,refunded and a guarantee this will not happen again
10000045,Credit Card,the rewards program on my capital one venture card was changed without notice capital one devalued the points by nearly making the annual fee of no longer worth it i specifically chose this card for its rewards structure and feel this is a baitandswitch tactic longtime customers should be
10000045,Credit Card,baitandswitch tactic longtime customers should be grandfathered into the original rewards program
10001585,Savings Account,synchrony closed my ally savings account without warning citing business reasons i had in the account and it took weeks to receive a cashiers check no explanation was ever provided for the closure i have been a customer for years with no suspicious activity on the account
10001287,Savings Account,my discover savings with chase was accessed by someone who changed my contact information and attempted to transfer out of my account when i reported this chase took weeks to investigate and temporarily restricted my access i am concerned about the security of their online banking platform and how
10001287,Savings Account,security of their online banking platform and how this person gained access
10001337,Savings Account,i opened a ally savings with ally bank because they advertised a apy after three months the rate was quietly dropped to without notification when i called they said the promotional rate had expired but this was never clearly communicated at account opening i moved into this account specifically for
10001337,Savings Account,i moved into this account specifically for the higher rate
10002024,Money Transfer,i sent via paypal through paypal to pay my landlord the money was deducted from my account but never received by the recipient it has been weeks and paypal has not been able to locate the funds or provide a refund i am now at risk of eviction because my rent appears unpaid
10002023,Money Transfer,i accidentally sent to the wrong person through venmo via western union i realized the error within minutes and immediately contacted them to cancel they said the transaction was already completed and they cannot reverse it they suggested i ask the recipient nicely to send it back this is an
10002023,Money Transfer,the recipient nicely to send it back this is an unacceptable response for such a large amount
10001407,Savings Account,my marcus savings with ally bank was accessed by someone who changed my contact information and attempted to transfer out of my account when i reported this ally bank took weeks to investigate and temporarily restricted my access i am concerned about the security of their online banking platform and
10001407,Savings Account,the security of their online banking platform and how this person gained access
10001577,Savings Account,i tried to withdraw from my synchrony savings at ally bank and was told my account was frozen pending a security review no one informed me of any issues beforehand i had bills due and no access to my own money for weeks the customer service was unhelpful and could not tell me when the review would
10001577,Savings Account,and could not tell me when the review would be completed
10000472,Credit Card,discover charged me a late fee on my amex gold card even though i made my payment on time my bank records show the payment was initiated days before the due date when i called to dispute they said the payment was received one day late due to processing time this is unacceptable i should not be
10000472,Credit Card,time this is unacceptable i should not be penalized for their slow processing system
10001413,Savings Account,i have been trying to reach discovers customer service about an issue with my discover savings for weeks wait times exceed minutes and i have been disconnected times after waiting when i finally got through the representative could not resolve my issue and told me to call back this level of service
10001413,Savings Account,and told me to call back this level of service is completely unacceptable for a bank holding my savings
10000209,Credit Card,someone made fraudulent purchases on my capital one venture card totaling i reported this to citibank immediately and they opened an investigation after weeks they denied my fraud claim saying the transactions appeared legitimate i have filed a police report and have evidence that i was in a
10000209,Credit Card,a police report and have evidence that i was in a different state when these transactions occurred
10001243,Savings Account,discover charged me a monthly maintenance fee on my synchrony savings that was supposed to be free when i called to dispute they said i did not maintain the minimum balance of even though my statements show i was always above that threshold i want all fees refunded and a guarantee this will not
10001243,Savings Account,all fees refunded and a guarantee this will not happen again
10000508,Credit Card,someone made fraudulent purchases on my chase sapphire card totaling i reported this to american express immediately and they opened an investigation after weeks they denied my fraud claim saying the transactions appeared legitimate i have filed a police report and have evidence that i was in a
10000508,Credit Card,a police report and have evidence that i was in a different state when these transactions occurred
10002038,Money Transfer,i sent via zelle through venmo to pay my landlord the money was deducted from my account but never received by the recipient it has been weeks and venmo has not been able to locate the funds or provide a refund i am now at risk of eviction because my rent appears unpaid
10000283,Credit Card,someone made fraudulent purchases on my amex gold card totaling i reported this to discover immediately and they opened an investigation after weeks they denied my fraud claim saying the transactions appeared legitimate i have filed a police report and have evidence that i was in a different state
10000283,Credit Card,and have evidence that i was in a different state when these transactions occurred
10000483,Credit Card,the rewards program on my citi double cash card was changed without notice discover devalued the points by nearly making the annual fee of no longer worth it i specifically chose this card for its rewards structure and feel this is a baitandswitch tactic longtime customers should be grandfathered
10000483,Credit Card,tactic longtime customers should be grandfathered into the original rewards program
10002221,Money Transfer,my account was frozen by venmo after i made a paypal transfer of they claimed the transaction was flagged for suspicious activity but i was simply sending money to my family overseas which i do every month it took weeks to get my account unfrozen and i had to provide extensive documentation
10002221,Money Transfer,and i had to provide extensive documentation including pay stubs and tax returns
10000942,Personal Loan,i tried to make an extra payment on my upstart loan from goldman sachs to pay down the principal faster their system automatically applied it to future payments instead of the principal balance after calling times each representative gave me different instructions i am paying more interest than
10000942,Personal Loan,instructions i am paying more interest than necessary because they will not properly apply my payments
10001963,Money Transfer,zelle charged me a fee for a paypal transfer that was advertised as free the fee was hidden in the exchange rate markup and only visible after carefully comparing the rates the actual exchange rate applied was worse than the market rate this is deceptive and the total hidden cost was
10000621,Credit Card,citibank charged me a late fee on my amex gold card even though i made my payment on time my bank records show the payment was initiated days before the due date when i called to dispute they said the payment was received one day late due to processing time this is unacceptable i should not be
10000621,Credit Card,time this is unacceptable i should not be penalized for their slow processing system
10000931,Personal Loan,i took out a personal loan of with prosper through their prosper loan program the advertised rate was but after approval i was given the terms were buried in fine print and the loan officer rushed me through the signing process i am now paying per month which is more than what was originally quoted
10001392,Savings Account,goldman sachs charged me a monthly maintenance fee on my synchrony savings that was supposed to be free when i called to dispute they said i did not maintain the minimum balance of even though my statements show i was always above that threshold i want all fees refunded and a guarantee this will not
10001392,Savings Account,all fees refunded and a guarantee this will not happen again
10000434,Credit Card,i applied for the capital one venture card specifically for the point signup bonus i met all the spending requirements within the specified timeframe but american express has refused to credit my bonus points i have called times over the past months and each representative tells me something
10000434,Credit Card,months and each representative tells me something different i have all receipts and statements showing i qualified
10002155,Money Transfer,i accidentally sent to the wrong person through venmo via zelle i realized the error within minutes and immediately contacted them to cancel they said the transaction was already completed and they cannot reverse it they suggested i ask the recipient nicely to send it back this is an unacceptable
10002155,Money Transfer,nicely to send it back this is an unacceptable response for such a large amount
10001646,Savings Account,my marcus savings with goldman sachs was accessed by someone who changed my contact information and attempted to transfer out of my account when i reported this goldman sachs took weeks to investigate and temporarily restricted my access i am concerned about the security of their online banking
10001646,Savings Account,about the security of their online banking platform and how this person gained access
10000694,Credit Card,i have been a loyal discover it cardholder with discover for over years recently i noticed my interest rate was increased from to without adequate explanation i have excellent payment history and no late payments other companies are offering much lower rates i am considering closing this account if
10000694,Credit Card,rates i am considering closing this account if the rate is not adjusted
10001616,Savings Account,i opened a synchrony savings with synchrony because they advertised a apy after three months the rate was quietly dropped to without notification when i called they said the promotional rate had expired but this was never clearly communicated at account opening i moved into this account specifically
10001616,Savings Account,opening i moved into this account specifically for the higher rate
10001235,Savings Account,my ally savings with chase was accessed by someone who changed my contact information and attempted to transfer out of my account when i reported this chase took weeks to investigate and temporarily restricted my access i am concerned about the security of their online banking platform and how this
10001235,Savings Account,of their online banking platform and how this person gained access
10001212,Savings Account,ally bank closed my ally savings account without warning citing business reasons i had in the account and it took weeks to receive a cashiers check no explanation was ever provided for the closure i have been a customer for years with no suspicious activity on the account
10000679,Credit Card,the rewards program on my capital one venture card was changed without notice chase devalued the points by nearly making the annual fee of no longer worth it i specifically chose this card for its rewards structure and feel this is a baitandswitch tactic longtime customers should be grandfathered
10000679,Credit Card,tactic longtime customers should be grandfathered into the original rewards program
10000030,Credit Card,the rewards program on my discover it card was changed without notice discover devalued the points by nearly making the annual fee of no longer worth it i specifically chose this card for its rewards structure and feel this is a baitandswitch tactic longtime customers should be grandfathered into
10000030,Credit Card,longtime customers should be grandfathered into the original rewards program
10001423,Savings Account,i opened a ally savings with synchrony because they advertised a apy after three months the rate was quietly dropped to without notification when i called they said the promotional rate had expired but this was never clearly communicated at account opening i moved into this account specifically for
10001423,Savings Account,i moved into this account specifically for the higher rate
10001221,Savings Account,i opened a chase savings with ally bank because they advertised a apy after three months the rate was quietly dropped to without notification when i called they said the promotional rate had expired but this was never clearly communicated at account opening i moved into this account specifically for
10001221,Savings Account,i moved into this account specifically for the higher rate
10001081,Personal Loan,i have been making regular payments on my sofi personal loan from prosper for months last month they claimed they did not receive my payment even though my bank shows it was debited they charged me a late fee and reported a missed payment to the credit bureaus dropping my score by points i need this
10001081,Personal Loan,bureaus dropping my score by points i need this corrected immediately
10001118,Personal Loan,lendingclub sold my marcus loan loan to a thirdparty debt collector without notifying me the collector is now adding additional fees and interest that were not part of my original agreement they call me times per day including on weekends and have been rude and threatening this is harassment and a
10001118,Personal Loan,rude and threatening this is harassment and a violation of fair debt collection practices
10001986,Money Transfer,i sent via venmo through venmo to pay my landlord the money was deducted from my account but never received by the recipient it has been weeks and venmo has not been able to locate the funds or provide a refund i am now at risk of eviction because my rent appears unpaid
10001667,Savings Account,my discover savings with discover was accessed by someone who changed my contact information and attempted to transfer out of my account when i reported this discover took weeks to investigate and temporarily restricted my access i am concerned about the security of their online banking platform and
10001667,Savings Account,the security of their online banking platform and how this person gained access
10001331,Savings Account,chase closed my ally savings account without warning citing business reasons i had in the account and it took weeks to receive a cashiers check no explanation was ever provided for the closure i have been a customer for years with no suspicious activity on the account
10000433,Credit Card,my capital one venture card from american express suddenly had its credit limit reduced from to without any prior notification i have never missed a payment and my credit score is above when i called to ask why the representative could not give me a clear answer this reduction has negatively
10000433,Credit Card,me a clear answer this reduction has negatively affected my credit utilization ratio and dropped my score by points
10000941,Personal Loan,i took out a personal loan of with sofi through their prosper loan program the advertised rate was but after approval i was given the terms were buried in fine print and the loan officer rushed me through the signing process i am now paying per month which is more than what was originally quoted
10000760,Credit Card,my chase sapphire card from citibank suddenly had its credit limit reduced from to without any prior notification i have never missed a payment and my credit score is above when i called to ask why the representative could not give me a clear answer this reduction has negatively affected my credit
10000760,Credit Card,this reduction has negatively affected my credit utilization ratio and dropped my score by points
10001055,Personal Loan,i tried to make an extra payment on my lendingclub loan from prosper to pay down the principal faster their system automatically applied it to future payments instead of the principal balance after calling times each representative gave me different instructions i am paying more interest than
10001055,Personal Loan,instructions i am paying more interest than necessary because they will not properly apply my payments
10000462,Credit Card,i have been a loyal capital one venture cardholder with capital one for over years recently i noticed my interest rate was increased from to without adequate explanation i have excellent payment history and no late payments other companies are offering much lower rates i am considering closing this
10000462,Credit Card,much lower rates i am considering closing this account if the rate is not adjusted
10001984,Money Transfer,western union charged me a fee for a wire transfer transfer that was advertised as free the fee was hidden in the exchange rate markup and only visible after carefully comparing the rates the actual exchange rate applied was worse than the market rate this is deceptive and the total hidden cost was
10000730,Credit Card,i have been a loyal discover it cardholder with american express for over years recently i noticed my interest rate was increased from to without adequate explanation i have excellent payment history and no late payments other companies are offering much lower rates i am considering closing this
10000730,Credit Card,much lower rates i am considering closing this account if the rate is not adjusted
10001935,Money Transfer,venmo charged me a fee for a paypal transfer that was advertised as free the fee was hidden in the exchange rate markup and only visible after carefully comparing the rates the actual exchange rate applied was worse than the market rate this is deceptive and the total hidden cost was
10000964,Personal Loan,upstart sold my upstart loan loan to a thirdparty debt collector without notifying me the collector is now adding additional fees and interest that were not part of my original agreement they call me times per day including on weekends and have been rude and threatening this is harassment and a
10000964,Personal Loan,rude and threatening this is harassment and a violation of fair debt collection practices
10002096,Money Transfer,i was contacted by someone claiming to be from my banks fraud department they convinced me to send via paypal to secure my account i later realized this was a scam and immediately contacted venmo they refused to reverse the transaction saying paypal transfers are final i believe venmo should have
10002096,Money Transfer,transfers are final i believe venmo should have better fraud protection mechanisms
10001084,Personal Loan,upstart sold my lendingclub loan loan to a thirdparty debt collector without notifying me the collector is now adding additional fees and interest that were not part of my original agreement they call me times per day including on weekends and have been rude and threatening this is harassment and a
10001084,Personal Loan,rude and threatening this is harassment and a violation of fair debt collection practices
10001952,Money Transfer,my account was frozen by zelle after i made a venmo transfer of they claimed the transaction was flagged for suspicious activity but i was simply sending money to my family overseas which i do every month it took weeks to get my account unfrozen and i had to provide extensive documentation including
10001952,Money Transfer,had to provide extensive documentation including pay stubs and tax returns
10001436,Savings Account,i tried to withdraw from my ally savings at discover and was told my account was frozen pending a security review no one informed me of any issues beforehand i had bills due and no access to my own money for weeks the customer service was unhelpful and could not tell me when the review would be
10001436,Savings Account,and could not tell me when the review would be completed
10001969,Money Transfer,my account was frozen by venmo after i made a venmo transfer of they claimed the transaction was flagged for suspicious activity but i was simply sending money to my family overseas which i do every month it took weeks to get my account unfrozen and i had to provide extensive documentation including
10001969,Money Transfer,had to provide extensive documentation including pay stubs and tax returns
10002234,Money Transfer,i initiated an international transfer of through western unions paypal service the estimated delivery was days but after weeks the money has still not arrived each time i call they say it is being processed meanwhile the exchange rate has changed significantly costing me an additional in value
10001707,Savings Account,chase closed my marcus savings account without warning citing business reasons i had in the account and it took weeks to receive a cashiers check no explanation was ever provided for the closure i have been a customer for years with no suspicious activity on the account
10000112,Credit Card,the rewards program on my capital one venture card was changed without notice american express devalued the points by nearly making the annual fee of no longer worth it i specifically chose this card for its rewards structure and feel this is a baitandswitch tactic longtime customers should be
10000112,Credit Card,baitandswitch tactic longtime customers should be grandfathered into the original rewards program
10001294,Savings Account,discover charged me a monthly maintenance fee on my chase savings that was supposed to be free when i called to dispute they said i did not maintain the minimum balance of even though my statements show i was always above that threshold i want all fees refunded and a guarantee this will not happen
10001294,Savings Account,refunded and a guarantee this will not happen again
10000252,Credit Card,my citi double cash card from capital one suddenly had its credit limit reduced from to without any prior notification i have never missed a payment and my credit score is above when i called to ask why the representative could not give me a clear answer this reduction has negatively affected my
10000252,Credit Card,answer this reduction has negatively affected my credit utilization ratio and dropped my score by points
10000917,Personal Loan,upstart sold my upstart loan loan to a thirdparty debt collector without notifying me the collector is now adding additional fees and interest that were not part of my original agreement they call me times per day including on weekends and have been rude and threatening this is harassment and a
10000917,Personal Loan,rude and threatening this is harassment and a violation of fair debt collection practices
10000230,Credit Card,i noticed a charge of on my discover it statement from i did not authorize this transaction and have been trying to resolve it with discover for weeks they keep transferring me between departments and no one takes responsibility i have provided documentation proving i was not at the merchant
10000230,Credit Card,documentation proving i was not at the merchant location this is extremely frustrating and i need this resolved immediately
10000600,Credit Card,capital one charged me a late fee on my capital one venture card even though i made my payment on time my bank records show the payment was initiated days before the due date when i called to dispute they said the payment was received one day late due to processing time this is unacceptable i should
10000600,Credit Card,to processing time this is unacceptable i should not be penalized for their slow processing system
10000291,Credit Card,my discover it card from discover suddenly had its credit limit reduced from to without any prior notification i have never missed a payment and my credit score is above when i called to ask why the representative could not give me a clear answer this reduction has negatively affected my credit
10000291,Credit Card,this reduction has negatively affected my credit utilization ratio and dropped my score by points
10000423,Credit Card,capital one charged me a late fee on my capital one venture card even though i made my payment on time my bank records show the payment was initiated days before the due date when i called to dispute they said the payment was received one day late due to processing time this is unacceptable i should
10000423,Credit Card,to processing time this is unacceptable i should not be penalized for their slow processing system
10001365,Savings Account,chase closed my chase savings account without warning citing business reasons i had in the account and it took weeks to receive a cashiers check no explanation was ever provided for the closure i have been a customer for years with no suspicious activity on the account
10002130,Money Transfer,i accidentally sent to the wrong person through paypal via paypal i realized the error within minutes and immediately contacted them to cancel they said the transaction was already completed and they cannot reverse it they suggested i ask the recipient nicely to send it back this is an unacceptable
10002130,Money Transfer,nicely to send it back this is an unacceptable response for such a large amount
10001621,Savings Account,i have been trying to reach ally banks customer service about an issue with my discover savings for weeks wait times exceed minutes and i have been disconnected times after waiting when i finally got through the representative could not resolve my issue and told me to call back this level of service
10001621,Savings Account,and told me to call back this level of service is completely unacceptable for a bank holding my savings
10002074,Money Transfer,i was contacted by someone claiming to be from my banks fraud department they convinced me to send via western union to secure my account i later realized this was a scam and immediately contacted zelle they refused to reverse the transaction saying western union transfers are final i believe zelle
10002074,Money Transfer,western union transfers are final i believe zelle should have better fraud protection mechanisms
10000135,Credit Card,someone made fraudulent purchases on my chase sapphire card totaling i reported this to american express immediately and they opened an investigation after weeks they denied my fraud claim saying the transactions appeared legitimate i have filed a police report and have evidence that i was in a
10000135,Credit Card,a police report and have evidence that i was in a different state when these transactions occurred
10001615,Savings Account,i opened a marcus savings with goldman sachs because they advertised a apy after three months the rate was quietly dropped to without notification when i called they said the promotional rate had expired but this was never clearly communicated at account opening i moved into this account
10001615,Savings Account,at account opening i moved into this account specifically for the higher rate
10000611,Credit Card,the rewards program on my discover it card was changed without notice chase devalued the points by nearly making the annual fee of no longer worth it i specifically chose this card for its rewards structure and feel this is a baitandswitch tactic longtime customers should be grandfathered into the
10000611,Credit Card,customers should be grandfathered into the original rewards program
10002071,Money Transfer,i initiated an international transfer of through western unions zelle service the estimated delivery was days but after weeks the money has still not arrived each time i call they say it is being processed meanwhile the exchange rate has changed significantly costing me an additional in value
10000197,Credit Card,i applied for the citi double cash card specifically for the point signup bonus i met all the spending requirements within the specified timeframe but american express has refused to credit my bonus points i have called times over the past months and each representative tells me something different
10000197,Credit Card,each representative tells me something different i have all receipts and statements showing i qualified
10000322,Credit Card,i applied for the chase sapphire card specifically for the point signup bonus i met all the spending requirements within the specified timeframe but american express has refused to credit my bonus points i have called times over the past months and each representative tells me something different i
10000322,Credit Card,representative tells me something different i have all receipts and statements showing i qualified
10001367,Savings Account,chase closed my discover savings account without warning citing business reasons i had in the account and it took weeks to receive a cashiers check no explanation was ever provided for the closure i have been a customer for years with no suspicious activity on the account
10000479,Credit Card,my chase sapphire card from chase suddenly had its credit limit reduced from to without any prior notification i have never missed a payment and my credit score is above when i called to ask why the representative could not give me a clear answer this reduction has negatively affected my credit
10000479,Credit Card,this reduction has negatively affected my credit utilization ratio and dropped my score by points
10001737,Savings Account,i opened a marcus savings with discover because they advertised a apy after three months the rate was quietly dropped to without notification when i called they said the promotional rate had expired but this was never clearly communicated at account opening i moved into this account specifically for
10001737,Savings Account,i moved into this account specifically for the higher rate
10000219,Credit Card,the rewards program on my discover it card was changed without notice discover devalued the points by nearly making the annual fee of no longer worth it i specifically chose this card for its rewards structure and feel this is a baitandswitch tactic longtime customers should be grandfathered into
10000219,Credit Card,longtime customers should be grandfathered into the original rewards program
10000101,Credit Card,i noticed a charge of on my discover it statement from i did not authorize this transaction and have been trying to resolve it with chase for weeks they keep transferring me between departments and no one takes responsibility i have provided documentation proving i was not at the merchant location
10000101,Credit Card,proving i was not at the merchant location this is extremely frustrating and i need this resolved immediately
10002004,Money Transfer,i initiated an international transfer of through western unions zelle service the estimated delivery was days but after weeks the money has still not arrived each time i call they say it is being processed meanwhile the exchange rate has changed significantly costing me an additional in value
10000424,Credit Card,i applied for the amex gold card specifically for the point signup bonus i met all the spending requirements within the specified timeframe but citibank has refused to credit my bonus points i have called times over the past months and each representative tells me something different i have all
10000424,Credit Card,tells me something different i have all receipts and statements showing i qualified
10000057,Credit Card,i noticed a charge of on my chase sapphire statement from i did not authorize this transaction and have been trying to resolve it with citibank for weeks they keep transferring me between departments and no one takes responsibility i have provided documentation proving i was not at the merchant
10000057,Credit Card,documentation proving i was not at the merchant location this is extremely frustrating and i need this resolved immediately
10000977,Personal Loan,the total cost of my marcus loan from upstart ended up being which is nearly times the original loan amount of the interest rate of combined with various processing fees and insurance charges that were added without my clear consent have made this loan predatory in my opinion
10000591,Credit Card,the rewards program on my chase sapphire card was changed without notice discover devalued the points by nearly making the annual fee of no longer worth it i specifically chose this card for its rewards structure and feel this is a baitandswitch tactic longtime customers should be grandfathered into
10000591,Credit Card,longtime customers should be grandfathered into the original rewards program
10001469,Savings Account,synchrony closed my discover savings account without warning citing business reasons i had in the account and it took weeks to receive a cashiers check no explanation was ever provided for the closure i have been a customer for years with no suspicious activity on the account
10001806,Savings Account,i opened a marcus savings with ally bank because they advertised a apy after three months the rate was quietly dropped to without notification when i called they said the promotional rate had expired but this was never clearly communicated at account opening i moved into this account specifically
10001806,Savings Account,opening i moved into this account specifically for the higher rate
10001910,Money Transfer,my account was frozen by venmo after i made a wire transfer transfer of they claimed the transaction was flagged for suspicious activity but i was simply sending money to my family overseas which i do every month it took weeks to get my account unfrozen and i had to provide extensive documentation
10001910,Money Transfer,and i had to provide extensive documentation including pay stubs and tax returns
10000756,Credit Card,i have been a loyal chase sapphire cardholder with citibank for over years recently i noticed my interest rate was increased from to without adequate explanation i have excellent payment history and no late payments other companies are offering much lower rates i am considering closing this account
10000756,Credit Card,lower rates i am considering closing this account if the rate is not adjusted
10000989,Personal Loan,i have been making regular payments on my upstart loan from prosper for months last month they claimed they did not receive my payment even though my bank shows it was debited they charged me a late fee and reported a missed payment to the credit bureaus dropping my score by points i need this
10000989,Personal Loan,bureaus dropping my score by points i need this corrected immediately
10001548,Savings Account,i tried to withdraw from my discover savings at ally bank and was told my account was frozen pending a security review no one informed me of any issues beforehand i had bills due and no access to my own money for weeks the customer service was unhelpful and could not tell me when the review would be
10001548,Savings Account,and could not tell me when the review would be completed
10001303,Savings Account,synchrony closed my marcus savings account without warning citing business reasons i had in the account and it took weeks to receive a cashiers check no explanation was ever provided for the closure i have been a customer for years with no suspicious activity on the account
10000415,Credit Card,someone made fraudulent purchases on my capital one venture card totaling i reported this to american express immediately and they opened an investigation after weeks they denied my fraud claim saying the transactions appeared legitimate i have filed a police report and have evidence that i was in a
10000415,Credit Card,a police report and have evidence that i was in a different state when these transactions occurred
10001308,Savings Account,goldman sachs closed my ally savings account without warning citing business reasons i had in the account and it took weeks to receive a cashiers check no explanation was ever provided for the closure i have been a customer for years with no suspicious activity on the account
10001076,Personal Loan,the total cost of my prosper loan from lendingclub ended up being which is nearly times the original loan amount of the interest rate of combined with various processing fees and insurance charges that were added without my clear consent have made this loan predatory in my opinion
10001333,Savings Account,i tried to withdraw from my marcus savings at ally bank and was told my account was frozen pending a security review no one informed me of any issues beforehand i had bills due and no access to my own money for weeks the customer service was unhelpful and could not tell me when the review would be
10001333,Savings Account,and could not tell me when the review would be completed
10001692,Savings Account,i have been trying to reach ally banks customer service about an issue with my marcus savings for weeks wait times exceed minutes and i have been disconnected times after waiting when i finally got through the representative could not resolve my issue and told me to call back this level of service
10001692,Savings Account,and told me to call back this level of service is completely unacceptable for a bank holding my savings
10002030,Money Transfer,i accidentally sent to the wrong person through western union via bank of america i realized the error within minutes and immediately contacted them to cancel they said the transaction was already completed and they cannot reverse it they suggested i ask the recipient nicely to send it back this is
10002030,Money Transfer,ask the recipient nicely to send it back this is an unacceptable response for such a large amount
10001172,Personal Loan,i have been making regular payments on my upstart loan from upstart for months last month they claimed they did not receive my payment even though my bank shows it was debited they charged me a late fee and reported a missed payment to the credit bureaus dropping my score by points i need this
10001172,Personal Loan,bureaus dropping my score by points i need this corrected immediately
10001279,Savings Account,i have been trying to reach ally banks customer service about an issue with my ally savings for weeks wait times exceed minutes and i have been disconnected times after waiting when i finally got through the representative could not resolve my issue and told me to call back this level of service is
10001279,Savings Account,and told me to call back this level of service is completely unacceptable for a bank holding my savings
10000248,Credit Card,capital one charged me a late fee on my discover it card even though i made my payment on time my bank records show the payment was initiated days before the due date when i called to dispute they said the payment was received one day late due to processing time this is unacceptable i should not be
10000248,Credit Card,time this is unacceptable i should not be penalized for their slow processing system
10000974,Personal Loan,i took out a personal loan of with sofi through their marcus loan program the advertised rate was but after approval i was given the terms were buried in fine print and the loan officer rushed me through the signing process i am now paying per month which is more than what was originally quoted
10001904,Money Transfer,i was contacted by someone claiming to be from my banks fraud department they convinced me to send via venmo to secure my account i later realized this was a scam and immediately contacted bank of america they refused to reverse the transaction saying venmo transfers are final i believe bank of
10001904,Money Transfer,venmo transfers are final i believe bank of america should have better fraud protection mechanisms
10001002,Personal Loan,i took out a personal loan of with prosper through their sofi personal loan program the advertised rate was but after approval i was given the terms were buried in fine print and the loan officer rushed me through the signing process i am now paying per month which is more than what was originally
10001002,Personal Loan,per month which is more than what was originally quoted
10000486,Credit Card,the rewards program on my amex gold card was changed without notice american express devalued the points by nearly making the annual fee of no longer worth it i specifically chose this card for its rewards structure and feel this is a baitandswitch tactic longtime customers should be grandfathered
10000486,Credit Card,tactic longtime customers should be grandfathered into the original rewards program
10000097,Credit Card,the rewards program on my chase sapphire card was changed without notice citibank devalued the points by nearly making the annual fee of no longer worth it i specifically chose this card for its rewards structure and feel this is a baitandswitch tactic longtime customers should be grandfathered into
10000097,Credit Card,longtime customers should be grandfathered into the original rewards program
10001570,Savings Account,i have been trying to reach discovers customer service about an issue with my ally savings for weeks wait times exceed minutes and i have been disconnected times after waiting when i finally got through the representative could not resolve my issue and told me to call back this level of service is
10001570,Savings Account,and told me to call back this level of service is completely unacceptable for a bank holding my savings
10000180,Credit Card,someone made fraudulent purchases on my discover it card totaling i reported this to chase immediately and they opened an investigation after weeks they denied my fraud claim saying the transactions appeared legitimate i have filed a police report and have evidence that i was in a different state
10000180,Credit Card,and have evidence that i was in a different state when these transactions occurred
10001112,Personal Loan,i applied for a upstart loan with prosper and was denied despite having a credit score of and a stable income of per year the denial letter was vague citing insufficient credit history i have years of credit history with no delinquencies i believe this decision was made unfairly and request a proper
10001112,Personal Loan,decision was made unfairly and request a proper review
10001801,Savings Account,i have been trying to reach goldman sachss customer service about an issue with my discover savings for weeks wait times exceed minutes and i have been disconnected times after waiting when i finally got through the representative could not resolve my issue and told me to call back this level of
10001801,Savings Account,my issue and told me to call back this level of service is completely unacceptable for a bank holding my savings
10002259,Money Transfer,i accidentally sent to the wrong person through paypal via venmo i realized the error within minutes and immediately contacted them to cancel they said the transaction was already completed and they cannot reverse it they suggested i ask the recipient nicely to send it back this is an unacceptable
10002259,Money Transfer,nicely to send it back this is an unacceptable response for such a large amount
10001324,Savings Account,discover closed my synchrony savings account without warning citing business reasons i had in the account and it took weeks to receive a cashiers check no explanation was ever provided for the closure i have been a customer for years with no suspicious activity on the account
10000890,Personal Loan,i tried to make an extra payment on my upstart loan from upstart to pay down the principal faster their system automatically applied it to future payments instead of the principal balance after calling times each representative gave me different instructions i am paying more interest than necessary
10000890,Personal Loan,i am paying more interest than necessary because they will not properly apply my payments
10000255,Credit Card,capital one charged me a late fee on my amex gold card even though i made my payment on time my bank records show the payment was initiated days before the due date when i called to dispute they said the payment was received one day late due to processing time this is unacceptable i should not be
10000255,Credit Card,time this is unacceptable i should not be penalized for their slow processing system
10001547,Savings Account,synchrony closed my marcus savings account without warning citing business reasons i had in the account and it took weeks to receive a cashiers check no explanation was ever provided for the closure i have been a customer for years with no suspicious activity on the account
10001690,Savings Account,i have been trying to reach synchronys customer service about an issue with my chase savings for weeks wait times exceed minutes and i have been disconnected times after waiting when i finally got through the representative could not resolve my issue and told me to call back this level of service is
10001690,Savings Account,and told me to call back this level of service is completely unacceptable for a bank holding my savings
10000446,Credit Card,i noticed a charge of on my amex gold statement from i did not authorize this transaction and have been trying to resolve it with citibank for weeks they keep transferring me between departments and no one takes responsibility i have provided documentation proving i was not at the merchant location
10000446,Credit Card,proving i was not at the merchant location this is extremely frustrating and i need this resolved immediately
10000436,Credit Card,i applied for the discover it card specifically for the point signup bonus i met all the spending requirements within the specified timeframe but american express has refused to credit my bonus points i have called times over the past months and each representative tells me something different i
10000436,Credit Card,representative tells me something different i have all receipts and statements showing i qualified
10001954,Money Transfer,my account was frozen by venmo after i made a western union transfer of they claimed the transaction was flagged for suspicious activity but i was simply sending money to my family overseas which i do every month it took weeks to get my account unfrozen and i had to provide extensive documentation
10001954,Money Transfer,and i had to provide extensive documentation including pay stubs and tax returns
10001676,Savings Account,ally bank closed my synchrony savings account without warning citing business reasons i had in the account and it took weeks to receive a cashiers check no explanation was ever provided for the closure i have been a customer for years with no suspicious activity on the account
10001678,Savings Account,goldman sachs closed my marcus savings account without warning citing business reasons i had in the account and it took weeks to receive a cashiers check no explanation was ever provided for the closure i have been a customer for years with no suspicious activity on the account
10000631,Credit Card,i noticed a charge of on my citi double cash statement from i did not authorize this transaction and have been trying to resolve it with discover for weeks they keep transferring me between departments and no one takes responsibility i have provided documentation proving i was not at the merchant
10000631,Credit Card,documentation proving i was not at the merchant location this is extremely frustrating and i need this resolved immediately
10001608,Savings Account,ally bank charged me a monthly maintenance fee on my synchrony savings that was supposed to be free when i called to dispute they said i did not maintain the minimum balance of even though my statements show i was always above that threshold i want all fees refunded and a guarantee this will not
10001608,Savings Account,all fees refunded and a guarantee this will not happen again
10000473,Credit Card,someone made fraudulent purchases on my amex gold card totaling i reported this to discover immediately and they opened an investigation after weeks they denied my fraud claim saying the transactions appeared legitimate i have filed a police report and have evidence that i was in a different state
10000473,Credit Card,and have evidence that i was in a different state when these transactions occurred
10002233,Money Transfer,i was contacted by someone claiming to be from my banks fraud department they convinced me to send via western union to secure my account i later realized this was a scam and immediately contacted venmo they refused to reverse the transaction saying western union transfers are final i believe venmo
10002233,Money Transfer,western union transfers are final i believe venmo should have better fraud protection mechanisms
10001685,Savings Account,i have been trying to reach chases customer service about an issue with my marcus savings for weeks wait times exceed minutes and i have been disconnected times after waiting when i finally got through the representative could not resolve my issue and told me to call back this level of service is
10001685,Savings Account,and told me to call back this level of service is completely unacceptable for a bank holding my savings
10002094,Money Transfer,i was contacted by someone claiming to be from my banks fraud department they convinced me to send via zelle to secure my account i later realized this was a scam and immediately contacted venmo they refused to reverse the transaction saying zelle transfers are final i believe venmo should have
10002094,Money Transfer,transfers are final i believe venmo should have better fraud protection mechanisms
10000565,Credit Card,chase charged me a late fee on my amex gold card even though i made my payment on time my bank records show the payment was initiated days before the due date when i called to dispute they said the payment was received one day late due to processing time this is unacceptable i should not be
10000565,Credit Card,time this is unacceptable i should not be penalized for their slow processing system
10000529,Credit Card,the rewards program on my citi double cash card was changed without notice discover devalued the points by nearly making the annual fee of no longer worth it i specifically chose this card for its rewards structure and feel this is a baitandswitch tactic longtime customers should be grandfathered
10000529,Credit Card,tactic longtime customers should be grandfathered into the original rewards program
10001740,Savings Account,i opened a marcus savings with goldman sachs because they advertised a apy after three months the rate was quietly dropped to without notification when i called they said the promotional rate had expired but this was never clearly communicated at account opening i moved into this account
10001740,Savings Account,at account opening i moved into this account specifically for the higher rate
10001656,Savings Account,ally bank closed my synchrony savings account without warning citing business reasons i had in the account and it took weeks to receive a cashiers check no explanation was ever provided for the closure i have been a customer for years with no suspicious activity on the account
10000280,Credit Card,the rewards program on my citi double cash card was changed without notice citibank devalued the points by nearly making the annual fee of no longer worth it i specifically chose this card for its rewards structure and feel this is a baitandswitch tactic longtime customers should be grandfathered
10000280,Credit Card,tactic longtime customers should be grandfathered into the original rewards program
10000308,Credit Card,i have been a loyal amex gold cardholder with american express for over years recently i noticed my interest rate was increased from to without adequate explanation i have excellent payment history and no late payments other companies are offering much lower rates i am considering closing this
10000308,Credit Card,much lower rates i am considering closing this account if the rate is not adjusted
10001899,Money Transfer,my account was frozen by zelle after i made a western union transfer of they claimed the transaction was flagged for suspicious activity but i was simply sending money to my family overseas which i do every month it took weeks to get my account unfrozen and i had to provide extensive documentation
10001899,Money Transfer,and i had to provide extensive documentation including pay stubs and tax returns
10001460,Savings Account,goldman sachs charged me a monthly maintenance fee on my marcus savings that was supposed to be free when i called to dispute they said i did not maintain the minimum balance of even though my statements show i was always above that threshold i want all fees refunded and a guarantee this will not
10001460,Savings Account,all fees refunded and a guarantee this will not happen again
10002097,Money Transfer,i accidentally sent to the wrong person through zelle via bank of america i realized the error within minutes and immediately contacted them to cancel they said the transaction was already completed and they cannot reverse it they suggested i ask the recipient nicely to send it back this is an
10002097,Money Transfer,the recipient nicely to send it back this is an unacceptable response for such a large amount
10000745,Credit Card,chase charged me a late fee on my discover it card even though i made my payment on time my bank records show the payment was initiated days before the due date when i called to dispute they said the payment was received one day late due to processing time this is unacceptable i should not be
10000745,Credit Card,time this is unacceptable i should not be penalized for their slow processing system
10002107,Money Transfer,paypal charged me a fee for a zelle transfer that was advertised as free the fee was hidden in the exchange rate markup and only visible after carefully comparing the rates the actual exchange rate applied was worse than the market rate this is deceptive and the total hidden cost was
10001174,Personal Loan,i took out a personal loan of with sofi through their upstart loan program the advertised rate was but after approval i was given the terms were buried in fine print and the loan officer rushed me through the signing process i am now paying per month which is more than what was originally quoted
10000789,Credit Card,discover charged me a late fee on my discover it card even though i made my payment on time my bank records show the payment was initiated days before the due date when i called to dispute they said the payment was received one day late due to processing time this is unacceptable i should not be
10000789,Credit Card,time this is unacceptable i should not be penalized for their slow processing system
10002174,Money Transfer,i initiated an international transfer of through bank of americas zelle service the estimated delivery was days but after weeks the money has still not arrived each time i call they say it is being processed meanwhile the exchange rate has changed significantly costing me an additional in value
10002201,Money Transfer,my account was frozen by zelle after i made a venmo transfer of they claimed the transaction was flagged for suspicious activity but i was simply sending money to my family overseas which i do every month it took weeks to get my account unfrozen and i had to provide extensive documentation including
10002201,Money Transfer,had to provide extensive documentation including pay stubs and tax returns
10000509,Credit Card,someone made fraudulent purchases on my citi double cash card totaling i reported this to chase immediately and they opened an investigation after weeks they denied my fraud claim saying the transactions appeared legitimate i have filed a police report and have evidence that i was in a different
10000509,Credit Card,and have evidence that i was in a different state when these transactions occurred
10000409,Credit Card,my amex gold card from citibank suddenly had its credit limit reduced from to without any prior notification i have never missed a payment and my credit score is above when i called to ask why the representative could not give me a clear answer this reduction has negatively affected my credit
10000409,Credit Card,this reduction has negatively affected my credit utilization ratio and dropped my score by points
10001233,Savings Account,my discover savings with ally bank was accessed by someone who changed my contact information and attempted to transfer out of my account when i reported this ally bank took weeks to investigate and temporarily restricted my access i am concerned about the security of their online banking platform
10001233,Savings Account,the security of their online banking platform and how this person gained access
10001403,Savings Account,synchrony charged me a monthly maintenance fee on my chase savings that was supposed to be free when i called to dispute they said i did not maintain the minimum balance of even though my statements show i was always above that threshold i want all fees refunded and a guarantee this will not happen
10001403,Savings Account,refunded and a guarantee this will not happen again
10000071,Credit Card,i have been a loyal amex gold cardholder with citibank for over years recently i noticed my interest rate was increased from to without adequate explanation i have excellent payment history and no late payments other companies are offering much lower rates i am considering closing this account if
10000071,Credit Card,rates i am considering closing this account if the rate is not adjusted
10000189,Credit Card,i applied for the capital one venture card specifically for the point signup bonus i met all the spending requirements within the specified timeframe but discover has refused to credit my bonus points i have called times over the past months and each representative tells me something different i
10000189,Credit Card,representative tells me something different i have all receipts and statements showing i qualified
10000439,Credit Card,i have been a loyal chase sapphire cardholder with citibank for over years recently i noticed my interest rate was increased from to without adequate explanation i have excellent payment history and no late payments other companies are offering much lower rates i am considering closing this account
10000439,Credit Card,lower rates i am considering closing this account if the rate is not adjusted
10000304,Credit Card,my discover it card from citibank suddenly had its credit limit reduced from to without any prior notification i have never missed a payment and my credit score is above when i called to ask why the representative could not give me a clear answer this reduction has negatively affected my credit
10000304,Credit Card,this reduction has negatively affected my credit utilization ratio and dropped my score by points
10001720,Savings Account,i opened a chase savings with goldman sachs because they advertised a apy after three months the rate was quietly dropped to without notification when i called they said the promotional rate had expired but this was never clearly communicated at account opening i moved into this account specifically
10001720,Savings Account,opening i moved into this account specifically for the higher rate
10001905,Money Transfer,my account was frozen by zelle after i made a paypal transfer of they claimed the transaction was flagged for suspicious activity but i was simply sending money to my family overseas which i do every month it took weeks to get my account unfrozen and i had to provide extensive documentation
10001905,Money Transfer,and i had to provide extensive documentation including pay stubs and tax returns
10002043,Money Transfer,i accidentally sent to the wrong person through paypal via bank of america i realized the error within minutes and immediately contacted them to cancel they said the transaction was already completed and they cannot reverse it they suggested i ask the recipient nicely to send it back this is an
10002043,Money Transfer,the recipient nicely to send it back this is an unacceptable response for such a large amount
10001886,Money Transfer,my account was frozen by zelle after i made a western union transfer of they claimed the transaction was flagged for suspicious activity but i was simply sending money to my family overseas which i do every month it took weeks to get my account unfrozen and i had to provide extensive documentation
10001886,Money Transfer,and i had to provide extensive documentation including pay stubs and tax returns
10000260,Credit Card,i noticed a charge of on my amex gold statement from i did not authorize this transaction and have been trying to resolve it with capital one for weeks they keep transferring me between departments and no one takes responsibility i have provided documentation proving i was not at the merchant
10000260,Credit Card,documentation proving i was not at the merchant location this is extremely frustrating and i need this resolved immediately
10001448,Savings Account,i have been trying to reach ally banks customer service about an issue with my chase savings for weeks wait times exceed minutes and i have been disconnected times after waiting when i finally got through the representative could not resolve my issue and told me to call back this level of service is
10001448,Savings Account,and told me to call back this level of service is completely unacceptable for a bank holding my savings
10001756,Savings Account,chase charged me a monthly maintenance fee on my discover savings that was supposed to be free when i called to dispute they said i did not maintain the minimum balance of even though my statements show i was always above that threshold i want all fees refunded and a guarantee this will not happen
10001756,Savings Account,refunded and a guarantee this will not happen again
10001666,Savings Account,chase closed my chase savings account without warning citing business reasons i had in the account and it took weeks to receive a cashiers check no explanation was ever provided for the closure i have been a customer for years with no suspicious activity on the account
10001655,Savings Account,discover charged me a monthly maintenance fee on my synchrony savings that was supposed to be free when i called to dispute they said i did not maintain the minimum balance of even though my statements show i was always above that threshold i want all fees refunded and a guarantee this will not
10001655,Savings Account,all fees refunded and a guarantee this will not happen again
10002163,Money Transfer,my account was frozen by zelle after i made a wire transfer transfer of they claimed the transaction was flagged for suspicious activity but i was simply sending money to my family overseas which i do every month it took weeks to get my account unfrozen and i had to provide extensive documentation
10002163,Money Transfer,and i had to provide extensive documentation including pay stubs and tax returns
10000158,Credit Card,someone made fraudulent purchases on my capital one venture card totaling i reported this to capital one immediately and they opened an investigation after weeks they denied my fraud claim saying the transactions appeared legitimate i have filed a police report and have evidence that i was in a
10000158,Credit Card,a police report and have evidence that i was in a different state when these transactions occurred
10002046,Money Transfer,venmo charged me a fee for a zelle transfer that was advertised as free the fee was hidden in the exchange rate markup and only visible after carefully comparing the rates the actual exchange rate applied was worse than the market rate this is deceptive and the total hidden cost was
10000530,Credit Card,i applied for the discover it card specifically for the point signup bonus i met all the spending requirements within the specified timeframe but citibank has refused to credit my bonus points i have called times over the past months and each representative tells me something different i have all
10000530,Credit Card,tells me something different i have all receipts and statements showing i qualified
10001747,Savings Account,synchrony closed my synchrony savings account without warning citing business reasons i had in the account and it took weeks to receive a cashiers check no explanation was ever provided for the closure i have been a customer for years with no suspicious activity on the account
10000708,Credit Card,i noticed a charge of on my chase sapphire statement from i did not authorize this transaction and have been trying to resolve it with american express for weeks they keep transferring me between departments and no one takes responsibility i have provided documentation proving i was not at the
10000708,Credit Card,provided documentation proving i was not at the merchant location this is extremely frustrating and i need this resolved immediately
10000421,Credit Card,american express charged me a late fee on my citi double cash card even though i made my payment on time my bank records show the payment was initiated days before the due date when i called to dispute they said the payment was received one day late due to processing time this is unacceptable i
10000421,Credit Card,due to processing time this is unacceptable i should not be penalized for their slow processing system
10002195,Money Transfer,my account was frozen by paypal after i made a western union transfer of they claimed the transaction was flagged for suspicious activity but i was simply sending money to my family overseas which i do every month it took weeks to get my account unfrozen and i had to provide extensive documentation
10002195,Money Transfer,and i had to provide extensive documentation including pay stubs and tax returns
10000582,Credit Card,someone made fraudulent purchases on my citi double cash card totaling i reported this to citibank immediately and they opened an investigation after weeks they denied my fraud claim saying the transactions appeared legitimate i have filed a police report and have evidence that i was in a different
10000582,Credit Card,and have evidence that i was in a different state when these transactions occurred
10000052,Credit Card,i have been a loyal discover it cardholder with discover for over years recently i noticed my interest rate was increased from to without adequate explanation i have excellent payment history and no late payments other companies are offering much lower rates i am considering closing this account if
10000052,Credit Card,rates i am considering closing this account if the rate is not adjusted
10000369,Credit Card,someone made fraudulent purchases on my amex gold card totaling i reported this to discover immediately and they opened an investigation after weeks they denied my fraud claim saying the transactions appeared legitimate i have filed a police report and have evidence that i was in a different state
10000369,Credit Card,and have evidence that i was in a different state when these transactions occurred
10000417,Credit Card,discover charged me a late fee on my chase sapphire card even though i made my payment on time my bank records show the payment was initiated days before the due date when i called to dispute they said the payment was received one day late due to processing time this is unacceptable i should not be
10000417,Credit Card,time this is unacceptable i should not be penalized for their slow processing system
10001270,Savings Account,ally bank charged me a monthly maintenance fee on my ally savings that was supposed to be free when i called to dispute they said i did not maintain the minimum balance of even though my statements show i was always above that threshold i want all fees refunded and a guarantee this will not happen
10001270,Savings Account,refunded and a guarantee this will not happen again
10001898,Money Transfer,i was contacted by someone claiming to be from my banks fraud department they convinced me to send via western union to secure my account i later realized this was a scam and immediately contacted western union they refused to reverse the transaction saying western union transfers are final i
10001898,Money Transfer,saying western union transfers are final i believe western union should have better fraud protection mechanisms
10002118,Money Transfer,i accidentally sent to the wrong person through venmo via bank of america i realized the error within minutes and immediately contacted them to cancel they said the transaction was already completed and they cannot reverse it they suggested i ask the recipient nicely to send it back this is an
10002118,Money Transfer,the recipient nicely to send it back this is an unacceptable response for such a large amount
10002119,Money Transfer,i initiated an international transfer of through zelles western union service the estimated delivery was days but after weeks the money has still not arrived each time i call they say it is being processed meanwhile the exchange rate has changed significantly costing me an additional in value
10000068,Credit Card,i have been a loyal discover it cardholder with chase for over years recently i noticed my interest rate was increased from to without adequate explanation i have excellent payment history and no late payments other companies are offering much lower rates i am considering closing this account if the
10000068,Credit Card,i am considering closing this account if the rate is not adjusted
10000212,Credit Card,i noticed a charge of on my capital one venture statement from i did not authorize this transaction and have been trying to resolve it with capital one for weeks they keep transferring me between departments and no one takes responsibility i have provided documentation proving i was not at the
10000212,Credit Card,provided documentation proving i was not at the merchant location this is extremely frustrating and i need this resolved immediately
10001180,Personal Loan,upstart sold my marcus loan loan to a thirdparty debt collector without notifying me the collector is now adding additional fees and interest that were not part of my original agreement they call me times per day including on weekends and have been rude and threatening this is harassment and a
10001180,Personal Loan,rude and threatening this is harassment and a violation of fair debt collection practices
10001998,Money Transfer,i sent via paypal through venmo to pay my landlord the money was deducted from my account but never received by the recipient it has been weeks and venmo has not been able to locate the funds or provide a refund i am now at risk of eviction because my rent appears unpaid
10001026,Personal Loan,lendingclub sold my lendingclub loan loan to a thirdparty debt collector without notifying me the collector is now adding additional fees and interest that were not part of my original agreement they call me times per day including on weekends and have been rude and threatening this is harassment
10001026,Personal Loan,have been rude and threatening this is harassment and a violation of fair debt collection practices
10000743,Credit Card,i noticed a charge of on my capital one venture statement from i did not authorize this transaction and have been trying to resolve it with capital one for weeks they keep transferring me between departments and no one takes responsibility i have provided documentation proving i was not at the
10000743,Credit Card,provided documentation proving i was not at the merchant location this is extremely frustrating and i need this resolved immediately
10001513,Savings Account,i opened a chase savings with chase because they advertised a apy after three months the rate was quietly dropped to without notification when i called they said the promotional rate had expired but this was never clearly communicated at account opening i moved into this account specifically for the
10001513,Savings Account,i moved into this account specifically for the higher rate
10000368,Credit Card,i applied for the citi double cash card specifically for the point signup bonus i met all the spending requirements within the specified timeframe but american express has refused to credit my bonus points i have called times over the past months and each representative tells me something different
10000368,Credit Card,each representative tells me something different i have all receipts and statements showing i qualified
10001489,Savings Account,i have been trying to reach chases customer service about an issue with my marcus savings for weeks wait times exceed minutes and i have been disconnected times after waiting when i finally got through the representative could not resolve my issue and told me to call back this level of service is
10001489,Savings Account,and told me to call back this level of service is completely unacceptable for a bank holding my savings
10001921,Money Transfer,paypal charged me a fee for a paypal transfer that was advertised as free the fee was hidden in the exchange rate markup and only visible after carefully comparing the rates the actual exchange rate applied was worse than the market rate this is deceptive and the total hidden cost was
10000411,Credit Card,i have been a loyal discover it cardholder with american express for over years recently i noticed my interest rate was increased from to without adequate explanation i have excellent payment history and no late payments other companies are offering much lower rates i am considering closing this
10000411,Credit Card,much lower rates i am considering closing this account if the rate is not adjusted
10001610,Savings Account,goldman sachs closed my discover savings account without warning citing business reasons i had in the account and it took weeks to receive a cashiers check no explanation was ever provided for the closure i have been a customer for years with no suspicious activity on the account
10002144,Money Transfer,i initiated an international transfer of through bank of americas venmo service the estimated delivery was days but after weeks the money has still not arrived each time i call they say it is being processed meanwhile the exchange rate has changed significantly costing me an additional in value
10001438,Savings Account,i opened a ally savings with discover because they advertised a apy after three months the rate was quietly dropped to without notification when i called they said the promotional rate had expired but this was never clearly communicated at account opening i moved into this account specifically for
10001438,Savings Account,i moved into this account specifically for the higher rate
10000545,Credit Card,my chase sapphire card from american express suddenly had its credit limit reduced from to without any prior notification i have never missed a payment and my credit score is above when i called to ask why the representative could not give me a clear answer this reduction has negatively affected my
10000545,Credit Card,answer this reduction has negatively affected my credit utilization ratio and dropped my score by points
10000070,Credit Card,someone made fraudulent purchases on my citi double cash card totaling i reported this to chase immediately and they opened an investigation after weeks they denied my fraud claim saying the transactions appeared legitimate i have filed a police report and have evidence that i was in a different
10000070,Credit Card,and have evidence that i was in a different state when these transactions occurred
10000403,Credit Card,the rewards program on my citi double cash card was changed without notice chase devalued the points by nearly making the annual fee of no longer worth it i specifically chose this card for its rewards structure and feel this is a baitandswitch tactic longtime customers should be grandfathered into
10000403,Credit Card,longtime customers should be grandfathered into the original rewards program
10001768,Savings Account,i have been trying to reach goldman sachss customer service about an issue with my synchrony savings for weeks wait times exceed minutes and i have been disconnected times after waiting when i finally got through the representative could not resolve my issue and told me to call back this level of
10001768,Savings Account,my issue and told me to call back this level of service is completely unacceptable for a bank holding my savings
10001458,Savings Account,chase charged me a monthly maintenance fee on my synchrony savings that was supposed to be free when i called to dispute they said i did not maintain the minimum balance of even though my statements show i was always above that threshold i want all fees refunded and a guarantee this will not happen
10001458,Savings Account,refunded and a guarantee this will not happen again
10001966,Money Transfer,i sent via venmo through paypal to pay my landlord the money was deducted from my account but never received by the recipient it has been weeks and paypal has not been able to locate the funds or provide a refund i am now at risk of eviction because my rent appears unpaid
10000343,Credit Card,i noticed a charge of on my capital one venture statement from i did not authorize this transaction and have been trying to resolve it with discover for weeks they keep transferring me between departments and no one takes responsibility i have provided documentation proving i was not at the merchant
10000343,Credit Card,documentation proving i was not at the merchant location this is extremely frustrating and i need this resolved immediately
10002263,Money Transfer,my account was frozen by paypal after i made a venmo transfer of they claimed the transaction was flagged for suspicious activity but i was simply sending money to my family overseas which i do every month it took weeks to get my account unfrozen and i had to provide extensive documentation
10002263,Money Transfer,and i had to provide extensive documentation including pay stubs and tax returns
10000680,Credit Card,my discover it card from discover suddenly had its credit limit reduced from to without any prior notification i have never missed a payment and my credit score is above when i called to ask why the representative could not give me a clear answer this reduction has negatively affected my credit
10000680,Credit Card,this reduction has negatively affected my credit utilization ratio and dropped my score by points
10000643,Credit Card,i noticed a charge of on my discover it statement from i did not authorize this transaction and have been trying to resolve it with capital one for weeks they keep transferring me between departments and no one takes responsibility i have provided documentation proving i was not at the merchant
10000643,Credit Card,documentation proving i was not at the merchant location this is extremely frustrating and i need this resolved immediately
10001492,Savings Account,synchrony charged me a monthly maintenance fee on my synchrony savings that was supposed to be free when i called to dispute they said i did not maintain the minimum balance of even though my statements show i was always above that threshold i want all fees refunded and a guarantee this will not
10001492,Savings Account,all fees refunded and a guarantee this will not happen again
10000963,Personal Loan,the total cost of my marcus loan from goldman sachs ended up being which is nearly times the original loan amount of the interest rate of combined with various processing fees and insurance charges that were added without my clear consent have made this loan predatory in my opinion
10000481,Credit Card,the rewards program on my capital one venture card was changed without notice chase devalued the points by nearly making the annual fee of no longer worth it i specifically chose this card for its rewards structure and feel this is a baitandswitch tactic longtime customers should be grandfathered
10000481,Credit Card,tactic longtime customers should be grandfathered into the original rewards program
10002018,Money Transfer,i accidentally sent to the wrong person through venmo via western union i realized the error within minutes and immediately contacted them to cancel they said the transaction was already completed and they cannot reverse it they suggested i ask the recipient nicely to send it back this is an
10002018,Money Transfer,the recipient nicely to send it back this is an unacceptable response for such a large amount
10001901,Money Transfer,i accidentally sent to the wrong person through venmo via zelle i realized the error within minutes and immediately contacted them to cancel they said the transaction was already completed and they cannot reverse it they suggested i ask the recipient nicely to send it back this is an unacceptable
10001901,Money Transfer,nicely to send it back this is an unacceptable response for such a large amount
10001305,Savings Account,i have been trying to reach chases customer service about an issue with my ally savings for weeks wait times exceed minutes and i have been disconnected times after waiting when i finally got through the representative could not resolve my issue and told me to call back this level of service is
10001305,Savings Account,and told me to call back this level of service is completely unacceptable for a bank holding my savings
10001414,Savings Account,i tried to withdraw from my chase savings at goldman sachs and was told my account was frozen pending a security review no one informed me of any issues beforehand i had bills due and no access to my own money for weeks the customer service was unhelpful and could not tell me when the review would
10001414,Savings Account,and could not tell me when the review would be completed
10002110,Money Transfer,i sent via zelle through paypal to pay my landlord the money was deducted from my account but never received by the recipient it has been weeks and paypal has not been able to locate the funds or provide a refund i am now at risk of eviction because my rent appears unpaid
10001611,Savings Account,discover closed my marcus savings account without warning citing business reasons i had in the account and it took weeks to receive a cashiers check no explanation was ever provided for the closure i have been a customer for years with no suspicious activity on the account
10000085,Credit Card,someone made fraudulent purchases on my discover it card totaling i reported this to discover immediately and they opened an investigation after weeks they denied my fraud claim saying the transactions appeared legitimate i have filed a police report and have evidence that i was in a different state
10000085,Credit Card,and have evidence that i was in a different state when these transactions occurred
10000174,Credit Card,i have been a loyal discover it cardholder with american express for over years recently i noticed my interest rate was increased from to without adequate explanation i have excellent payment history and no late payments other companies are offering much lower rates i am considering closing this
10000174,Credit Card,much lower rates i am considering closing this account if the rate is not adjusted
10000074,Credit Card,someone made fraudulent purchases on my amex gold card totaling i reported this to chase immediately and they opened an investigation after weeks they denied my fraud claim saying the transactions appeared legitimate i have filed a police report and have evidence that i was in a different state when
10000074,Credit Card,evidence that i was in a different state when these transactions occurred
10001767,Savings Account,my ally savings with synchrony was accessed by someone who changed my contact information and attempted to transfer out of my account when i reported this synchrony took weeks to investigate and temporarily restricted my access i am concerned about the security of their online banking platform and
10001767,Savings Account,the security of their online banking platform and how this person gained access
10000110,Credit Card,i noticed a charge of on my chase sapphire statement from i did not authorize this transaction and have been trying to resolve it with capital one for weeks they keep transferring me between departments and no one takes responsibility i have provided documentation proving i was not at the merchant
10000110,Credit Card,documentation proving i was not at the merchant location this is extremely frustrating and i need this resolved immediately
10001139,Personal Loan,upstart sold my prosper loan loan to a thirdparty debt collector without notifying me the collector is now adding additional fees and interest that were not part of my original agreement they call me times per day including on weekends and have been rude and threatening this is harassment and a
10001139,Personal Loan,rude and threatening this is harassment and a violation of fair debt collection practices
10000747,Credit Card,the rewards program on my capital one venture card was changed without notice chase devalued the points by nearly making the annual fee of no longer worth it i specifically chose this card for its rewards structure and feel this is a baitandswitch tactic longtime customers should be grandfathered
10000747,Credit Card,tactic longtime customers should be grandfathered into the original rewards program
10000553,Credit Card,chase charged me a late fee on my amex gold card even though i made my payment on time my bank records show the payment was initiated days before the due date when i called to dispute they said the payment was received one day late due to processing time this is unacceptable i should not be
10000553,Credit Card,time this is unacceptable i should not be penalized for their slow processing system
10001290,Savings Account,discover charged me a monthly maintenance fee on my marcus savings that was supposed to be free when i called to dispute they said i did not maintain the minimum balance of even though my statements show i was always above that threshold i want all fees refunded and a guarantee this will not happen
10001290,Savings Account,refunded and a guarantee this will not happen again
10001657,Savings Account,my marcus savings with goldman sachs was accessed by someone who changed my contact information and attempted to transfer out of my account when i reported this goldman sachs took weeks to investigate and temporarily restricted my access i am concerned about the security of their online banking
10001657,Savings Account,about the security of their online banking platform and how this person gained access
10000943,Personal Loan,i have been making regular payments on my marcus loan from upstart for months last month they claimed they did not receive my payment even though my bank shows it was debited they charged me a late fee and reported a missed payment to the credit bureaus dropping my score by points i need this
10000943,Personal Loan,bureaus dropping my score by points i need this corrected immediately
10000786,Credit Card,i applied for the discover it card specifically for the point signup bonus i met all the spending requirements within the specified timeframe but discover has refused to credit my bonus points i have called times over the past months and each representative tells me something different i have all
10000786,Credit Card,tells me something different i have all receipts and statements showing i qualified
10000241,Credit Card,someone made fraudulent purchases on my amex gold card totaling i reported this to capital one immediately and they opened an investigation after weeks they denied my fraud claim saying the transactions appeared legitimate i have filed a police report and have evidence that i was in a different
10000241,Credit Card,and have evidence that i was in a different state when these transactions occurred
10001669,Savings Account,synchrony closed my synchrony savings account without warning citing business reasons i had in the account and it took weeks to receive a cashiers check no explanation was ever provided for the closure i have been a customer for years with no suspicious activity on the account
10000049,Credit Card,the rewards program on my capital one venture card was changed without notice american express devalued the points by nearly making the annual fee of no longer worth it i specifically chose this card for its rewards structure and feel this is a baitandswitch tactic longtime customers should be
10000049,Credit Card,baitandswitch tactic longtime customers should be grandfathered into the original rewards program
10002210,Money Transfer,zelle charged me a fee for a zelle transfer that was advertised as free the fee was hidden in the exchange rate markup and only visible after carefully comparing the rates the actual exchange rate applied was worse than the market rate this is deceptive and the total hidden cost was
10000367,Credit Card,my discover it card from chase suddenly had its credit limit reduced from to without any prior notification i have never missed a payment and my credit score is above when i called to ask why the representative could not give me a clear answer this reduction has negatively affected my credit
10000367,Credit Card,this reduction has negatively affected my credit utilization ratio and dropped my score by points
10002082,Money Transfer,i accidentally sent to the wrong person through venmo via zelle i realized the error within minutes and immediately contacted them to cancel they said the transaction was already completed and they cannot reverse it they suggested i ask the recipient nicely to send it back this is an unacceptable
10002082,Money Transfer,nicely to send it back this is an unacceptable response for such a large amount
10001230,Savings Account,i opened a ally savings with chase because they advertised a apy after three months the rate was quietly dropped to without notification when i called they said the promotional rate had expired but this was never clearly communicated at account opening i moved into this account specifically for the
10001230,Savings Account,i moved into this account specifically for the higher rate
10001390,Savings Account,my ally savings with discover was accessed by someone who changed my contact information and attempted to transfer out of my account when i reported this discover took weeks to investigate and temporarily restricted my access i am concerned about the security of their online banking platform and how
10001390,Savings Account,security of their online banking platform and how this person gained access
10000975,Personal Loan,the total cost of my sofi personal loan from upstart ended up being which is nearly times the original loan amount of the interest rate of combined with various processing fees and insurance charges that were added without my clear consent have made this loan predatory in my opinion
10000431,Credit Card,i noticed a charge of on my amex gold statement from i did not authorize this transaction and have been trying to resolve it with citibank for weeks they keep transferring me between departments and no one takes responsibility i have provided documentation proving i was not at the merchant location
10000431,Credit Card,proving i was not at the merchant location this is extremely frustrating and i need this resolved immediately
10001606,Savings Account,i have been trying to reach chases customer service about an issue with my ally savings for weeks wait times exceed minutes and i have been disconnected times after waiting when i finally got through the representative could not resolve my issue and told me to call back this level of service is
10001606,Savings Account,and told me to call back this level of service is completely unacceptable for a bank holding my savings
10002239,Money Transfer,i initiated an international transfer of through zelles paypal service the estimated delivery was days but after weeks the money has still not arrived each time i call they say it is being processed meanwhile the exchange rate has changed significantly costing me an additional in value
10000531,Credit Card,the rewards program on my discover it card was changed without notice discover devalued the points by nearly making the annual fee of no longer worth it i specifically chose this card for its rewards structure and feel this is a baitandswitch tactic longtime customers should be grandfathered into
10000531,Credit Card,longtime customers should be grandfathered into the original rewards program
10001805,Savings Account,i opened a synchrony savings with discover because they advertised a apy after three months the rate was quietly dropped to without notification when i called they said the promotional rate had expired but this was never clearly communicated at account opening i moved into this account specifically
10001805,Savings Account,opening i moved into this account specifically for the higher rate
10001911,Money Transfer,i accidentally sent to the wrong person through zelle via western union i realized the error within minutes and immediately contacted them to cancel they said the transaction was already completed and they cannot reverse it they suggested i ask the recipient nicely to send it back this is an
10001911,Money Transfer,the recipient nicely to send it back this is an unacceptable response for such a large amount
10001903,Money Transfer,i initiated an international transfer of through western unions wire transfer service the estimated delivery was days but after weeks the money has still not arrived each time i call they say it is being processed meanwhile the exchange rate has changed significantly costing me an additional in
10001903,Money Transfer,changed significantly costing me an additional in value
10000637,Credit Card,i noticed a charge of on my amex gold statement from i did not authorize this transaction and have been trying to resolve it with chase for weeks they keep transferring me between departments and no one takes responsibility i have provided documentation proving i was not at the merchant location
10000637,Credit Card,proving i was not at the merchant location this is extremely frustrating and i need this resolved immediately
10000019,Credit Card,discover charged me a late fee on my discover it card even though i made my payment on time my bank records show the payment was initiated days before the due date when i called to dispute they said the payment was received one day late due to processing time this is unacceptable i should not be
10000019,Credit Card,time this is unacceptable i should not be penalized for their slow processing system
10002032,Money Transfer,i initiated an international transfer of through zelles paypal service the estimated delivery was days but after weeks the money has still not arrived each time i call they say it is being processed meanwhile the exchange rate has changed significantly costing me an additional in value
10001538,Savings Account,chase closed my chase savings account without warning citing business reasons i had in the account and it took weeks to receive a cashiers check no explanation was ever provided for the closure i have been a customer for years with no suspicious activity on the account
10001595,Savings Account,my ally savings with goldman sachs was accessed by someone who changed my contact information and attempted to transfer out of my account when i reported this goldman sachs took weeks to investigate and temporarily restricted my access i am concerned about the security of their online banking
10001595,Savings Account,about the security of their online banking platform and how this person gained access
10002005,Money Transfer,western union charged me a fee for a wire transfer transfer that was advertised as free the fee was hidden in the exchange rate markup and only visible after carefully comparing the rates the actual exchange rate applied was worse than the market rate this is deceptive and the total hidden cost was
10000077,Credit Card,i noticed a charge of on my chase sapphire statement from i did not authorize this transaction and have been trying to resolve it with discover for weeks they keep transferring me between departments and no one takes responsibility i have provided documentation proving i was not at the merchant
10000077,Credit Card,documentation proving i was not at the merchant location this is extremely frustrating and i need this resolved immediately
10002223,Money Transfer,i was contacted by someone claiming to be from my banks fraud department they convinced me to send via venmo to secure my account i later realized this was a scam and immediately contacted bank of america they refused to reverse the transaction saying venmo transfers are final i believe bank of
10002223,Money Transfer,venmo transfers are final i believe bank of america should have better fraud protection mechanisms
10002034,Money Transfer,my account was frozen by bank of america after i made a paypal transfer of they claimed the transaction was flagged for suspicious activity but i was simply sending money to my family overseas which i do every month it took weeks to get my account unfrozen and i had to provide extensive
10002034,Money Transfer,account unfrozen and i had to provide extensive documentation including pay stubs and tax returns
10001941,Money Transfer,i sent via western union through paypal to pay my landlord the money was deducted from my account but never received by the recipient it has been weeks and paypal has not been able to locate the funds or provide a refund i am now at risk of eviction because my rent appears unpaid
10000765,Credit Card,capital one charged me a late fee on my chase sapphire card even though i made my payment on time my bank records show the payment was initiated days before the due date when i called to dispute they said the payment was received one day late due to processing time this is unacceptable i should not
10000765,Credit Card,processing time this is unacceptable i should not be penalized for their slow processing system
10000169,Credit Card,i applied for the discover it card specifically for the point signup bonus i met all the spending requirements within the specified timeframe but chase has refused to credit my bonus points i have called times over the past months and each representative tells me something different i have all
10000169,Credit Card,tells me something different i have all receipts and statements showing i qualified
10001129,Personal Loan,i took out a personal loan of with goldman sachs through their prosper loan program the advertised rate was but after approval i was given the terms were buried in fine print and the loan officer rushed me through the signing process i am now paying per month which is more than what was originally
10001129,Personal Loan,per month which is more than what was originally quoted
10000669,Credit Card,my amex gold card from capital one suddenly had its credit limit reduced from to without any prior notification i have never missed a payment and my credit score is above when i called to ask why the representative could not give me a clear answer this reduction has negatively affected my credit
10000669,Credit Card,this reduction has negatively affected my credit utilization ratio and dropped my score by points
10001144,Personal Loan,i applied for a upstart loan with upstart and was denied despite having a credit score of and a stable income of per year the denial letter was vague citing insufficient credit history i have years of credit history with no delinquencies i believe this decision was made unfairly and request a proper
10001144,Personal Loan,decision was made unfairly and request a proper review
10002157,Money Transfer,my account was frozen by bank of america after i made a wire transfer transfer of they claimed the transaction was flagged for suspicious activity but i was simply sending money to my family overseas which i do every month it took weeks to get my account unfrozen and i had to provide extensive
10002157,Money Transfer,account unfrozen and i had to provide extensive documentation including pay stubs and tax returns
10000441,Credit Card,chase charged me a late fee on my discover it card even though i made my payment on time my bank records show the payment was initiated days before the due date when i called to dispute they said the payment was received one day late due to processing time this is unacceptable i should not be
10000441,Credit Card,time this is unacceptable i should not be penalized for their slow processing system
10000533,Credit Card,i have been a loyal discover it cardholder with discover for over years recently i noticed my interest rate was increased from to without adequate explanation i have excellent payment history and no late payments other companies are offering much lower rates i am considering closing this account if
10000533,Credit Card,rates i am considering closing this account if the rate is not adjusted
10000980,Personal Loan,i tried to make an extra payment on my lendingclub loan from prosper to pay down the principal faster their system automatically applied it to future payments instead of the principal balance after calling times each representative gave me different instructions i am paying more interest than
10000980,Personal Loan,instructions i am paying more interest than necessary because they will not properly apply my payments
10002064,Money Transfer,i accidentally sent to the wrong person through zelle via western union i realized the error within minutes and immediately contacted them to cancel they said the transaction was already completed and they cannot reverse it they suggested i ask the recipient nicely to send it back this is an
10002064,Money Transfer,the recipient nicely to send it back this is an unacceptable response for such a large amount
10000487,Credit Card,discover charged me a late fee on my discover it card even though i made my payment on time my bank records show the payment was initiated days before the due date when i called to dispute they said the payment was received one day late due to processing time this is unacceptable i should not be
10000487,Credit Card,time this is unacceptable i should not be penalized for their slow processing system
10001090,Personal Loan,i tried to make an extra payment on my prosper loan from upstart to pay down the principal faster their system automatically applied it to future payments instead of the principal balance after calling times each representative gave me different instructions i am paying more interest than necessary
10001090,Personal Loan,i am paying more interest than necessary because they will not properly apply my payments
10001757,Savings Account,i have been trying to reach ally banks customer service about an issue with my marcus savings for weeks wait times exceed minutes and i have been disconnected times after waiting when i finally got through the representative could not resolve my issue and told me to call back this level of service
10001757,Savings Account,and told me to call back this level of service is completely unacceptable for a bank holding my savings
10000232,Credit Card,someone made fraudulent purchases on my capital one venture card totaling i reported this to chase immediately and they opened an investigation after weeks they denied my fraud claim saying the transactions appeared legitimate i have filed a police report and have evidence that i was in a different
10000232,Credit Card,and have evidence that i was in a different state when these transactions occurred
10000136,Credit Card,i have been a loyal chase sapphire cardholder with discover for over years recently i noticed my interest rate was increased from to without adequate explanation i have excellent payment history and no late payments other companies are offering much lower rates i am considering closing this account
10000136,Credit Card,lower rates i am considering closing this account if the rate is not adjusted
10000026,Credit Card,someone made fraudulent purchases on my citi double cash card totaling i reported this to capital one immediately and they opened an investigation after weeks they denied my fraud claim saying the transactions appeared legitimate i have filed a police report and have evidence that i was in a
10000026,Credit Card,a police report and have evidence that i was in a different state when these transactions occurred
10000384,Credit Card,i have been a loyal amex gold cardholder with chase for over years recently i noticed my interest rate was increased from to without adequate explanation i have excellent payment history and no late payments other companies are offering much lower rates i am considering closing this account if the
10000384,Credit Card,i am considering closing this account if the rate is not adjusted
10000720,Credit Card,someone made fraudulent purchases on my discover it card totaling i reported this to american express immediately and they opened an investigation after weeks they denied my fraud claim saying the transactions appeared legitimate i have filed a police report and have evidence that i was in a
10000720,Credit Card,a police report and have evidence that i was in a different state when these transactions occurred
10001289,Savings Account,i tried to withdraw from my marcus savings at discover and was told my account was frozen pending a security review no one informed me of any issues beforehand i had bills due and no access to my own money for weeks the customer service was unhelpful and could not tell me when the review would be
10001289,Savings Account,and could not tell me when the review would be completed
10000333,Credit Card,discover charged me a late fee on my citi double cash card even though i made my payment on time my bank records show the payment was initiated days before the due date when i called to dispute they said the payment was received one day late due to processing time this is unacceptable i should not
10000333,Credit Card,processing time this is unacceptable i should not be penalized for their slow processing system
10000193,Credit Card,my discover it card from chase suddenly had its credit limit reduced from to without any prior notification i have never missed a payment and my credit score is above when i called to ask why the representative could not give me a clear answer this reduction has negatively affected my credit
10000193,Credit Card,this reduction has negatively affected my credit utilization ratio and dropped my score by points
10000290,Credit Card,i applied for the amex gold card specifically for the point signup bonus i met all the spending requirements within the specified timeframe but citibank has refused to credit my bonus points i have called times over the past months and each representative tells me something different i have all
10000290,Credit Card,tells me something different i have all receipts and statements showing i qualified
10000351,Credit Card,capital one charged me a late fee on my amex gold card even though i made my payment on time my bank records show the payment was initiated days before the due date when i called to dispute they said the payment was received one day late due to processing time this is unacceptable i should not be
10000351,Credit Card,time this is unacceptable i should not be penalized for their slow processing system
10001476,Savings Account,i opened a marcus savings with goldman sachs because they advertised a apy after three months the rate was quietly dropped to without notification when i called they said the promotional rate had expired but this was never clearly communicated at account opening i moved into this account
10001476,Savings Account,at account opening i moved into this account specifically for the higher rate
10001272,Savings Account,i tried to withdraw from my ally savings at chase and was told my account was frozen pending a security review no one informed me of any issues beforehand i had bills due and no access to my own money for weeks the customer service was unhelpful and could not tell me when the review would be
10001272,Savings Account,and could not tell me when the review would be completed
10000612,Credit Card,someone made fraudulent purchases on my citi double cash card totaling i reported this to chase immediately and they opened an investigation after weeks they denied my fraud claim saying the transactions appeared legitimate i have filed a police report and have evidence that i was in a different
10000612,Credit Card,and have evidence that i was in a different state when these transactions occurred
10001107,Personal Loan,i applied for a sofi personal loan with goldman sachs and was denied despite having a credit score of and a stable income of per year the denial letter was vague citing insufficient credit history i have years of credit history with no delinquencies i believe this decision was made unfairly and
10001107,Personal Loan,i believe this decision was made unfairly and request a proper review
10000129,Credit Card,i have been a loyal chase sapphire cardholder with capital one for over years recently i noticed my interest rate was increased from to without adequate explanation i have excellent payment history and no late payments other companies are offering much lower rates i am considering closing this
10000129,Credit Card,much lower rates i am considering closing this account if the rate is not adjusted
10001700,Savings Account,my ally savings with synchrony was accessed by someone who changed my contact information and attempted to transfer out of my account when i reported this synchrony took weeks to investigate and temporarily restricted my access i am concerned about the security of their online banking platform and
10001700,Savings Account,the security of their online banking platform and how this person gained access
10000234,Credit Card,someone made fraudulent purchases on my amex gold card totaling i reported this to chase immediately and they opened an investigation after weeks they denied my fraud claim saying the transactions appeared legitimate i have filed a police report and have evidence that i was in a different state when
10000234,Credit Card,evidence that i was in a different state when these transactions occurred
10001727,Savings Account,synchrony closed my ally savings account without warning citing business reasons i had in the account and it took weeks to receive a cashiers check no explanation was ever provided for the closure i have been a customer for years with no suspicious activity on the account
10001269,Savings Account,my discover savings with goldman sachs was accessed by someone who changed my contact information and attempted to transfer out of my account when i reported this goldman sachs took weeks to investigate and temporarily restricted my access i am concerned about the security of their online banking
10001269,Savings Account,about the security of their online banking platform and how this person gained access
10001091,Personal Loan,goldman sachs sold my sofi personal loan loan to a thirdparty debt collector without notifying me the collector is now adding additional fees and interest that were not part of my original agreement they call me times per day including on weekends and have been rude and threatening this is
10001091,Personal Loan,and have been rude and threatening this is harassment and a violation of fair debt collection practices
10002141,Money Transfer,my account was frozen by venmo after i made a western union transfer of they claimed the transaction was flagged for suspicious activity but i was simply sending money to my family overseas which i do every month it took weeks to get my account unfrozen and i had to provide extensive documentation
10002141,Money Transfer,and i had to provide extensive documentation including pay stubs and tax returns
10000178,Credit Card,the rewards program on my citi double cash card was changed without notice chase devalued the points by nearly making the annual fee of no longer worth it i specifically chose this card for its rewards structure and feel this is a baitandswitch tactic longtime customers should be grandfathered into
10000178,Credit Card,longtime customers should be grandfathered into the original rewards program
10001468,Savings Account,synchrony charged me a monthly maintenance fee on my marcus savings that was supposed to be free when i called to dispute they said i did not maintain the minimum balance of even though my statements show i was always above that threshold i want all fees refunded and a guarantee this will not happen
10001468,Savings Account,refunded and a guarantee this will not happen again
10000523,Credit Card,my amex gold card from american express suddenly had its credit limit reduced from to without any prior notification i have never missed a payment and my credit score is above when i called to ask why the representative could not give me a clear answer this reduction has negatively affected my
10000523,Credit Card,answer this reduction has negatively affected my credit utilization ratio and dropped my score by points
10000614,Credit Card,my amex gold card from capital one suddenly had its credit limit reduced from to without any prior notification i have never missed a payment and my credit score is above when i called to ask why the representative could not give me a clear answer this reduction has negatively affected my credit
10000614,Credit Card,this reduction has negatively affected my credit utilization ratio and dropped my score by points
10000185,Credit Card,i have been a loyal discover it cardholder with discover for over years recently i noticed my interest rate was increased from to without adequate explanation i have excellent payment history and no late payments other companies are offering much lower rates i am considering closing this account if
10000185,Credit Card,rates i am considering closing this account if the rate is not adjusted
10001011,Personal Loan,i tried to make an extra payment on my upstart loan from lendingclub to pay down the principal faster their system automatically applied it to future payments instead of the principal balance after calling times each representative gave me different instructions i am paying more interest than
10001011,Personal Loan,instructions i am paying more interest than necessary because they will not properly apply my payments
10001152,Personal Loan,lendingclub sold my sofi personal loan loan to a thirdparty debt collector without notifying me the collector is now adding additional fees and interest that were not part of my original agreement they call me times per day including on weekends and have been rude and threatening this is harassment
10001152,Personal Loan,have been rude and threatening this is harassment and a violation of fair debt collection practices
10001373,Savings Account,i opened a marcus savings with goldman sachs because they advertised a apy after three months the rate was quietly dropped to without notification when i called they said the promotional rate had expired but this was never clearly communicated at account opening i moved into this account
10001373,Savings Account,at account opening i moved into this account specifically for the higher rate
10000299,Credit Card,my chase sapphire card from chase suddenly had its credit limit reduced from to without any prior notification i have never missed a payment and my credit score is above when i called to ask why the representative could not give me a clear answer this reduction has negatively affected my credit
10000299,Credit Card,this reduction has negatively affected my credit utilization ratio and dropped my score by points
10001876,Money Transfer,zelle charged me a fee for a wire transfer transfer that was advertised as free the fee was hidden in the exchange rate markup and only visible after carefully comparing the rates the actual exchange rate applied was worse than the market rate this is deceptive and the total hidden cost was
10000706,Credit Card,the rewards program on my chase sapphire card was changed without notice discover devalued the points by nearly making the annual fee of no longer worth it i specifically chose this card for its rewards structure and feel this is a baitandswitch tactic longtime customers should be grandfathered into
10000706,Credit Card,longtime customers should be grandfathered into the original rewards program
10001597,Savings Account,i tried to withdraw from my ally savings at ally bank and was told my account was frozen pending a security review no one informed me of any issues beforehand i had bills due and no access to my own money for weeks the customer service was unhelpful and could not tell me when the review would be
10001597,Savings Account,and could not tell me when the review would be completed
10002054,Money Transfer,bank of america charged me a fee for a wire transfer transfer that was advertised as free the fee was hidden in the exchange rate markup and only visible after carefully comparing the rates the actual exchange rate applied was worse than the market rate this is deceptive and the total hidden cost
10002054,Money Transfer,rate this is deceptive and the total hidden cost was
10001781,Savings Account,i have been trying to reach chases customer service about an issue with my marcus savings for weeks wait times exceed minutes and i have been disconnected times after waiting when i finally got through the representative could not resolve my issue and told me to call back this level of service is
10001781,Savings Account,and told me to call back this level of service is completely unacceptable for a bank holding my savings
10001661,Savings Account,i tried to withdraw from my ally savings at discover and was told my account was frozen pending a security review no one informed me of any issues beforehand i had bills due and no access to my own money for weeks the customer service was unhelpful and could not tell me when the review would be
10001661,Savings Account,and could not tell me when the review would be completed
10000651,Credit Card,someone made fraudulent purchases on my discover it card totaling i reported this to american express immediately and they opened an investigation after weeks they denied my fraud claim saying the transactions appeared legitimate i have filed a police report and have evidence that i was in a
10000651,Credit Card,a police report and have evidence that i was in a different state when these transactions occurred
10000179,Credit Card,i noticed a charge of on my chase sapphire statement from i did not authorize this transaction and have been trying to resolve it with chase for weeks they keep transferring me between departments and no one takes responsibility i have provided documentation proving i was not at the merchant
10000179,Credit Card,documentation proving i was not at the merchant location this is extremely frustrating and i need this resolved immediately
10001248,Savings Account,goldman sachs charged me a monthly maintenance fee on my chase savings that was supposed to be free when i called to dispute they said i did not maintain the minimum balance of even though my statements show i was always above that threshold i want all fees refunded and a guarantee this will not
10001248,Savings Account,all fees refunded and a guarantee this will not happen again
10000465,Credit Card,i noticed a charge of on my discover it statement from i did not authorize this transaction and have been trying to resolve it with american express for weeks they keep transferring me between departments and no one takes responsibility i have provided documentation proving i was not at the merchant
10000465,Credit Card,documentation proving i was not at the merchant location this is extremely frustrating and i need this resolved immediately
10001536,Savings Account,i opened a synchrony savings with discover because they advertised a apy after three months the rate was quietly dropped to without notification when i called they said the promotional rate had expired but this was never clearly communicated at account opening i moved into this account specifically
10001536,Savings Account,opening i moved into this account specifically for the higher rate
10000893,Personal Loan,upstart sold my prosper loan loan to a thirdparty debt collector without notifying me the collector is now adding additional fees and interest that were not part of my original agreement they call me times per day including on weekends and have been rude and threatening this is harassment and a
10000893,Personal Loan,rude and threatening this is harassment and a violation of fair debt collection practices
10000480,Credit Card,i have been a loyal discover it cardholder with chase for over years recently i noticed my interest rate was increased from to without adequate explanation i have excellent payment history and no late payments other companies are offering much lower rates i am considering closing this account if the
10000480,Credit Card,i am considering closing this account if the rate is not adjusted
10001387,Savings Account,i tried to withdraw from my marcus savings at discover and was told my account was frozen pending a security review no one informed me of any issues beforehand i had bills due and no access to my own money for weeks the customer service was unhelpful and could not tell me when the review would be
10001387,Savings Account,and could not tell me when the review would be completed
10000619,Credit Card,i have been a loyal chase sapphire cardholder with discover for over years recently i noticed my interest rate was increased from to without adequate explanation i have excellent payment history and no late payments other companies are offering much lower rates i am considering closing this account
10000619,Credit Card,lower rates i am considering closing this account if the rate is not adjusted
10000407,Credit Card,capital one charged me a late fee on my citi double cash card even though i made my payment on time my bank records show the payment was initiated days before the due date when i called to dispute they said the payment was received one day late due to processing time this is unacceptable i should
10000407,Credit Card,to processing time this is unacceptable i should not be penalized for their slow processing system
10001531,Savings Account,i have been trying to reach chases customer service about an issue with my discover savings for weeks wait times exceed minutes and i have been disconnected times after waiting when i finally got through the representative could not resolve my issue and told me to call back this level of service is
10001531,Savings Account,and told me to call back this level of service is completely unacceptable for a bank holding my savings
10001115,Personal Loan,i tried to make an extra payment on my lendingclub loan from lendingclub to pay down the principal faster their system automatically applied it to future payments instead of the principal balance after calling times each representative gave me different instructions i am paying more interest than
10001115,Personal Loan,instructions i am paying more interest than necessary because they will not properly apply my payments
10001092,Personal Loan,i applied for a lendingclub loan with lendingclub and was denied despite having a credit score of and a stable income of per year the denial letter was vague citing insufficient credit history i have years of credit history with no delinquencies i believe this decision was made unfairly and request
10001092,Personal Loan,this decision was made unfairly and request a proper review
10001992,Money Transfer,i accidentally sent to the wrong person through western union via bank of america i realized the error within minutes and immediately contacted them to cancel they said the transaction was already completed and they cannot reverse it they suggested i ask the recipient nicely to send it back this is
10001992,Money Transfer,ask the recipient nicely to send it back this is an unacceptable response for such a large amount
10000515,Credit Card,i applied for the amex gold card specifically for the point signup bonus i met all the spending requirements within the specified timeframe but citibank has refused to credit my bonus points i have called times over the past months and each representative tells me something different i have all
10000515,Credit Card,tells me something different i have all receipts and statements showing i qualified
10001652,Savings Account,i tried to withdraw from my ally savings at ally bank and was told my account was frozen pending a security review no one informed me of any issues beforehand i had bills due and no access to my own money for weeks the customer service was unhelpful and could not tell me when the review would be
10001652,Savings Account,and could not tell me when the review would be completed
10002113,Money Transfer,i sent via western union through zelle to pay my landlord the money was deducted from my account but never received by the recipient it has been weeks and zelle has not been able to locate the funds or provide a refund i am now at risk of eviction because my rent appears unpaid
10001776,Savings Account,my discover savings with ally bank was accessed by someone who changed my contact information and attempted to transfer out of my account when i reported this ally bank took weeks to investigate and temporarily restricted my access i am concerned about the security of their online banking platform
10001776,Savings Account,the security of their online banking platform and how this person gained access
10001728,Savings Account,i have been trying to reach ally banks customer service about an issue with my ally savings for weeks wait times exceed minutes and i have been disconnected times after waiting when i finally got through the representative could not resolve my issue and told me to call back this level of service is
10001728,Savings Account,and told me to call back this level of service is completely unacceptable for a bank holding my savings
10001939,Money Transfer,bank of america charged me a fee for a paypal transfer that was advertised as free the fee was hidden in the exchange rate markup and only visible after carefully comparing the rates the actual exchange rate applied was worse than the market rate this is deceptive and the total hidden cost was
10000451,Credit Card,i noticed a charge of on my chase sapphire statement from i did not authorize this transaction and have been trying to resolve it with chase for weeks they keep transferring me between departments and no one takes responsibility i have provided documentation proving i was not at the merchant
10000451,Credit Card,documentation proving i was not at the merchant location this is extremely frustrating and i need this resolved immediately
10001085,Personal Loan,i applied for a prosper loan with goldman sachs and was denied despite having a credit score of and a stable income of per year the denial letter was vague citing insufficient credit history i have years of credit history with no delinquencies i believe this decision was made unfairly and request a
10001085,Personal Loan,this decision was made unfairly and request a proper review
10000204,Credit Card,the rewards program on my capital one venture card was changed without notice chase devalued the points by nearly making the annual fee of no longer worth it i specifically chose this card for its rewards structure and feel this is a baitandswitch tactic longtime customers should be grandfathered
10000204,Credit Card,tactic longtime customers should be grandfathered into the original rewards program
10000175,Credit Card,i have been a loyal capital one venture cardholder with citibank for over years recently i noticed my interest rate was increased from to without adequate explanation i have excellent payment history and no late payments other companies are offering much lower rates i am considering closing this
10000175,Credit Card,much lower rates i am considering closing this account if the rate is not adjusted
10001234,Savings Account,i have been trying to reach synchronys customer service about an issue with my ally savings for weeks wait times exceed minutes and i have been disconnected times after waiting when i finally got through the representative could not resolve my issue and told me to call back this level of service is
10001234,Savings Account,and told me to call back this level of service is completely unacceptable for a bank holding my savings
10000121,Credit Card,i have been a loyal citi double cash cardholder with american express for over years recently i noticed my interest rate was increased from to without adequate explanation i have excellent payment history and no late payments other companies are offering much lower rates i am considering closing
10000121,Credit Card,much lower rates i am considering closing this account if the rate is not adjusted
10000284,Credit Card,i applied for the citi double cash card specifically for the point signup bonus i met all the spending requirements within the specified timeframe but discover has refused to credit my bonus points i have called times over the past months and each representative tells me something different i have
10000284,Credit Card,tells me something different i have all receipts and statements showing i qualified
10001902,Money Transfer,my account was frozen by paypal after i made a zelle transfer of they claimed the transaction was flagged for suspicious activity but i was simply sending money to my family overseas which i do every month it took weeks to get my account unfrozen and i had to provide extensive documentation
10001902,Money Transfer,and i had to provide extensive documentation including pay stubs and tax returns
10001715,Savings Account,synchrony charged me a monthly maintenance fee on my synchrony savings that was supposed to be free when i called to dispute they said i did not maintain the minimum balance of even though my statements show i was always above that threshold i want all fees refunded and a guarantee this will not
10001715,Savings Account,all fees refunded and a guarantee this will not happen again
10002180,Money Transfer,i sent via venmo through zelle to pay my landlord the money was deducted from my account but never received by the recipient it has been weeks and zelle has not been able to locate the funds or provide a refund i am now at risk of eviction because my rent appears unpaid
10000953,Personal Loan,i tried to make an extra payment on my marcus loan from goldman sachs to pay down the principal faster their system automatically applied it to future payments instead of the principal balance after calling times each representative gave me different instructions i am paying more interest than
10000953,Personal Loan,instructions i am paying more interest than necessary because they will not properly apply my payments
10000583,Credit Card,i have been a loyal amex gold cardholder with capital one for over years recently i noticed my interest rate was increased from to without adequate explanation i have excellent payment history and no late payments other companies are offering much lower rates i am considering closing this account if
10000583,Credit Card,rates i am considering closing this account if the rate is not adjusted
10000276,Credit Card,capital one charged me a late fee on my chase sapphire card even though i made my payment on time my bank records show the payment was initiated days before the due date when i called to dispute they said the payment was received one day late due to processing time this is unacceptable i should not
10000276,Credit Card,processing time this is unacceptable i should not be penalized for their slow processing system
10000687,Credit Card,my capital one venture card from capital one suddenly had its credit limit reduced from to without any prior notification i have never missed a payment and my credit score is above when i called to ask why the representative could not give me a clear answer this reduction has negatively affected my
10000687,Credit Card,answer this reduction has negatively affected my credit utilization ratio and dropped my score by points
10000597,Credit Card,someone made fraudulent purchases on my chase sapphire card totaling i reported this to capital one immediately and they opened an investigation after weeks they denied my fraud claim saying the transactions appeared legitimate i have filed a police report and have evidence that i was in a different
10000597,Credit Card,and have evidence that i was in a different state when these transactions occurred
10000496,Credit Card,the rewards program on my chase sapphire card was changed without notice citibank devalued the points by nearly making the annual fee of no longer worth it i specifically chose this card for its rewards structure and feel this is a baitandswitch tactic longtime customers should be grandfathered into
10000496,Credit Card,longtime customers should be grandfathered into the original rewards program
10001271,Savings Account,my synchrony savings with synchrony was accessed by someone who changed my contact information and attempted to transfer out of my account when i reported this synchrony took weeks to investigate and temporarily restricted my access i am concerned about the security of their online banking platform
10001271,Savings Account,the security of their online banking platform and how this person gained access
10001086,Personal Loan,the total cost of my marcus loan from goldman sachs ended up being which is nearly times the original loan amount of the interest rate of combined with various processing fees and insurance charges that were added without my clear consent have made this loan predatory in my opinion
10001573,Savings Account,my ally savings with goldman sachs was accessed by someone who changed my contact information and attempted to transfer out of my account when i reported this goldman sachs took weeks to investigate and temporarily restricted my access i am concerned about the security of their online banking
10001573,Savings Account,about the security of their online banking platform and how this person gained access
10000458,Credit Card,someone made fraudulent purchases on my chase sapphire card totaling i reported this to citibank immediately and they opened an investigation after weeks they denied my fraud claim saying the transactions appeared legitimate i have filed a police report and have evidence that i was in a different
10000458,Credit Card,and have evidence that i was in a different state when these transactions occurred
10001638,Savings Account,i tried to withdraw from my chase savings at ally bank and was told my account was frozen pending a security review no one informed me of any issues beforehand i had bills due and no access to my own money for weeks the customer service was unhelpful and could not tell me when the review would be
10001638,Savings Account,and could not tell me when the review would be completed
10000633,Credit Card,the rewards program on my capital one venture card was changed without notice citibank devalued the points by nearly making the annual fee of no longer worth it i specifically chose this card for its rewards structure and feel this is a baitandswitch tactic longtime customers should be grandfathered
10000633,Credit Card,tactic longtime customers should be grandfathered into the original rewards program
10000742,Credit Card,i have been a loyal discover it cardholder with capital one for over years recently i noticed my interest rate was increased from to without adequate explanation i have excellent payment history and no late payments other companies are offering much lower rates i am considering closing this account
10000742,Credit Card,lower rates i am considering closing this account if the rate is not adjusted
10001660,Savings Account,i have been trying to reach ally banks customer service about an issue with my chase savings for weeks wait times exceed minutes and i have been disconnected times after waiting when i finally got through the representative could not resolve my issue and told me to call back this level of service is
10001660,Savings Account,and told me to call back this level of service is completely unacceptable for a bank holding my savings
10000287,Credit Card,the rewards program on my capital one venture card was changed without notice citibank devalued the points by nearly making the annual fee of no longer worth it i specifically chose this card for its rewards structure and feel this is a baitandswitch tactic longtime customers should be grandfathered
10000287,Credit Card,tactic longtime customers should be grandfathered into the original rewards program
10001402,Savings Account,i have been trying to reach discovers customer service about an issue with my marcus savings for weeks wait times exceed minutes and i have been disconnected times after waiting when i finally got through the representative could not resolve my issue and told me to call back this level of service is
10001402,Savings Account,and told me to call back this level of service is completely unacceptable for a bank holding my savings
10001937,Money Transfer,i sent via paypal through western union to pay my landlord the money was deducted from my account but never received by the recipient it has been weeks and western union has not been able to locate the funds or provide a refund i am now at risk of eviction because my rent appears unpaid
10000164,Credit Card,i have been a loyal capital one venture cardholder with citibank for over years recently i noticed my interest rate was increased from to without adequate explanation i have excellent payment history and no late payments other companies are offering much lower rates i am considering closing this
10000164,Credit Card,much lower rates i am considering closing this account if the rate is not adjusted
10000734,Credit Card,i noticed a charge of on my capital one venture statement from i did not authorize this transaction and have been trying to resolve it with discover for weeks they keep transferring me between departments and no one takes responsibility i have provided documentation proving i was not at the merchant
10000734,Credit Card,documentation proving i was not at the merchant location this is extremely frustrating and i need this resolved immediately
10000945,Personal Loan,i have been making regular payments on my marcus loan from goldman sachs for months last month they claimed they did not receive my payment even though my bank shows it was debited they charged me a late fee and reported a missed payment to the credit bureaus dropping my score by points i need this
10000945,Personal Loan,bureaus dropping my score by points i need this corrected immediately
10001318,Savings Account,my ally savings with synchrony was accessed by someone who changed my contact information and attempted to transfer out of my account when i reported this synchrony took weeks to investigate and temporarily restricted my access i am concerned about the security of their online banking platform and
10001318,Savings Account,the security of their online banking platform and how this person gained access
10000427,Credit Card,the rewards program on my discover it card was changed without notice american express devalued the points by nearly making the annual fee of no longer worth it i specifically chose this card for its rewards structure and feel this is a baitandswitch tactic longtime customers should be grandfathered
10000427,Credit Card,tactic longtime customers should be grandfathered into the original rewards program
10001379,Savings Account,i tried to withdraw from my chase savings at synchrony and was told my account was frozen pending a security review no one informed me of any issues beforehand i had bills due and no access to my own money for weeks the customer service was unhelpful and could not tell me when the review would be
10001379,Savings Account,and could not tell me when the review would be completed
10000695,Credit Card,i noticed a charge of on my chase sapphire statement from i did not authorize this transaction and have been trying to resolve it with chase for weeks they keep transferring me between departments and no one takes responsibility i have provided documentation proving i was not at the merchant
10000695,Credit Card,documentation proving i was not at the merchant location this is extremely frustrating and i need this resolved immediately
10002229,Money Transfer,i sent via venmo through western union to pay my landlord the money was deducted from my account but never received by the recipient it has been weeks and western union has not been able to locate the funds or provide a refund i am now at risk of eviction because my rent appears unpaid
10001654,Savings Account,my marcus savings with synchrony was accessed by someone who changed my contact information and attempted to transfer out of my account when i reported this synchrony took weeks to investigate and temporarily restricted my access i am concerned about the security of their online banking platform and
10001654,Savings Account,the security of their online banking platform and how this person gained access
10002240,Money Transfer,i accidentally sent to the wrong person through wire transfer via zelle i realized the error within minutes and immediately contacted them to cancel they said the transaction was already completed and they cannot reverse it they suggested i ask the recipient nicely to send it back this is an
10002240,Money Transfer,the recipient nicely to send it back this is an unacceptable response for such a large amount
10001477,Savings Account,goldman sachs charged me a monthly maintenance fee on my ally savings that was supposed to be free when i called to dispute they said i did not maintain the minimum balance of even though my statements show i was always above that threshold i want all fees refunded and a guarantee this will not
10001477,Savings Account,all fees refunded and a guarantee this will not happen again
10001932,Money Transfer,zelle charged me a fee for a wire transfer transfer that was advertised as free the fee was hidden in the exchange rate markup and only visible after carefully comparing the rates the actual exchange rate applied was worse than the market rate this is deceptive and the total hidden cost was
10001916,Money Transfer,i sent via venmo through paypal to pay my landlord the money was deducted from my account but never received by the recipient it has been weeks and paypal has not been able to locate the funds or provide a refund i am now at risk of eviction because my rent appears unpaid
10000231,Credit Card,the rewards program on my amex gold card was changed without notice citibank devalued the points by nearly making the annual fee of no longer worth it i specifically chose this card for its rewards structure and feel this is a baitandswitch tactic longtime customers should be grandfathered into the
10000231,Credit Card,customers should be grandfathered into the original rewards program
10001320,Savings Account,goldman sachs closed my marcus savings account without warning citing business reasons i had in the account and it took weeks to receive a cashiers check no explanation was ever provided for the closure i have been a customer for years with no suspicious activity on the account
10000618,Credit Card,my amex gold card from american express suddenly had its credit limit reduced from to without any prior notification i have never missed a payment and my credit score is above when i called to ask why the representative could not give me a clear answer this reduction has negatively affected my
10000618,Credit Card,answer this reduction has negatively affected my credit utilization ratio and dropped my score by points
10000630,Credit Card,the rewards program on my capital one venture card was changed without notice american express devalued the points by nearly making the annual fee of no longer worth it i specifically chose this card for its rewards structure and feel this is a baitandswitch tactic longtime customers should be
10000630,Credit Card,baitandswitch tactic longtime customers should be grandfathered into the original rewards program
10002224,Money Transfer,i sent via western union through venmo to pay my landlord the money was deducted from my account but never received by the recipient it has been weeks and venmo has not been able to locate the funds or provide a refund i am now at risk of eviction because my rent appears unpaid
10000773,Credit Card,i have been a loyal amex gold cardholder with discover for over years recently i noticed my interest rate was increased from to without adequate explanation i have excellent payment history and no late payments other companies are offering much lower rates i am considering closing this account if
10000773,Credit Card,rates i am considering closing this account if the rate is not adjusted
10001034,Personal Loan,i tried to make an extra payment on my lendingclub loan from prosper to pay down the principal faster their system automatically applied it to future payments instead of the principal balance after calling times each representative gave me different instructions i am paying more interest than
10001034,Personal Loan,instructions i am paying more interest than necessary because they will not properly apply my payments
10000325,Credit Card,i applied for the capital one venture card specifically for the point signup bonus i met all the spending requirements within the specified timeframe but citibank has refused to credit my bonus points i have called times over the past months and each representative tells me something different i
10000325,Credit Card,representative tells me something different i have all receipts and statements showing i qualified
10002248,Money Transfer,my account was frozen by zelle after i made a venmo transfer of they claimed the transaction was flagged for suspicious activity but i was simply sending money to my family overseas which i do every month it took weeks to get my account unfrozen and i had to provide extensive documentation including
10002248,Money Transfer,had to provide extensive documentation including pay stubs and tax returns
10000375,Credit Card,someone made fraudulent purchases on my amex gold card totaling i reported this to citibank immediately and they opened an investigation after weeks they denied my fraud claim saying the transactions appeared legitimate i have filed a police report and have evidence that i was in a different state
10000375,Credit Card,and have evidence that i was in a different state when these transactions occurred
10001030,Personal Loan,i applied for a lendingclub loan with prosper and was denied despite having a credit score of and a stable income of per year the denial letter was vague citing insufficient credit history i have years of credit history with no delinquencies i believe this decision was made unfairly and request a
10001030,Personal Loan,this decision was made unfairly and request a proper review
10001284,Savings Account,synchrony charged me a monthly maintenance fee on my ally savings that was supposed to be free when i called to dispute they said i did not maintain the minimum balance of even though my statements show i was always above that threshold i want all fees refunded and a guarantee this will not happen
10001284,Savings Account,refunded and a guarantee this will not happen again
10000887,Personal Loan,lendingclub sold my upstart loan loan to a thirdparty debt collector without notifying me the collector is now adding additional fees and interest that were not part of my original agreement they call me times per day including on weekends and have been rude and threatening this is harassment and a
10000887,Personal Loan,rude and threatening this is harassment and a violation of fair debt collection practices
10000298,Credit Card,i have been a loyal amex gold cardholder with chase for over years recently i noticed my interest rate was increased from to without adequate explanation i have excellent payment history and no late payments other companies are offering much lower rates i am considering closing this account if the
10000298,Credit Card,i am considering closing this account if the rate is not adjusted
10001045,Personal Loan,i have been making regular payments on my upstart loan from prosper for months last month they claimed they did not receive my payment even though my bank shows it was debited they charged me a late fee and reported a missed payment to the credit bureaus dropping my score by points i need this
10001045,Personal Loan,bureaus dropping my score by points i need this corrected immediately
10000240,Credit Card,i applied for the capital one venture card specifically for the point signup bonus i met all the spending requirements within the specified timeframe but capital one has refused to credit my bonus points i have called times over the past months and each representative tells me something different i
10000240,Credit Card,representative tells me something different i have all receipts and statements showing i qualified
10000100,Credit Card,discover charged me a late fee on my amex gold card even though i made my payment on time my bank records show the payment was initiated days before the due date when i called to dispute they said the payment was received one day late due to processing time this is unacceptable i should not be
10000100,Credit Card,time this is unacceptable i should not be penalized for their slow processing system
10002182,Money Transfer,i sent via zelle through venmo to pay my landlord the money was deducted from my account but never received by the recipient it has been weeks and venmo has not been able to locate the funds or provide a refund i am now at risk of eviction because my rent appears unpaid
10000282,Credit Card,the rewards program on my amex gold card was changed without notice discover devalued the points by nearly making the annual fee of no longer worth it i specifically chose this card for its rewards structure and feel this is a baitandswitch tactic longtime customers should be grandfathered into the
10000282,Credit Card,customers should be grandfathered into the original rewards program
10000355,Credit Card,someone made fraudulent purchases on my discover it card totaling i reported this to citibank immediately and they opened an investigation after weeks they denied my fraud claim saying the transactions appeared legitimate i have filed a police report and have evidence that i was in a different state
10000355,Credit Card,and have evidence that i was in a different state when these transactions occurred
10000622,Credit Card,someone made fraudulent purchases on my discover it card totaling i reported this to discover immediately and they opened an investigation after weeks they denied my fraud claim saying the transactions appeared legitimate i have filed a police report and have evidence that i was in a different state
10000622,Credit Card,and have evidence that i was in a different state when these transactions occurred
10001226,Savings Account,i have been trying to reach synchronys customer service about an issue with my ally savings for weeks wait times exceed minutes and i have been disconnected times after waiting when i finally got through the representative could not resolve my issue and told me to call back this level of service is
10001226,Savings Account,and told me to call back this level of service is completely unacceptable for a bank holding my savings
10000603,Credit Card,i have been a loyal amex gold cardholder with capital one for over years recently i noticed my interest rate was increased from to without adequate explanation i have excellent payment history and no late payments other companies are offering much lower rates i am considering closing this account if
10000603,Credit Card,rates i am considering closing this account if the rate is not adjusted
10001068,Personal Loan,i took out a personal loan of with upstart through their upstart loan program the advertised rate was but after approval i was given the terms were buried in fine print and the loan officer rushed me through the signing process i am now paying per month which is more than what was originally quoted
10001117,Personal Loan,i have been making regular payments on my lendingclub loan from sofi for months last month they claimed they did not receive my payment even though my bank shows it was debited they charged me a late fee and reported a missed payment to the credit bureaus dropping my score by points i need this
10001117,Personal Loan,bureaus dropping my score by points i need this corrected immediately
10002073,Money Transfer,i sent via wire transfer through western union to pay my landlord the money was deducted from my account but never received by the recipient it has been weeks and western union has not been able to locate the funds or provide a refund i am now at risk of eviction because my rent appears unpaid
10000464,Credit Card,i applied for the amex gold card specifically for the point signup bonus i met all the spending requirements within the specified timeframe but discover has refused to credit my bonus points i have called times over the past months and each representative tells me something different i have all
10000464,Credit Card,tells me something different i have all receipts and statements showing i qualified
10001288,Savings Account,i tried to withdraw from my chase savings at chase and was told my account was frozen pending a security review no one informed me of any issues beforehand i had bills due and no access to my own money for weeks the customer service was unhelpful and could not tell me when the review would be
10001288,Savings Account,and could not tell me when the review would be completed
10000125,Credit Card,i noticed a charge of on my amex gold statement from i did not authorize this transaction and have been trying to resolve it with chase for weeks they keep transferring me between departments and no one takes responsibility i have provided documentation proving i was not at the merchant location
10000125,Credit Card,proving i was not at the merchant location this is extremely frustrating and i need this resolved immediately
10002014,Money Transfer,i was contacted by someone claiming to be from my banks fraud department they convinced me to send via venmo to secure my account i later realized this was a scam and immediately contacted paypal they refused to reverse the transaction saying venmo transfers are final i believe paypal should have
10002014,Money Transfer,transfers are final i believe paypal should have better fraud protection mechanisms
10000186,Credit Card,i have been a loyal citi double cash cardholder with citibank for over years recently i noticed my interest rate was increased from to without adequate explanation i have excellent payment history and no late payments other companies are offering much lower rates i am considering closing this
10000186,Credit Card,much lower rates i am considering closing this account if the rate is not adjusted
10001001,Personal Loan,i took out a personal loan of with upstart through their marcus loan program the advertised rate was but after approval i was given the terms were buried in fine print and the loan officer rushed me through the signing process i am now paying per month which is more than what was originally quoted
10001587,Savings Account,i tried to withdraw from my marcus savings at chase and was told my account was frozen pending a security review no one informed me of any issues beforehand i had bills due and no access to my own money for weeks the customer service was unhelpful and could not tell me when the review would be
10001587,Savings Account,and could not tell me when the review would be completed
10000671,Credit Card,i have been a loyal chase sapphire cardholder with american express for over years recently i noticed my interest rate was increased from to without adequate explanation i have excellent payment history and no late payments other companies are offering much lower rates i am considering closing this
10000671,Credit Card,much lower rates i am considering closing this account if the rate is not adjusted
10001065,Personal Loan,i applied for a upstart loan with sofi and was denied despite having a credit score of and a stable income of per year the denial letter was vague citing insufficient credit history i have years of credit history with no delinquencies i believe this decision was made unfairly and request a proper
10001065,Personal Loan,decision was made unfairly and request a proper review
10001684,Savings Account,goldman sachs charged me a monthly maintenance fee on my chase savings that was supposed to be free when i called to dispute they said i did not maintain the minimum balance of even though my statements show i was always above that threshold i want all fees refunded and a guarantee this will not
10001684,Savings Account,all fees refunded and a guarantee this will not happen again
10000650,Credit Card,someone made fraudulent purchases on my citi double cash card totaling i reported this to american express immediately and they opened an investigation after weeks they denied my fraud claim saying the transactions appeared legitimate i have filed a police report and have evidence that i was in a
10000650,Credit Card,a police report and have evidence that i was in a different state when these transactions occurred
10000066,Credit Card,my citi double cash card from citibank suddenly had its credit limit reduced from to without any prior notification i have never missed a payment and my credit score is above when i called to ask why the representative could not give me a clear answer this reduction has negatively affected my credit
10000066,Credit Card,this reduction has negatively affected my credit utilization ratio and dropped my score by points
10001223,Savings Account,synchrony charged me a monthly maintenance fee on my discover savings that was supposed to be free when i called to dispute they said i did not maintain the minimum balance of even though my statements show i was always above that threshold i want all fees refunded and a guarantee this will not
10001223,Savings Account,all fees refunded and a guarantee this will not happen again
10000354,Credit Card,someone made fraudulent purchases on my capital one venture card totaling i reported this to citibank immediately and they opened an investigation after weeks they denied my fraud claim saying the transactions appeared legitimate i have filed a police report and have evidence that i was in a
10000354,Credit Card,a police report and have evidence that i was in a different state when these transactions occurred
10002036,Money Transfer,my account was frozen by bank of america after i made a wire transfer transfer of they claimed the transaction was flagged for suspicious activity but i was simply sending money to my family overseas which i do every month it took weeks to get my account unfrozen and i had to provide extensive
10002036,Money Transfer,account unfrozen and i had to provide extensive documentation including pay stubs and tax returns
10001989,Money Transfer,i sent via western union through bank of america to pay my landlord the money was deducted from my account but never received by the recipient it has been weeks and bank of america has not been able to locate the funds or provide a refund i am now at risk of eviction because my rent appears unpaid
10001176,Personal Loan,i tried to make an extra payment on my sofi personal loan from upstart to pay down the principal faster their system automatically applied it to future payments instead of the principal balance after calling times each representative gave me different instructions i am paying more interest than
10001176,Personal Loan,instructions i am paying more interest than necessary because they will not properly apply my payments
10001551,Savings Account,my synchrony savings with chase was accessed by someone who changed my contact information and attempted to transfer out of my account when i reported this chase took weeks to investigate and temporarily restricted my access i am concerned about the security of their online banking platform and how
10001551,Savings Account,security of their online banking platform and how this person gained access
10001564,Savings Account,chase closed my synchrony savings account without warning citing business reasons i had in the account and it took weeks to receive a cashiers check no explanation was ever provided for the closure i have been a customer for years with no suspicious activity on the account
10002087,Money Transfer,my account was frozen by venmo after i made a wire transfer transfer of they claimed the transaction was flagged for suspicious activity but i was simply sending money to my family overseas which i do every month it took weeks to get my account unfrozen and i had to provide extensive documentation
10002087,Money Transfer,and i had to provide extensive documentation including pay stubs and tax returns
10000050,Credit Card,i have been a loyal amex gold cardholder with capital one for over years recently i noticed my interest rate was increased from to without adequate explanation i have excellent payment history and no late payments other companies are offering much lower rates i am considering closing this account if
10000050,Credit Card,rates i am considering closing this account if the rate is not adjusted
10001872,Money Transfer,i accidentally sent to the wrong person through venmo via bank of america i realized the error within minutes and immediately contacted them to cancel they said the transaction was already completed and they cannot reverse it they suggested i ask the recipient nicely to send it back this is an
10001872,Money Transfer,the recipient nicely to send it back this is an unacceptable response for such a large amount
10000766,Credit Card,i applied for the amex gold card specifically for the point signup bonus i met all the spending requirements within the specified timeframe but american express has refused to credit my bonus points i have called times over the past months and each representative tells me something different i have
10000766,Credit Card,tells me something different i have all receipts and statements showing i qualified
10002205,Money Transfer,zelle charged me a fee for a zelle transfer that was advertised as free the fee was hidden in the exchange rate markup and only visible after carefully comparing the rates the actual exchange rate applied was worse than the market rate this is deceptive and the total hidden cost was
10000220,Credit Card,the rewards program on my discover it card was changed without notice chase devalued the points by nearly making the annual fee of no longer worth it i specifically chose this card for its rewards structure and feel this is a baitandswitch tactic longtime customers should be grandfathered into the
10000220,Credit Card,customers should be grandfathered into the original rewards program
10001044,Personal Loan,i applied for a marcus loan with goldman sachs and was denied despite having a credit score of and a stable income of per year the denial letter was vague citing insufficient credit history i have years of credit history with no delinquencies i believe this decision was made unfairly and request a
10001044,Personal Loan,this decision was made unfairly and request a proper review
10002106,Money Transfer,i was contacted by someone claiming to be from my banks fraud department they convinced me to send via wire transfer to secure my account i later realized this was a scam and immediately contacted bank of america they refused to reverse the transaction saying wire transfer transfers are final i
10002106,Money Transfer,saying wire transfer transfers are final i believe bank of america should have better fraud protection mechanisms
10000024,Credit Card,i applied for the chase sapphire card specifically for the point signup bonus i met all the spending requirements within the specified timeframe but discover has refused to credit my bonus points i have called times over the past months and each representative tells me something different i have all
10000024,Credit Card,tells me something different i have all receipts and statements showing i qualified
10001042,Personal Loan,i have been making regular payments on my prosper loan from upstart for months last month they claimed they did not receive my payment even though my bank shows it was debited they charged me a late fee and reported a missed payment to the credit bureaus dropping my score by points i need this
10001042,Personal Loan,bureaus dropping my score by points i need this corrected immediately
10000213,Credit Card,i noticed a charge of on my citi double cash statement from i did not authorize this transaction and have been trying to resolve it with chase for weeks they keep transferring me between departments and no one takes responsibility i have provided documentation proving i was not at the merchant
10000213,Credit Card,documentation proving i was not at the merchant location this is extremely frustrating and i need this resolved immediately
10001343,Savings Account,my ally savings with ally bank was accessed by someone who changed my contact information and attempted to transfer out of my account when i reported this ally bank took weeks to investigate and temporarily restricted my access i am concerned about the security of their online banking platform and
10001343,Savings Account,the security of their online banking platform and how this person gained access
10000528,Credit Card,someone made fraudulent purchases on my discover it card totaling i reported this to capital one immediately and they opened an investigation after weeks they denied my fraud claim saying the transactions appeared legitimate i have filed a police report and have evidence that i was in a different
10000528,Credit Card,and have evidence that i was in a different state when these transactions occurred
10001593,Savings Account,i opened a discover savings with ally bank because they advertised a apy after three months the rate was quietly dropped to without notification when i called they said the promotional rate had expired but this was never clearly communicated at account opening i moved into this account specifically
10001593,Savings Account,opening i moved into this account specifically for the higher rate
10000701,Credit Card,capital one charged me a late fee on my citi double cash card even though i made my payment on time my bank records show the payment was initiated days before the due date when i called to dispute they said the payment was received one day late due to processing time this is unacceptable i should
10000701,Credit Card,to processing time this is unacceptable i should not be penalized for their slow processing system
10002209,Money Transfer,i accidentally sent to the wrong person through paypal via venmo i realized the error within minutes and immediately contacted them to cancel they said the transaction was already completed and they cannot reverse it they suggested i ask the recipient nicely to send it back this is an unacceptable
10002209,Money Transfer,nicely to send it back this is an unacceptable response for such a large amount
10001515,Savings Account,i opened a synchrony savings with synchrony because they advertised a apy after three months the rate was quietly dropped to without notification when i called they said the promotional rate had expired but this was never clearly communicated at account opening i moved into this account specifically
10001515,Savings Account,opening i moved into this account specifically for the higher rate
10001799,Savings Account,i have been trying to reach chases customer service about an issue with my discover savings for weeks wait times exceed minutes and i have been disconnected times after waiting when i finally got through the representative could not resolve my issue and told me to call back this level of service is
10001799,Savings Account,and told me to call back this level of service is completely unacceptable for a bank holding my savings
10002033,Money Transfer,zelle charged me a fee for a wire transfer transfer that was advertised as free the fee was hidden in the exchange rate markup and only visible after carefully comparing the rates the actual exchange rate applied was worse than the market rate this is deceptive and the total hidden cost was
10000907,Personal Loan,i applied for a lendingclub loan with lendingclub and was denied despite having a credit score of and a stable income of per year the denial letter was vague citing insufficient credit history i have years of credit history with no delinquencies i believe this decision was made unfairly and request
10000907,Personal Loan,this decision was made unfairly and request a proper review
10001166,Personal Loan,i took out a personal loan of with goldman sachs through their upstart loan program the advertised rate was but after approval i was given the terms were buried in fine print and the loan officer rushed me through the signing process i am now paying per month which is more than what was originally
10001166,Personal Loan,per month which is more than what was originally quoted
10000652,Credit Card,my amex gold card from discover suddenly had its credit limit reduced from to without any prior notification i have never missed a payment and my credit score is above when i called to ask why the representative could not give me a clear answer this reduction has negatively affected my credit
10000652,Credit Card,this reduction has negatively affected my credit utilization ratio and dropped my score by points
10001179,Personal Loan,lendingclub sold my lendingclub loan loan to a thirdparty debt collector without notifying me the collector is now adding additional fees and interest that were not part of my original agreement they call me times per day including on weekends and have been rude and threatening this is harassment
10001179,Personal Loan,have been rude and threatening this is harassment and a violation of fair debt collection practices
10000361,Credit Card,i applied for the discover it card specifically for the point signup bonus i met all the spending requirements within the specified timeframe but american express has refused to credit my bonus points i have called times over the past months and each representative tells me something different i
10000361,Credit Card,representative tells me something different i have all receipts and statements showing i qualified
10000979,Personal Loan,i took out a personal loan of with prosper through their sofi personal loan program the advertised rate was but after approval i was given the terms were buried in fine print and the loan officer rushed me through the signing process i am now paying per month which is more than what was originally
10000979,Personal Loan,per month which is more than what was originally quoted
10000352,Credit Card,i applied for the citi double cash card specifically for the point signup bonus i met all the spending requirements within the specified timeframe but chase has refused to credit my bonus points i have called times over the past months and each representative tells me something different i have all
10000352,Credit Card,tells me something different i have all receipts and statements showing i qualified
10000648,Credit Card,the rewards program on my discover it card was changed without notice american express devalued the points by nearly making the annual fee of no longer worth it i specifically chose this card for its rewards structure and feel this is a baitandswitch tactic longtime customers should be grandfathered
10000648,Credit Card,tactic longtime customers should be grandfathered into the original rewards program
10001974,Money Transfer,i initiated an international transfer of through venmos wire transfer service the estimated delivery was days but after weeks the money has still not arrived each time i call they say it is being processed meanwhile the exchange rate has changed significantly costing me an additional in value
10000211,Credit Card,the rewards program on my chase sapphire card was changed without notice american express devalued the points by nearly making the annual fee of no longer worth it i specifically chose this card for its rewards structure and feel this is a baitandswitch tactic longtime customers should be
10000211,Credit Card,baitandswitch tactic longtime customers should be grandfathered into the original rewards program
10001274,Savings Account,i tried to withdraw from my marcus savings at ally bank and was told my account was frozen pending a security review no one informed me of any issues beforehand i had bills due and no access to my own money for weeks the customer service was unhelpful and could not tell me when the review would be
10001274,Savings Account,and could not tell me when the review would be completed
10000300,Credit Card,someone made fraudulent purchases on my citi double cash card totaling i reported this to discover immediately and they opened an investigation after weeks they denied my fraud claim saying the transactions appeared legitimate i have filed a police report and have evidence that i was in a different
10000300,Credit Card,and have evidence that i was in a different state when these transactions occurred
10000307,Credit Card,my amex gold card from citibank suddenly had its credit limit reduced from to without any prior notification i have never missed a payment and my credit score is above when i called to ask why the representative could not give me a clear answer this reduction has negatively affected my credit
10000307,Credit Card,this reduction has negatively affected my credit utilization ratio and dropped my score by points
10000904,Personal Loan,i took out a personal loan of with sofi through their marcus loan program the advertised rate was but after approval i was given the terms were buried in fine print and the loan officer rushed me through the signing process i am now paying per month which is more than what was originally quoted
10001881,Money Transfer,i sent via venmo through paypal to pay my landlord the money was deducted from my account but never received by the recipient it has been weeks and paypal has not been able to locate the funds or provide a refund i am now at risk of eviction because my rent appears unpaid
10002105,Money Transfer,i accidentally sent to the wrong person through venmo via bank of america i realized the error within minutes and immediately contacted them to cancel they said the transaction was already completed and they cannot reverse it they suggested i ask the recipient nicely to send it back this is an
10002105,Money Transfer,the recipient nicely to send it back this is an unacceptable response for such a large amount
10000119,Credit Card,citibank charged me a late fee on my citi double cash card even though i made my payment on time my bank records show the payment was initiated days before the due date when i called to dispute they said the payment was received one day late due to processing time this is unacceptable i should not
10000119,Credit Card,processing time this is unacceptable i should not be penalized for their slow processing system
10000221,Credit Card,someone made fraudulent purchases on my citi double cash card totaling i reported this to discover immediately and they opened an investigation after weeks they denied my fraud claim saying the transactions appeared legitimate i have filed a police report and have evidence that i was in a different
10000221,Credit Card,and have evidence that i was in a different state when these transactions occurred
10000549,Credit Card,i have been a loyal capital one venture cardholder with citibank for over years recently i noticed my interest rate was increased from to without adequate explanation i have excellent payment history and no late payments other companies are offering much lower rates i am considering closing this
10000549,Credit Card,much lower rates i am considering closing this account if the rate is not adjusted
10001317,Savings Account,chase closed my marcus savings account without warning citing business reasons i had in the account and it took weeks to receive a cashiers check no explanation was ever provided for the closure i have been a customer for years with no suspicious activity on the account
10000675,Credit Card,my discover it card from capital one suddenly had its credit limit reduced from to without any prior notification i have never missed a payment and my credit score is above when i called to ask why the representative could not give me a clear answer this reduction has negatively affected my credit
10000675,Credit Card,this reduction has negatively affected my credit utilization ratio and dropped my score by points
10000238,Credit Card,i applied for the amex gold card specifically for the point signup bonus i met all the spending requirements within the specified timeframe but american express has refused to credit my bonus points i have called times over the past months and each representative tells me something different i have
10000238,Credit Card,tells me something different i have all receipts and statements showing i qualified
10001311,Savings Account,my synchrony savings with discover was accessed by someone who changed my contact information and attempted to transfer out of my account when i reported this discover took weeks to investigate and temporarily restricted my access i am concerned about the security of their online banking platform
10001311,Savings Account,the security of their online banking platform and how this person gained access
10000783,Credit Card,i applied for the amex gold card specifically for the point signup bonus i met all the spending requirements within the specified timeframe but capital one has refused to credit my bonus points i have called times over the past months and each representative tells me something different i have all
10000783,Credit Card,tells me something different i have all receipts and statements showing i qualified
10001259,Savings Account,goldman sachs charged me a monthly maintenance fee on my chase savings that was supposed to be free when i called to dispute they said i did not maintain the minimum balance of even though my statements show i was always above that threshold i want all fees refunded and a guarantee this will not
10001259,Savings Account,all fees refunded and a guarantee this will not happen again
10000950,Personal Loan,the total cost of my lendingclub loan from prosper ended up being which is nearly times the original loan amount of the interest rate of combined with various processing fees and insurance charges that were added without my clear consent have made this loan predatory in my opinion
10001125,Personal Loan,i took out a personal loan of with sofi through their marcus loan program the advertised rate was but after approval i was given the terms were buried in fine print and the loan officer rushed me through the signing process i am now paying per month which is more than what was originally quoted
10000556,Credit Card,i have been a loyal chase sapphire cardholder with chase for over years recently i noticed my interest rate was increased from to without adequate explanation i have excellent payment history and no late payments other companies are offering much lower rates i am considering closing this account if
10000556,Credit Card,rates i am considering closing this account if the rate is not adjusted
10001629,Savings Account,i tried to withdraw from my synchrony savings at synchrony and was told my account was frozen pending a security review no one informed me of any issues beforehand i had bills due and no access to my own money for weeks the customer service was unhelpful and could not tell me when the review would
10001629,Savings Account,and could not tell me when the review would be completed
10000927,Personal Loan,the total cost of my prosper loan from prosper ended up being which is nearly times the original loan amount of the interest rate of combined with various processing fees and insurance charges that were added without my clear consent have made this loan predatory in my opinion
10001712,Savings Account,i tried to withdraw from my marcus savings at ally bank and was told my account was frozen pending a security review no one informed me of any issues beforehand i had bills due and no access to my own money for weeks the customer service was unhelpful and could not tell me when the review would be
10001712,Savings Account,and could not tell me when the review would be completed
10000994,Personal Loan,i tried to make an extra payment on my sofi personal loan from prosper to pay down the principal faster their system automatically applied it to future payments instead of the principal balance after calling times each representative gave me different instructions i am paying more interest than
10000994,Personal Loan,instructions i am paying more interest than necessary because they will not properly apply my payments
10000014,Credit Card,i have been a loyal amex gold cardholder with citibank for over years recently i noticed my interest rate was increased from to without adequate explanation i have excellent payment history and no late payments other companies are offering much lower rates i am considering closing this account if
10000014,Credit Card,rates i am considering closing this account if the rate is not adjusted
10000362,Credit Card,i applied for the chase sapphire card specifically for the point signup bonus i met all the spending requirements within the specified timeframe but american express has refused to credit my bonus points i have called times over the past months and each representative tells me something different i
10000362,Credit Card,representative tells me something different i have all receipts and statements showing i qualified
10002211,Money Transfer,i sent via venmo through venmo to pay my landlord the money was deducted from my account but never received by the recipient it has been weeks and venmo has not been able to locate the funds or provide a refund i am now at risk of eviction because my rent appears unpaid
10000297,Credit Card,chase charged me a late fee on my citi double cash card even though i made my payment on time my bank records show the payment was initiated days before the due date when i called to dispute they said the payment was received one day late due to processing time this is unacceptable i should not be
10000297,Credit Card,time this is unacceptable i should not be penalized for their slow processing system
10002044,Money Transfer,i initiated an international transfer of through bank of americas wire transfer service the estimated delivery was days but after weeks the money has still not arrived each time i call they say it is being processed meanwhile the exchange rate has changed significantly costing me an additional in
10002044,Money Transfer,changed significantly costing me an additional in value
10000757,Credit Card,the rewards program on my amex gold card was changed without notice discover devalued the points by nearly making the annual fee of no longer worth it i specifically chose this card for its rewards structure and feel this is a baitandswitch tactic longtime customers should be grandfathered into the
10000757,Credit Card,customers should be grandfathered into the original rewards program
10001428,Savings Account,i have been trying to reach synchronys customer service about an issue with my synchrony savings for weeks wait times exceed minutes and i have been disconnected times after waiting when i finally got through the representative could not resolve my issue and told me to call back this level of
10001428,Savings Account,my issue and told me to call back this level of service is completely unacceptable for a bank holding my savings
10000410,Credit Card,my amex gold card from american express suddenly had its credit limit reduced from to without any prior notification i have never missed a payment and my credit score is above when i called to ask why the representative could not give me a clear answer this reduction has negatively affected my
10000410,Credit Card,answer this reduction has negatively affected my credit utilization ratio and dropped my score by points
10001973,Money Transfer,i accidentally sent to the wrong person through wire transfer via zelle i realized the error within minutes and immediately contacted them to cancel they said the transaction was already completed and they cannot reverse it they suggested i ask the recipient nicely to send it back this is an
10001973,Money Transfer,the recipient nicely to send it back this is an unacceptable response for such a large amount
10001579,Savings Account,i opened a discover savings with ally bank because they advertised a apy after three months the rate was quietly dropped to without notification when i called they said the promotional rate had expired but this was never clearly communicated at account opening i moved into this account specifically
10001579,Savings Account,opening i moved into this account specifically for the higher rate
10000388,Credit Card,i applied for the chase sapphire card specifically for the point signup bonus i met all the spending requirements within the specified timeframe but discover has refused to credit my bonus points i have called times over the past months and each representative tells me something different i have all
10000388,Credit Card,tells me something different i have all receipts and statements showing i qualified
10000673,Credit Card,my capital one venture card from american express suddenly had its credit limit reduced from to without any prior notification i have never missed a payment and my credit score is above when i called to ask why the representative could not give me a clear answer this reduction has negatively
10000673,Credit Card,me a clear answer this reduction has negatively affected my credit utilization ratio and dropped my score by points
10001545,Savings Account,i opened a discover savings with synchrony because they advertised a apy after three months the rate was quietly dropped to without notification when i called they said the promotional rate had expired but this was never clearly communicated at account opening i moved into this account specifically
10001545,Savings Account,opening i moved into this account specifically for the higher rate
10002053,Money Transfer,i sent via paypal through venmo to pay my landlord the money was deducted from my account but never received by the recipient it has been weeks and venmo has not been able to locate the funds or provide a refund i am now at risk of eviction because my rent appears unpaid
10002103,Money Transfer,i accidentally sent to the wrong person through western union via paypal i realized the error within minutes and immediately contacted them to cancel they said the transaction was already completed and they cannot reverse it they suggested i ask the recipient nicely to send it back this is an
10002103,Money Transfer,the recipient nicely to send it back this is an unacceptable response for such a large amount
10000383,Credit Card,i noticed a charge of on my citi double cash statement from i did not authorize this transaction and have been trying to resolve it with capital one for weeks they keep transferring me between departments and no one takes responsibility i have provided documentation proving i was not at the merchant
10000383,Credit Card,documentation proving i was not at the merchant location this is extremely frustrating and i need this resolved immediately
10000728,Credit Card,i noticed a charge of on my citi double cash statement from i did not authorize this transaction and have been trying to resolve it with discover for weeks they keep transferring me between departments and no one takes responsibility i have provided documentation proving i was not at the merchant
10000728,Credit Card,documentation proving i was not at the merchant location this is extremely frustrating and i need this resolved immediately
10001361,Savings Account,my discover savings with chase was accessed by someone who changed my contact information and attempted to transfer out of my account when i reported this chase took weeks to investigate and temporarily restricted my access i am concerned about the security of their online banking platform and how
10001361,Savings Account,security of their online banking platform and how this person gained access
10000892,Personal Loan,i applied for a upstart loan with sofi and was denied despite having a credit score of and a stable income of per year the denial letter was vague citing insufficient credit history i have years of credit history with no delinquencies i believe this decision was made unfairly and request a proper
10000892,Personal Loan,decision was made unfairly and request a proper review
10001267,Savings Account,i tried to withdraw from my ally savings at goldman sachs and was told my account was frozen pending a security review no one informed me of any issues beforehand i had bills due and no access to my own money for weeks the customer service was unhelpful and could not tell me when the review would be
10001267,Savings Account,and could not tell me when the review would be completed
10000716,Credit Card,i applied for the capital one venture card specifically for the point signup bonus i met all the spending requirements within the specified timeframe but capital one has refused to credit my bonus points i have called times over the past months and each representative tells me something different i
10000716,Credit Card,representative tells me something different i have all receipts and statements showing i qualified
10002125,Money Transfer,western union charged me a fee for a paypal transfer that was advertised as free the fee was hidden in the exchange rate markup and only visible after carefully comparing the rates the actual exchange rate applied was worse than the market rate this is deceptive and the total hidden cost was
10001940,Money Transfer,i was contacted by someone claiming to be from my banks fraud department they convinced me to send via venmo to secure my account i later realized this was a scam and immediately contacted zelle they refused to reverse the transaction saying venmo transfers are final i believe zelle should have
10001940,Money Transfer,transfers are final i believe zelle should have better fraud protection mechanisms
10001227,Savings Account,i tried to withdraw from my chase savings at discover and was told my account was frozen pending a security review no one informed me of any issues beforehand i had bills due and no access to my own money for weeks the customer service was unhelpful and could not tell me when the review would be
10001227,Savings Account,and could not tell me when the review would be completed
10000930,Personal Loan,i tried to make an extra payment on my prosper loan from sofi to pay down the principal faster their system automatically applied it to future payments instead of the principal balance after calling times each representative gave me different instructions i am paying more interest than necessary
10000930,Personal Loan,i am paying more interest than necessary because they will not properly apply my payments
10002067,Money Transfer,i sent via paypal through bank of america to pay my landlord the money was deducted from my account but never received by the recipient it has been weeks and bank of america has not been able to locate the funds or provide a refund i am now at risk of eviction because my rent appears unpaid
10000009,Credit Card,i have been a loyal capital one venture cardholder with american express for over years recently i noticed my interest rate was increased from to without adequate explanation i have excellent payment history and no late payments other companies are offering much lower rates i am considering closing
10000009,Credit Card,much lower rates i am considering closing this account if the rate is not adjusted
10000317,Credit Card,someone made fraudulent purchases on my citi double cash card totaling i reported this to discover immediately and they opened an investigation after weeks they denied my fraud claim saying the transactions appeared legitimate i have filed a police report and have evidence that i was in a different
10000317,Credit Card,and have evidence that i was in a different state when these transactions occurred
10002121,Money Transfer,western union charged me a fee for a wire transfer transfer that was advertised as free the fee was hidden in the exchange rate markup and only visible after carefully comparing the rates the actual exchange rate applied was worse than the market rate this is deceptive and the total hidden cost was
10000428,Credit Card,my amex gold card from capital one suddenly had its credit limit reduced from to without any prior notification i have never missed a payment and my credit score is above when i called to ask why the representative could not give me a clear answer this reduction has negatively affected my credit
10000428,Credit Card,this reduction has negatively affected my credit utilization ratio and dropped my score by points
10000106,Credit Card,my capital one venture card from discover suddenly had its credit limit reduced from to without any prior notification i have never missed a payment and my credit score is above when i called to ask why the representative could not give me a clear answer this reduction has negatively affected my
10000106,Credit Card,answer this reduction has negatively affected my credit utilization ratio and dropped my score by points
10001627,Savings Account,i have been trying to reach goldman sachss customer service about an issue with my ally savings for weeks wait times exceed minutes and i have been disconnected times after waiting when i finally got through the representative could not resolve my issue and told me to call back this level of service
10001627,Savings Account,and told me to call back this level of service is completely unacceptable for a bank holding my savings
10000122,Credit Card,i have been a loyal chase sapphire cardholder with discover for over years recently i noticed my interest rate was increased from to without adequate explanation i have excellent payment history and no late payments other companies are offering much lower rates i am considering closing this account
10000122,Credit Card,lower rates i am considering closing this account if the rate is not adjusted
10001353,Savings Account,i opened a discover savings with ally bank because they advertised a apy after three months the rate was quietly dropped to without notification when i called they said the promotional rate had expired but this was never clearly communicated at account opening i moved into this account specifically
10001353,Savings Account,opening i moved into this account specifically for the higher rate
10000555,Credit Card,my citi double cash card from discover suddenly had its credit limit reduced from to without any prior notification i have never missed a payment and my credit score is above when i called to ask why the representative could not give me a clear answer this reduction has negatively affected my credit
10000555,Credit Card,this reduction has negatively affected my credit utilization ratio and dropped my score by points
10001113,Personal Loan,sofi sold my upstart loan loan to a thirdparty debt collector without notifying me the collector is now adding additional fees and interest that were not part of my original agreement they call me times per day including on weekends and have been rude and threatening this is harassment and a
10001113,Personal Loan,rude and threatening this is harassment and a violation of fair debt collection practices
10001494,Savings Account,ally bank closed my discover savings account without warning citing business reasons i had in the account and it took weeks to receive a cashiers check no explanation was ever provided for the closure i have been a customer for years with no suspicious activity on the account
10000116,Credit Card,the rewards program on my amex gold card was changed without notice american express devalued the points by nearly making the annual fee of no longer worth it i specifically chose this card for its rewards structure and feel this is a baitandswitch tactic longtime customers should be grandfathered
10000116,Credit Card,tactic longtime customers should be grandfathered into the original rewards program
10002029,Money Transfer,i sent via venmo through venmo to pay my landlord the money was deducted from my account but never received by the recipient it has been weeks and venmo has not been able to locate the funds or provide a refund i am now at risk of eviction because my rent appears unpaid
10002158,Money Transfer,i initiated an international transfer of through western unions paypal service the estimated delivery was days but after weeks the money has still not arrived each time i call they say it is being processed meanwhile the exchange rate has changed significantly costing me an additional in value
10000644,Credit Card,american express charged me a late fee on my citi double cash card even though i made my payment on time my bank records show the payment was initiated days before the due date when i called to dispute they said the payment was received one day late due to processing time this is unacceptable i
10000644,Credit Card,due to processing time this is unacceptable i should not be penalized for their slow processing system
10001883,Money Transfer,zelle charged me a fee for a zelle transfer that was advertised as free the fee was hidden in the exchange rate markup and only visible after carefully comparing the rates the actual exchange rate applied was worse than the market rate this is deceptive and the total hidden cost was
10001612,Savings Account,my chase savings with synchrony was accessed by someone who changed my contact information and attempted to transfer out of my account when i reported this synchrony took weeks to investigate and temporarily restricted my access i am concerned about the security of their online banking platform and
10001612,Savings Account,the security of their online banking platform and how this person gained access
10000737,Credit Card,capital one charged me a late fee on my amex gold card even though i made my payment on time my bank records show the payment was initiated days before the due date when i called to dispute they said the payment was received one day late due to processing time this is unacceptable i should not be
10000737,Credit Card,time this is unacceptable i should not be penalized for their slow processing system
10001607,Savings Account,i have been trying to reach goldman sachss customer service about an issue with my synchrony savings for weeks wait times exceed minutes and i have been disconnected times after waiting when i finally got through the representative could not resolve my issue and told me to call back this level of
10001607,Savings Account,my issue and told me to call back this level of service is completely unacceptable for a bank holding my savings
10001404,Savings Account,discover charged me a monthly maintenance fee on my discover savings that was supposed to be free when i called to dispute they said i did not maintain the minimum balance of even though my statements show i was always above that threshold i want all fees refunded and a guarantee this will not
10001404,Savings Account,all fees refunded and a guarantee this will not happen again
10000088,Credit Card,my capital one venture card from discover suddenly had its credit limit reduced from to without any prior notification i have never missed a payment and my credit score is above when i called to ask why the representative could not give me a clear answer this reduction has negatively affected my
10000088,Credit Card,answer this reduction has negatively affected my credit utilization ratio and dropped my score by points
10001420,Savings Account,i opened a marcus savings with ally bank because they advertised a apy after three months the rate was quietly dropped to without notification when i called they said the promotional rate had expired but this was never clearly communicated at account opening i moved into this account specifically
10001420,Savings Account,opening i moved into this account specifically for the higher rate
10002232,Money Transfer,i sent via paypal through western union to pay my landlord the money was deducted from my account but never received by the recipient it has been weeks and western union has not been able to locate the funds or provide a refund i am now at risk of eviction because my rent appears unpaid
10001356,Savings Account,chase charged me a monthly maintenance fee on my ally savings that was supposed to be free when i called to dispute they said i did not maintain the minimum balance of even though my statements show i was always above that threshold i want all fees refunded and a guarantee this will not happen again
10001058,Personal Loan,upstart sold my prosper loan loan to a thirdparty debt collector without notifying me the collector is now adding additional fees and interest that were not part of my original agreement they call me times per day including on weekends and have been rude and threatening this is harassment and a
10001058,Personal Loan,rude and threatening this is harassment and a violation of fair debt collection practices
10001754,Savings Account,ally bank charged me a monthly maintenance fee on my synchrony savings that was supposed to be free when i called to dispute they said i did not maintain the minimum balance of even though my statements show i was always above that threshold i want all fees refunded and a guarantee this will not
10001754,Savings Account,all fees refunded and a guarantee this will not happen again
10001554,Savings Account,my synchrony savings with ally bank was accessed by someone who changed my contact information and attempted to transfer out of my account when i reported this ally bank took weeks to investigate and temporarily restricted my access i am concerned about the security of their online banking platform
10001554,Savings Account,the security of their online banking platform and how this person gained access
10000544,Credit Card,i noticed a charge of on my amex gold statement from i did not authorize this transaction and have been trying to resolve it with discover for weeks they keep transferring me between departments and no one takes responsibility i have provided documentation proving i was not at the merchant location
10000544,Credit Card,proving i was not at the merchant location this is extremely frustrating and i need this resolved immediately
10002175,Money Transfer,i initiated an international transfer of through venmos zelle service the estimated delivery was days but after weeks the money has still not arrived each time i call they say it is being processed meanwhile the exchange rate has changed significantly costing me an additional in value
10000495,Credit Card,the rewards program on my discover it card was changed without notice discover devalued the points by nearly making the annual fee of no longer worth it i specifically chose this card for its rewards structure and feel this is a baitandswitch tactic longtime customers should be grandfathered into
10000495,Credit Card,longtime customers should be grandfathered into the original rewards program
10001352,Savings Account,i have been trying to reach discovers customer service about an issue with my marcus savings for weeks wait times exceed minutes and i have been disconnected times after waiting when i finally got through the representative could not resolve my issue and told me to call back this level of service is
10001352,Savings Account,and told me to call back this level of service is completely unacceptable for a bank holding my savings
10002091,Money Transfer,i accidentally sent to the wrong person through wire transfer via venmo i realized the error within minutes and immediately contacted them to cancel they said the transaction was already completed and they cannot reverse it they suggested i ask the recipient nicely to send it back this is an
10002091,Money Transfer,the recipient nicely to send it back this is an unacceptable response for such a large amount
10001304,Savings Account,goldman sachs closed my synchrony savings account without warning citing business reasons i had in the account and it took weeks to receive a cashiers check no explanation was ever provided for the closure i have been a customer for years with no suspicious activity on the account
10000072,Credit Card,i noticed a charge of on my capital one venture statement from i did not authorize this transaction and have been trying to resolve it with discover for weeks they keep transferring me between departments and no one takes responsibility i have provided documentation proving i was not at the merchant
10000072,Credit Card,documentation proving i was not at the merchant location this is extremely frustrating and i need this resolved immediately
10000064,Credit Card,i have been a loyal citi double cash cardholder with discover for over years recently i noticed my interest rate was increased from to without adequate explanation i have excellent payment history and no late payments other companies are offering much lower rates i am considering closing this
10000064,Credit Card,much lower rates i am considering closing this account if the rate is not adjusted
10001721,Savings Account,i have been trying to reach synchronys customer service about an issue with my synchrony savings for weeks wait times exceed minutes and i have been disconnected times after waiting when i finally got through the representative could not resolve my issue and told me to call back this level of
10001721,Savings Account,my issue and told me to call back this level of service is completely unacceptable for a bank holding my savings
10002192,Money Transfer,venmo charged me a fee for a wire transfer transfer that was advertised as free the fee was hidden in the exchange rate markup and only visible after carefully comparing the rates the actual exchange rate applied was worse than the market rate this is deceptive and the total hidden cost was
10001164,Personal Loan,i have been making regular payments on my marcus loan from sofi for months last month they claimed they did not receive my payment even though my bank shows it was debited they charged me a late fee and reported a missed payment to the credit bureaus dropping my score by points i need this corrected
10001164,Personal Loan,dropping my score by points i need this corrected immediately
10002216,Money Transfer,i accidentally sent to the wrong person through wire transfer via bank of america i realized the error within minutes and immediately contacted them to cancel they said the transaction was already completed and they cannot reverse it they suggested i ask the recipient nicely to send it back this is
10002216,Money Transfer,ask the recipient nicely to send it back this is an unacceptable response for such a large amount
10001928,Money Transfer,i sent via venmo through zelle to pay my landlord the money was deducted from my account but never received by the recipient it has been weeks and zelle has not been able to locate the funds or provide a refund i am now at risk of eviction because my rent appears unpaid
10001285,Savings Account,i have been trying to reach ally banks customer service about an issue with my ally savings for weeks wait times exceed minutes and i have been disconnected times after waiting when i finally got through the representative could not resolve my issue and told me to call back this level of service is
10001285,Savings Account,and told me to call back this level of service is completely unacceptable for a bank holding my savings
10001923,Money Transfer,i accidentally sent to the wrong person through western union via paypal i realized the error within minutes and immediately contacted them to cancel they said the transaction was already completed and they cannot reverse it they suggested i ask the recipient nicely to send it back this is an
10001923,Money Transfer,the recipient nicely to send it back this is an unacceptable response for such a large amount
10001618,Savings Account,chase closed my chase savings account without warning citing business reasons i had in the account and it took weeks to receive a cashiers check no explanation was ever provided for the closure i have been a customer for years with no suspicious activity on the account
10000206,Credit Card,i noticed a charge of on my capital one venture statement from i did not authorize this transaction and have been trying to resolve it with discover for weeks they keep transferring me between departments and no one takes responsibility i have provided documentation proving i was not at the merchant
10000206,Credit Card,documentation proving i was not at the merchant location this is extremely frustrating and i need this resolved immediately
10001357,Savings Account,i opened a ally savings with synchrony because they advertised a apy after three months the rate was quietly dropped to without notification when i called they said the promotional rate had expired but this was never clearly communicated at account opening i moved into this account specifically for
10001357,Savings Account,i moved into this account specifically for the higher rate
10001114,Personal Loan,the total cost of my lendingclub loan from goldman sachs ended up being which is nearly times the original loan amount of the interest rate of combined with various processing fees and insurance charges that were added without my clear consent have made this loan predatory in my opinion
10000378,Credit Card,american express charged me a late fee on my chase sapphire card even though i made my payment on time my bank records show the payment was initiated days before the due date when i called to dispute they said the payment was received one day late due to processing time this is unacceptable i should
10000378,Credit Card,to processing time this is unacceptable i should not be penalized for their slow processing system
10000536,Credit Card,the rewards program on my chase sapphire card was changed without notice discover devalued the points by nearly making the annual fee of no longer worth it i specifically chose this card for its rewards structure and feel this is a baitandswitch tactic longtime customers should be grandfathered into
10000536,Credit Card,longtime customers should be grandfathered into the original rewards program
10001319,Savings Account,synchrony charged me a monthly maintenance fee on my chase savings that was supposed to be free when i called to dispute they said i did not maintain the minimum balance of even though my statements show i was always above that threshold i want all fees refunded and a guarantee this will not happen
10001319,Savings Account,refunded and a guarantee this will not happen again
10000599,Credit Card,discover charged me a late fee on my chase sapphire card even though i made my payment on time my bank records show the payment was initiated days before the due date when i called to dispute they said the payment was received one day late due to processing time this is unacceptable i should not be
10000599,Credit Card,time this is unacceptable i should not be penalized for their slow processing system
10000199,Credit Card,i noticed a charge of on my chase sapphire statement from i did not authorize this transaction and have been trying to resolve it with citibank for weeks they keep transferring me between departments and no one takes responsibility i have provided documentation proving i was not at the merchant
10000199,Credit Card,documentation proving i was not at the merchant location this is extremely frustrating and i need this resolved immediately
10000562,Credit Card,the rewards program on my discover it card was changed without notice capital one devalued the points by nearly making the annual fee of no longer worth it i specifically chose this card for its rewards structure and feel this is a baitandswitch tactic longtime customers should be grandfathered into
10000562,Credit Card,longtime customers should be grandfathered into the original rewards program
10001028,Personal Loan,i took out a personal loan of with prosper through their lendingclub loan program the advertised rate was but after approval i was given the terms were buried in fine print and the loan officer rushed me through the signing process i am now paying per month which is more than what was originally
10001028,Personal Loan,per month which is more than what was originally quoted
10000520,Credit Card,my chase sapphire card from american express suddenly had its credit limit reduced from to without any prior notification i have never missed a payment and my credit score is above when i called to ask why the representative could not give me a clear answer this reduction has negatively affected my
10000520,Credit Card,answer this reduction has negatively affected my credit utilization ratio and dropped my score by points
10000309,Credit Card,i noticed a charge of on my chase sapphire statement from i did not authorize this transaction and have been trying to resolve it with chase for weeks they keep transferring me between departments and no one takes responsibility i have provided documentation proving i was not at the merchant
10000309,Credit Card,documentation proving i was not at the merchant location this is extremely frustrating and i need this resolved immediately
10001455,Savings Account,goldman sachs charged me a monthly maintenance fee on my marcus savings that was supposed to be free when i called to dispute they said i did not maintain the minimum balance of even though my statements show i was always above that threshold i want all fees refunded and a guarantee this will not
10001455,Savings Account,all fees refunded and a guarantee this will not happen again
10000060,Credit Card,capital one charged me a late fee on my discover it card even though i made my payment on time my bank records show the payment was initiated days before the due date when i called to dispute they said the payment was received one day late due to processing time this is unacceptable i should not be
10000060,Credit Card,time this is unacceptable i should not be penalized for their slow processing system
10000787,Credit Card,the rewards program on my chase sapphire card was changed without notice discover devalued the points by nearly making the annual fee of no longer worth it i specifically chose this card for its rewards structure and feel this is a baitandswitch tactic longtime customers should be grandfathered into
10000787,Credit Card,longtime customers should be grandfathered into the original rewards program
10000606,Credit Card,my citi double cash card from citibank suddenly had its credit limit reduced from to without any prior notification i have never missed a payment and my credit score is above when i called to ask why the representative could not give me a clear answer this reduction has negatively affected my credit
10000606,Credit Card,this reduction has negatively affected my credit utilization ratio and dropped my score by points
10000208,Credit Card,i have been a loyal amex gold cardholder with chase for over years recently i noticed my interest rate was increased from to without adequate explanation i have excellent payment history and no late payments other companies are offering much lower rates i am considering closing this account if the
10000208,Credit Card,i am considering closing this account if the rate is not adjusted
10002117,Money Transfer,i was contacted by someone claiming to be from my banks fraud department they convinced me to send via western union to secure my account i later realized this was a scam and immediately contacted paypal they refused to reverse the transaction saying western union transfers are final i believe
10002117,Money Transfer,western union transfers are final i believe paypal should have better fraud protection mechanisms
10002189,Money Transfer,i was contacted by someone claiming to be from my banks fraud department they convinced me to send via venmo to secure my account i later realized this was a scam and immediately contacted paypal they refused to reverse the transaction saying venmo transfers are final i believe paypal should have
10002189,Money Transfer,transfers are final i believe paypal should have better fraud protection mechanisms
10002152,Money Transfer,my account was frozen by bank of america after i made a zelle transfer of they claimed the transaction was flagged for suspicious activity but i was simply sending money to my family overseas which i do every month it took weeks to get my account unfrozen and i had to provide extensive documentation
10002152,Money Transfer,and i had to provide extensive documentation including pay stubs and tax returns
10000163,Credit Card,chase charged me a late fee on my citi double cash card even though i made my payment on time my bank records show the payment was initiated days before the due date when i called to dispute they said the payment was received one day late due to processing time this is unacceptable i should not be
10000163,Credit Card,time this is unacceptable i should not be penalized for their slow processing system
10001103,Personal Loan,i have been making regular payments on my lendingclub loan from upstart for months last month they claimed they did not receive my payment even though my bank shows it was debited they charged me a late fee and reported a missed payment to the credit bureaus dropping my score by points i need this
10001103,Personal Loan,bureaus dropping my score by points i need this corrected immediately
10001464,Savings Account,i have been trying to reach chases customer service about an issue with my chase savings for weeks wait times exceed minutes and i have been disconnected times after waiting when i finally got through the representative could not resolve my issue and told me to call back this level of service is
10001464,Savings Account,and told me to call back this level of service is completely unacceptable for a bank holding my savings
10000257,Credit Card,i noticed a charge of on my chase sapphire statement from i did not authorize this transaction and have been trying to resolve it with citibank for weeks they keep transferring me between departments and no one takes responsibility i have provided documentation proving i was not at the merchant
10000257,Credit Card,documentation proving i was not at the merchant location this is extremely frustrating and i need this resolved immediately
10001138,Personal Loan,i took out a personal loan of with prosper through their upstart loan program the advertised rate was but after approval i was given the terms were buried in fine print and the loan officer rushed me through the signing process i am now paying per month which is more than what was originally quoted
10001658,Savings Account,i tried to withdraw from my synchrony savings at ally bank and was told my account was frozen pending a security review no one informed me of any issues beforehand i had bills due and no access to my own money for weeks the customer service was unhelpful and could not tell me when the review would
10001658,Savings Account,and could not tell me when the review would be completed
10002207,Money Transfer,paypal charged me a fee for a wire transfer transfer that was advertised as free the fee was hidden in the exchange rate markup and only visible after carefully comparing the rates the actual exchange rate applied was worse than the market rate this is deceptive and the total hidden cost was
10002138,Money Transfer,my account was frozen by venmo after i made a zelle transfer of they claimed the transaction was flagged for suspicious activity but i was simply sending money to my family overseas which i do every month it took weeks to get my account unfrozen and i had to provide extensive documentation including
10002138,Money Transfer,had to provide extensive documentation including pay stubs and tax returns
10001405,Savings Account,my discover savings with goldman sachs was accessed by someone who changed my contact information and attempted to transfer out of my account when i reported this goldman sachs took weeks to investigate and temporarily restricted my access i am concerned about the security of their online banking
10001405,Savings Account,about the security of their online banking platform and how this person gained access
10000021,Credit Card,i have been a loyal chase sapphire cardholder with discover for over years recently i noticed my interest rate was increased from to without adequate explanation i have excellent payment history and no late payments other companies are offering much lower rates i am considering closing this account
10000021,Credit Card,lower rates i am considering closing this account if the rate is not adjusted
10000799,Credit Card,i applied for the discover it card specifically for the point signup bonus i met all the spending requirements within the specified timeframe but chase has refused to credit my bonus points i have called times over the past months and each representative tells me something different i have all
10000799,Credit Card,tells me something different i have all receipts and statements showing i qualified
10000382,Credit Card,the rewards program on my discover it card was changed without notice capital one devalued the points by nearly making the annual fee of no longer worth it i specifically chose this card for its rewards structure and feel this is a baitandswitch tactic longtime customers should be grandfathered into
10000382,Credit Card,longtime customers should be grandfathered into the original rewards program
10000539,Credit Card,the rewards program on my amex gold card was changed without notice capital one devalued the points by nearly making the annual fee of no longer worth it i specifically chose this card for its rewards structure and feel this is a baitandswitch tactic longtime customers should be grandfathered into
10000539,Credit Card,longtime customers should be grandfathered into the original rewards program
10001346,Savings Account,chase closed my synchrony savings account without warning citing business reasons i had in the account and it took weeks to receive a cashiers check no explanation was ever provided for the closure i have been a customer for years with no suspicious activity on the account
10000638,Credit Card,i applied for the chase sapphire card specifically for the point signup bonus i met all the spending requirements within the specified timeframe but capital one has refused to credit my bonus points i have called times over the past months and each representative tells me something different i have
10000638,Credit Card,tells me something different i have all receipts and statements showing i qualified
10000084,Credit Card,the rewards program on my capital one venture card was changed without notice discover devalued the points by nearly making the annual fee of no longer worth it i specifically chose this card for its rewards structure and feel this is a baitandswitch tactic longtime customers should be grandfathered
10000084,Credit Card,tactic longtime customers should be grandfathered into the original rewards program
10001038,Personal Loan,i tried to make an extra payment on my marcus loan from prosper to pay down the principal faster their system automatically applied it to future payments instead of the principal balance after calling times each representative gave me different instructions i am paying more interest than necessary
10001038,Personal Loan,i am paying more interest than necessary because they will not properly apply my payments
10001238,Savings Account,my discover savings with synchrony was accessed by someone who changed my contact information and attempted to transfer out of my account when i reported this synchrony took weeks to investigate and temporarily restricted my access i am concerned about the security of their online banking platform
10001238,Savings Account,the security of their online banking platform and how this person gained access
10000271,Credit Card,capital one charged me a late fee on my capital one venture card even though i made my payment on time my bank records show the payment was initiated days before the due date when i called to dispute they said the payment was received one day late due to processing time this is unacceptable i should
10000271,Credit Card,to processing time this is unacceptable i should not be penalized for their slow processing system
10000908,Personal Loan,i have been making regular payments on my marcus loan from lendingclub for months last month they claimed they did not receive my payment even though my bank shows it was debited they charged me a late fee and reported a missed payment to the credit bureaus dropping my score by points i need this
10000908,Personal Loan,bureaus dropping my score by points i need this corrected immediately
10001503,Savings Account,my discover savings with goldman sachs was accessed by someone who changed my contact information and attempted to transfer out of my account when i reported this goldman sachs took weeks to investigate and temporarily restricted my access i am concerned about the security of their online banking
10001503,Savings Account,about the security of their online banking platform and how this person gained access
10001054,Personal Loan,the total cost of my prosper loan from sofi ended up being which is nearly times the original loan amount of the interest rate of combined with various processing fees and insurance charges that were added without my clear consent have made this loan predatory in my opinion
10000430,Credit Card,the rewards program on my citi double cash card was changed without notice citibank devalued the points by nearly making the annual fee of no longer worth it i specifically chose this card for its rewards structure and feel this is a baitandswitch tactic longtime customers should be grandfathered
10000430,Credit Card,tactic longtime customers should be grandfathered into the original rewards program
10000965,Personal Loan,i have been making regular payments on my sofi personal loan from prosper for months last month they claimed they did not receive my payment even though my bank shows it was debited they charged me a late fee and reported a missed payment to the credit bureaus dropping my score by points i need this
10000965,Personal Loan,bureaus dropping my score by points i need this corrected immediately
10001018,Personal Loan,upstart sold my lendingclub loan loan to a thirdparty debt collector without notifying me the collector is now adding additional fees and interest that were not part of my original agreement they call me times per day including on weekends and have been rude and threatening this is harassment and a
10001018,Personal Loan,rude and threatening this is harassment and a violation of fair debt collection practices
10001972,Money Transfer,i sent via venmo through paypal to pay my landlord the money was deducted from my account but never received by the recipient it has been weeks and paypal has not been able to locate the funds or provide a refund i am now at risk of eviction because my rent appears unpaid
10000459,Credit Card,someone made fraudulent purchases on my capital one venture card totaling i reported this to capital one immediately and they opened an investigation after weeks they denied my fraud claim saying the transactions appeared legitimate i have filed a police report and have evidence that i was in a
10000459,Credit Card,a police report and have evidence that i was in a different state when these transactions occurred
10000079,Credit Card,the rewards program on my capital one venture card was changed without notice chase devalued the points by nearly making the annual fee of no longer worth it i specifically chose this card for its rewards structure and feel this is a baitandswitch tactic longtime customers should be grandfathered
10000079,Credit Card,tactic longtime customers should be grandfathered into the original rewards program
10000033,Credit Card,i applied for the discover it card specifically for the point signup bonus i met all the spending requirements within the specified timeframe but american express has refused to credit my bonus points i have called times over the past months and each representative tells me something different i
10000033,Credit Card,representative tells me something different i have all receipts and statements showing i qualified
10002076,Money Transfer,i was contacted by someone claiming to be from my banks fraud department they convinced me to send via western union to secure my account i later realized this was a scam and immediately contacted bank of america they refused to reverse the transaction saying western union transfers are final i
10002076,Money Transfer,saying western union transfers are final i believe bank of america should have better fraud protection mechanisms
10000381,Credit Card,i have been a loyal capital one venture cardholder with chase for over years recently i noticed my interest rate was increased from to without adequate explanation i have excellent payment history and no late payments other companies are offering much lower rates i am considering closing this
10000381,Credit Card,much lower rates i am considering closing this account if the rate is not adjusted
10001111,Personal Loan,the total cost of my upstart loan from goldman sachs ended up being which is nearly times the original loan amount of the interest rate of combined with various processing fees and insurance charges that were added without my clear consent have made this loan predatory in my opinion
10001369,Savings Account,i tried to withdraw from my ally savings at discover and was told my account was frozen pending a security review no one informed me of any issues beforehand i had bills due and no access to my own money for weeks the customer service was unhelpful and could not tell me when the review would be
10001369,Savings Account,and could not tell me when the review would be completed
10001682,Savings Account,i tried to withdraw from my synchrony savings at goldman sachs and was told my account was frozen pending a security review no one informed me of any issues beforehand i had bills due and no access to my own money for weeks the customer service was unhelpful and could not tell me when the review
10001682,Savings Account,unhelpful and could not tell me when the review would be completed
10000306,Credit Card,i noticed a charge of on my citi double cash statement from i did not authorize this transaction and have been trying to resolve it with american express for weeks they keep transferring me between departments and no one takes responsibility i have provided documentation proving i was not at the
10000306,Credit Card,provided documentation proving i was not at the merchant location this is extremely frustrating and i need this resolved immediately
10000210,Credit Card,i applied for the capital one venture card specifically for the point signup bonus i met all the spending requirements within the specified timeframe but discover has refused to credit my bonus points i have called times over the past months and each representative tells me something different i
10000210,Credit Card,representative tells me something different i have all receipts and statements showing i qualified
10001668,Savings Account,i have been trying to reach discovers customer service about an issue with my discover savings for weeks wait times exceed minutes and i have been disconnected times after waiting when i finally got through the representative could not resolve my issue and told me to call back this level of service
10001668,Savings Account,and told me to call back this level of service is completely unacceptable for a bank holding my savings
10001994,Money Transfer,i sent via wire transfer through paypal to pay my landlord the money was deducted from my account but never received by the recipient it has been weeks and paypal has not been able to locate the funds or provide a refund i am now at risk of eviction because my rent appears unpaid
10001449,Savings Account,my chase savings with synchrony was accessed by someone who changed my contact information and attempted to transfer out of my account when i reported this synchrony took weeks to investigate and temporarily restricted my access i am concerned about the security of their online banking platform and
10001449,Savings Account,the security of their online banking platform and how this person gained access
10001591,Savings Account,i opened a ally savings with ally bank because they advertised a apy after three months the rate was quietly dropped to without notification when i called they said the promotional rate had expired but this was never clearly communicated at account opening i moved into this account specifically for
10001591,Savings Account,i moved into this account specifically for the higher rate
10001736,Savings Account,i have been trying to reach chases customer service about an issue with my discover savings for weeks wait times exceed minutes and i have been disconnected times after waiting when i finally got through the representative could not resolve my issue and told me to call back this level of service is
10001736,Savings Account,and told me to call back this level of service is completely unacceptable for a bank holding my savings
10001790,Savings Account,my ally savings with synchrony was accessed by someone who changed my contact information and attempted to transfer out of my account when i reported this synchrony took weeks to investigate and temporarily restricted my access i am concerned about the security of their online banking platform and
10001790,Savings Account,the security of their online banking platform and how this person gained access
10000484,Credit Card,citibank charged me a late fee on my capital one venture card even though i made my payment on time my bank records show the payment was initiated days before the due date when i called to dispute they said the payment was received one day late due to processing time this is unacceptable i should
10000484,Credit Card,to processing time this is unacceptable i should not be penalized for their slow processing system
10001500,Savings Account,i have been trying to reach synchronys customer service about an issue with my ally savings for weeks wait times exceed minutes and i have been disconnected times after waiting when i finally got through the representative could not resolve my issue and told me to call back this level of service is
10001500,Savings Account,and told me to call back this level of service is completely unacceptable for a bank holding my savings
10000278,Credit Card,i noticed a charge of on my amex gold statement from i did not authorize this transaction and have been trying to resolve it with citibank for weeks they keep transferring me between departments and no one takes responsibility i have provided documentation proving i was not at the merchant location
10000278,Credit Card,proving i was not at the merchant location this is extremely frustrating and i need this resolved immediately
10001925,Money Transfer,my account was frozen by western union after i made a paypal transfer of they claimed the transaction was flagged for suspicious activity but i was simply sending money to my family overseas which i do every month it took weeks to get my account unfrozen and i had to provide extensive documentation
10001925,Money Transfer,and i had to provide extensive documentation including pay stubs and tax returns
10000222,Credit Card,i have been a loyal chase sapphire cardholder with american express for over years recently i noticed my interest rate was increased from to without adequate explanation i have excellent payment history and no late payments other companies are offering much lower rates i am considering closing this
10000222,Credit Card,much lower rates i am considering closing this account if the rate is not adjusted
10000894,Personal Loan,sofi sold my marcus loan loan to a thirdparty debt collector without notifying me the collector is now adding additional fees and interest that were not part of my original agreement they call me times per day including on weekends and have been rude and threatening this is harassment and a
10000894,Personal Loan,rude and threatening this is harassment and a violation of fair debt collection practices
10000572,Credit Card,someone made fraudulent purchases on my amex gold card totaling i reported this to discover immediately and they opened an investigation after weeks they denied my fraud claim saying the transactions appeared legitimate i have filed a police report and have evidence that i was in a different state
10000572,Credit Card,and have evidence that i was in a different state when these transactions occurred
10000412,Credit Card,i noticed a charge of on my amex gold statement from i did not authorize this transaction and have been trying to resolve it with capital one for weeks they keep transferring me between departments and no one takes responsibility i have provided documentation proving i was not at the merchant
10000412,Credit Card,documentation proving i was not at the merchant location this is extremely frustrating and i need this resolved immediately
10000678,Credit Card,i noticed a charge of on my citi double cash statement from i did not authorize this transaction and have been trying to resolve it with citibank for weeks they keep transferring me between departments and no one takes responsibility i have provided documentation proving i was not at the merchant
10000678,Credit Card,documentation proving i was not at the merchant location this is extremely frustrating and i need this resolved immediately
10000586,Credit Card,the rewards program on my discover it card was changed without notice chase devalued the points by nearly making the annual fee of no longer worth it i specifically chose this card for its rewards structure and feel this is a baitandswitch tactic longtime customers should be grandfathered into the
10000586,Credit Card,customers should be grandfathered into the original rewards program
10001019,Personal Loan,i tried to make an extra payment on my upstart loan from goldman sachs to pay down the principal faster their system automatically applied it to future payments instead of the principal balance after calling times each representative gave me different instructions i am paying more interest than
10001019,Personal Loan,instructions i am paying more interest than necessary because they will not properly apply my payments
10002179,Money Transfer,i was contacted by someone claiming to be from my banks fraud department they convinced me to send via paypal to secure my account i later realized this was a scam and immediately contacted western union they refused to reverse the transaction saying paypal transfers are final i believe western
10002179,Money Transfer,paypal transfers are final i believe western union should have better fraud protection mechanisms
10001316,Savings Account,i tried to withdraw from my synchrony savings at discover and was told my account was frozen pending a security review no one informed me of any issues beforehand i had bills due and no access to my own money for weeks the customer service was unhelpful and could not tell me when the review would be
10001316,Savings Account,and could not tell me when the review would be completed
10000966,Personal Loan,the total cost of my lendingclub loan from lendingclub ended up being which is nearly times the original loan amount of the interest rate of combined with various processing fees and insurance charges that were added without my clear consent have made this loan predatory in my opinion
10000448,Credit Card,i have been a loyal citi double cash cardholder with citibank for over years recently i noticed my interest rate was increased from to without adequate explanation i have excellent payment history and no late payments other companies are offering much lower rates i am considering closing this
10000448,Credit Card,much lower rates i am considering closing this account if the rate is not adjusted
10000882,Personal Loan,i took out a personal loan of with sofi through their sofi personal loan program the advertised rate was but after approval i was given the terms were buried in fine print and the loan officer rushed me through the signing process i am now paying per month which is more than what was originally
10000882,Personal Loan,per month which is more than what was originally quoted
10001450,Savings Account,my synchrony savings with goldman sachs was accessed by someone who changed my contact information and attempted to transfer out of my account when i reported this goldman sachs took weeks to investigate and temporarily restricted my access i am concerned about the security of their online banking
10001450,Savings Account,about the security of their online banking platform and how this person gained access
10000933,Personal Loan,i tried to make an extra payment on my marcus loan from sofi to pay down the principal faster their system automatically applied it to future payments instead of the principal balance after calling times each representative gave me different instructions i am paying more interest than necessary
10000933,Personal Loan,i am paying more interest than necessary because they will not properly apply my payments
10001691,Savings Account,i opened a discover savings with ally bank because they advertised a apy after three months the rate was quietly dropped to without notification when i called they said the promotional rate had expired but this was never clearly communicated at account opening i moved into this account specifically
10001691,Savings Account,opening i moved into this account specifically for the higher rate
10001950,Money Transfer,i initiated an international transfer of through bank of americas paypal service the estimated delivery was days but after weeks the money has still not arrived each time i call they say it is being processed meanwhile the exchange rate has changed significantly costing me an additional in value
10001745,Savings Account,synchrony closed my synchrony savings account without warning citing business reasons i had in the account and it took weeks to receive a cashiers check no explanation was ever provided for the closure i have been a customer for years with no suspicious activity on the account
10000046,Credit Card,i have been a loyal discover it cardholder with chase for over years recently i noticed my interest rate was increased from to without adequate explanation i have excellent payment history and no late payments other companies are offering much lower rates i am considering closing this account if the
10000046,Credit Card,i am considering closing this account if the rate is not adjusted
10002003,Money Transfer,i sent via zelle through western union to pay my landlord the money was deducted from my account but never received by the recipient it has been weeks and western union has not been able to locate the funds or provide a refund i am now at risk of eviction because my rent appears unpaid
10001527,Savings Account,i have been trying to reach goldman sachss customer service about an issue with my marcus savings for weeks wait times exceed minutes and i have been disconnected times after waiting when i finally got through the representative could not resolve my issue and told me to call back this level of
10001527,Savings Account,my issue and told me to call back this level of service is completely unacceptable for a bank holding my savings
10000295,Credit Card,someone made fraudulent purchases on my amex gold card totaling i reported this to discover immediately and they opened an investigation after weeks they denied my fraud claim saying the transactions appeared legitimate i have filed a police report and have evidence that i was in a different state
10000295,Credit Card,and have evidence that i was in a different state when these transactions occurred
10000938,Personal Loan,i have been making regular payments on my marcus loan from prosper for months last month they claimed they did not receive my payment even though my bank shows it was debited they charged me a late fee and reported a missed payment to the credit bureaus dropping my score by points i need this
10000938,Personal Loan,bureaus dropping my score by points i need this corrected immediately
10000589,Credit Card,the rewards program on my amex gold card was changed without notice citibank devalued the points by nearly making the annual fee of no longer worth it i specifically chose this card for its rewards structure and feel this is a baitandswitch tactic longtime customers should be grandfathered into the
10000589,Credit Card,customers should be grandfathered into the original rewards program
10001466,Savings Account,my synchrony savings with synchrony was accessed by someone who changed my contact information and attempted to transfer out of my account when i reported this synchrony took weeks to investigate and temporarily restricted my access i am concerned about the security of their online banking platform
10001466,Savings Account,the security of their online banking platform and how this person gained access
10001888,Money Transfer,i accidentally sent to the wrong person through wire transfer via venmo i realized the error within minutes and immediately contacted them to cancel they said the transaction was already completed and they cannot reverse it they suggested i ask the recipient nicely to send it back this is an
10001888,Money Transfer,the recipient nicely to send it back this is an unacceptable response for such a large amount
10001875,Money Transfer,i initiated an international transfer of through venmos wire transfer service the estimated delivery was days but after weeks the money has still not arrived each time i call they say it is being processed meanwhile the exchange rate has changed significantly costing me an additional in value
10001314,Savings Account,ally bank closed my marcus savings account without warning citing business reasons i had in the account and it took weeks to receive a cashiers check no explanation was ever provided for the closure i have been a customer for years with no suspicious activity on the account
10000437,Credit Card,someone made fraudulent purchases on my capital one venture card totaling i reported this to citibank immediately and they opened an investigation after weeks they denied my fraud claim saying the transactions appeared legitimate i have filed a police report and have evidence that i was in a
10000437,Credit Card,a police report and have evidence that i was in a different state when these transactions occurred
10001443,Savings Account,i tried to withdraw from my chase savings at goldman sachs and was told my account was frozen pending a security review no one informed me of any issues beforehand i had bills due and no access to my own money for weeks the customer service was unhelpful and could not tell me when the review would
10001443,Savings Account,and could not tell me when the review would be completed
10000394,Credit Card,someone made fraudulent purchases on my amex gold card totaling i reported this to american express immediately and they opened an investigation after weeks they denied my fraud claim saying the transactions appeared legitimate i have filed a police report and have evidence that i was in a different
10000394,Credit Card,and have evidence that i was in a different state when these transactions occurred
10001927,Money Transfer,zelle charged me a fee for a western union transfer that was advertised as free the fee was hidden in the exchange rate markup and only visible after carefully comparing the rates the actual exchange rate applied was worse than the market rate this is deceptive and the total hidden cost was
10000535,Credit Card,my discover it card from american express suddenly had its credit limit reduced from to without any prior notification i have never missed a payment and my credit score is above when i called to ask why the representative could not give me a clear answer this reduction has negatively affected my
10000535,Credit Card,answer this reduction has negatively affected my credit utilization ratio and dropped my score by points
10000031,Credit Card,i applied for the chase sapphire card specifically for the point signup bonus i met all the spending requirements within the specified timeframe but capital one has refused to credit my bonus points i have called times over the past months and each representative tells me something different i have
10000031,Credit Card,tells me something different i have all receipts and statements showing i qualified
10000696,Credit Card,my citi double cash card from american express suddenly had its credit limit reduced from to without any prior notification i have never missed a payment and my credit score is above when i called to ask why the representative could not give me a clear answer this reduction has negatively affected
10000696,Credit Card,answer this reduction has negatively affected my credit utilization ratio and dropped my score by points
10001472,Savings Account,i opened a marcus savings with chase because they advertised a apy after three months the rate was quietly dropped to without notification when i called they said the promotional rate had expired but this was never clearly communicated at account opening i moved into this account specifically for
10001472,Savings Account,i moved into this account specifically for the higher rate
10001260,Savings Account,discover charged me a monthly maintenance fee on my ally savings that was supposed to be free when i called to dispute they said i did not maintain the minimum balance of even though my statements show i was always above that threshold i want all fees refunded and a guarantee this will not happen
10001260,Savings Account,refunded and a guarantee this will not happen again
10001445,Savings Account,i opened a discover savings with synchrony because they advertised a apy after three months the rate was quietly dropped to without notification when i called they said the promotional rate had expired but this was never clearly communicated at account opening i moved into this account specifically
10001445,Savings Account,opening i moved into this account specifically for the higher rate
10002049,Money Transfer,i sent via zelle through zelle to pay my landlord the money was deducted from my account but never received by the recipient it has been weeks and zelle has not been able to locate the funds or provide a refund i am now at risk of eviction because my rent appears unpaid
10001273,Savings Account,i opened a discover savings with discover because they advertised a apy after three months the rate was quietly dropped to without notification when i called they said the promotional rate had expired but this was never clearly communicated at account opening i moved into this account specifically
10001273,Savings Account,opening i moved into this account specifically for the higher rate
10001211,Savings Account,my synchrony savings with goldman sachs was accessed by someone who changed my contact information and attempted to transfer out of my account when i reported this goldman sachs took weeks to investigate and temporarily restricted my access i am concerned about the security of their online banking
10001211,Savings Account,about the security of their online banking platform and how this person gained access
10001567,Savings Account,my chase savings with ally bank was accessed by someone who changed my contact information and attempted to transfer out of my account when i reported this ally bank took weeks to investigate and temporarily restricted my access i am concerned about the security of their online banking platform and
10001567,Savings Account,the security of their online banking platform and how this person gained access
10000345,Credit Card,someone made fraudulent purchases on my amex gold card totaling i reported this to american express immediately and they opened an investigation after weeks they denied my fraud claim saying the transactions appeared legitimate i have filed a police report and have evidence that i was in a different
10000345,Credit Card,and have evidence that i was in a different state when these transactions occurred
10000557,Credit Card,i noticed a charge of on my citi double cash statement from i did not authorize this transaction and have been trying to resolve it with citibank for weeks they keep transferring me between departments and no one takes responsibility i have provided documentation proving i was not at the merchant
10000557,Credit Card,documentation proving i was not at the merchant location this is extremely frustrating and i need this resolved immediately
10001006,Personal Loan,the total cost of my sofi personal loan from upstart ended up being which is nearly times the original loan amount of the interest rate of combined with various processing fees and insurance charges that were added without my clear consent have made this loan predatory in my opinion
10000681,Credit Card,someone made fraudulent purchases on my discover it card totaling i reported this to discover immediately and they opened an investigation after weeks they denied my fraud claim saying the transactions appeared legitimate i have filed a police report and have evidence that i was in a different state
10000681,Credit Card,and have evidence that i was in a different state when these transactions occurred
10001072,Personal Loan,sofi sold my marcus loan loan to a thirdparty debt collector without notifying me the collector is now adding additional fees and interest that were not part of my original agreement they call me times per day including on weekends and have been rude and threatening this is harassment and a
10001072,Personal Loan,rude and threatening this is harassment and a violation of fair debt collection practices
10000788,Credit Card,someone made fraudulent purchases on my citi double cash card totaling i reported this to chase immediately and they opened an investigation after weeks they denied my fraud claim saying the transactions appeared legitimate i have filed a police report and have evidence that i was in a different
10000788,Credit Card,and have evidence that i was in a different state when these transactions occurred
10000353,Credit Card,my chase sapphire card from american express suddenly had its credit limit reduced from to without any prior notification i have never missed a payment and my credit score is above when i called to ask why the representative could not give me a clear answer this reduction has negatively affected my
10000353,Credit Card,answer this reduction has negatively affected my credit utilization ratio and dropped my score by points
10000092,Credit Card,the rewards program on my amex gold card was changed without notice capital one devalued the points by nearly making the annual fee of no longer worth it i specifically chose this card for its rewards structure and feel this is a baitandswitch tactic longtime customers should be grandfathered into
10000092,Credit Card,longtime customers should be grandfathered into the original rewards program
10001074,Personal Loan,the total cost of my upstart loan from upstart ended up being which is nearly times the original loan amount of the interest rate of combined with various processing fees and insurance charges that were added without my clear consent have made this loan predatory in my opinion
10000982,Personal Loan,i tried to make an extra payment on my upstart loan from upstart to pay down the principal faster their system automatically applied it to future payments instead of the principal balance after calling times each representative gave me different instructions i am paying more interest than necessary
10000982,Personal Loan,i am paying more interest than necessary because they will not properly apply my payments
10000262,Credit Card,i have been a loyal discover it cardholder with citibank for over years recently i noticed my interest rate was increased from to without adequate explanation i have excellent payment history and no late payments other companies are offering much lower rates i am considering closing this account if
10000262,Credit Card,rates i am considering closing this account if the rate is not adjusted
10001785,Savings Account,ally bank closed my synchrony savings account without warning citing business reasons i had in the account and it took weeks to receive a cashiers check no explanation was ever provided for the closure i have been a customer for years with no suspicious activity on the account
10001105,Personal Loan,i applied for a upstart loan with sofi and was denied despite having a credit score of and a stable income of per year the denial letter was vague citing insufficient credit history i have years of credit history with no delinquencies i believe this decision was made unfairly and request a proper
10001105,Personal Loan,decision was made unfairly and request a proper review
10001406,Savings Account,i opened a chase savings with goldman sachs because they advertised a apy after three months the rate was quietly dropped to without notification when i called they said the promotional rate had expired but this was never clearly communicated at account opening i moved into this account specifically
10001406,Savings Account,opening i moved into this account specifically for the higher rate
10000568,Credit Card,i noticed a charge of on my citi double cash statement from i did not authorize this transaction and have been trying to resolve it with discover for weeks they keep transferring me between departments and no one takes responsibility i have provided documentation proving i was not at the merchant
10000568,Credit Card,documentation proving i was not at the merchant location this is extremely frustrating and i need this resolved immediately
10001600,Savings Account,i opened a synchrony savings with discover because they advertised a apy after three months the rate was quietly dropped to without notification when i called they said the promotional rate had expired but this was never clearly communicated at account opening i moved into this account specifically
10001600,Savings Account,opening i moved into this account specifically for the higher rate
10001809,Savings Account,i opened a discover savings with discover because they advertised a apy after three months the rate was quietly dropped to without notification when i called they said the promotional rate had expired but this was never clearly communicated at account opening i moved into this account specifically
10001809,Savings Account,opening i moved into this account specifically for the higher rate
10001552,Savings Account,ally bank charged me a monthly maintenance fee on my marcus savings that was supposed to be free when i called to dispute they said i did not maintain the minimum balance of even though my statements show i was always above that threshold i want all fees refunded and a guarantee this will not happen
10001552,Savings Account,refunded and a guarantee this will not happen again
10001802,Savings Account,i have been trying to reach ally banks customer service about an issue with my discover savings for weeks wait times exceed minutes and i have been disconnected times after waiting when i finally got through the representative could not resolve my issue and told me to call back this level of service
10001802,Savings Account,and told me to call back this level of service is completely unacceptable for a bank holding my savings
10001562,Savings Account,i opened a ally savings with discover because they advertised a apy after three months the rate was quietly dropped to without notification when i called they said the promotional rate had expired but this was never clearly communicated at account opening i moved into this account specifically for
10001562,Savings Account,i moved into this account specifically for the higher rate
10000301,Credit Card,i noticed a charge of on my amex gold statement from i did not authorize this transaction and have been trying to resolve it with discover for weeks they keep transferring me between departments and no one takes responsibility i have provided documentation proving i was not at the merchant location
10000301,Credit Card,proving i was not at the merchant location this is extremely frustrating and i need this resolved immediately
10001051,Personal Loan,i have been making regular payments on my sofi personal loan from sofi for months last month they claimed they did not receive my payment even though my bank shows it was debited they charged me a late fee and reported a missed payment to the credit bureaus dropping my score by points i need this
10001051,Personal Loan,bureaus dropping my score by points i need this corrected immediately
10001893,Money Transfer,i initiated an international transfer of through paypals venmo service the estimated delivery was days but after weeks the money has still not arrived each time i call they say it is being processed meanwhile the exchange rate has changed significantly costing me an additional in value
10001056,Personal Loan,i applied for a lendingclub loan with prosper and was denied despite having a credit score of and a stable income of per year the denial letter was vague citing insufficient credit history i have years of credit history with no delinquencies i believe this decision was made unfairly and request a
10001056,Personal Loan,this decision was made unfairly and request a proper review
10000889,Personal Loan,i tried to make an extra payment on my sofi personal loan from upstart to pay down the principal faster their system automatically applied it to future payments instead of the principal balance after calling times each representative gave me different instructions i am paying more interest than
10000889,Personal Loan,instructions i am paying more interest than necessary because they will not properly apply my payments
10000316,Credit Card,the rewards program on my capital one venture card was changed without notice american express devalued the points by nearly making the annual fee of no longer worth it i specifically chose this card for its rewards structure and feel this is a baitandswitch tactic longtime customers should be
10000316,Credit Card,baitandswitch tactic longtime customers should be grandfathered into the original rewards program
10001778,Savings Account,chase closed my discover savings account without warning citing business reasons i had in the account and it took weeks to receive a cashiers check no explanation was ever provided for the closure i have been a customer for years with no suspicious activity on the account
10000454,Credit Card,someone made fraudulent purchases on my capital one venture card totaling i reported this to chase immediately and they opened an investigation after weeks they denied my fraud claim saying the transactions appeared legitimate i have filed a police report and have evidence that i was in a different
10000454,Credit Card,and have evidence that i was in a different state when these transactions occurred
10000602,Credit Card,i applied for the capital one venture card specifically for the point signup bonus i met all the spending requirements within the specified timeframe but american express has refused to credit my bonus points i have called times over the past months and each representative tells me something
10000602,Credit Card,months and each representative tells me something different i have all receipts and statements showing i qualified
10000176,Credit Card,i applied for the citi double cash card specifically for the point signup bonus i met all the spending requirements within the specified timeframe but capital one has refused to credit my bonus points i have called times over the past months and each representative tells me something different i
10000176,Credit Card,representative tells me something different i have all receipts and statements showing i qualified
10001302,Savings Account,i have been trying to reach chases customer service about an issue with my chase savings for weeks wait times exceed minutes and i have been disconnected times after waiting when i finally got through the representative could not resolve my issue and told me to call back this level of service is
10001302,Savings Account,and told me to call back this level of service is completely unacceptable for a bank holding my savings
10001095,Personal Loan,i have been making regular payments on my prosper loan from prosper for months last month they claimed they did not receive my payment even though my bank shows it was debited they charged me a late fee and reported a missed payment to the credit bureaus dropping my score by points i need this
10001095,Personal Loan,bureaus dropping my score by points i need this corrected immediately
10000038,Credit Card,i noticed a charge of on my chase sapphire statement from i did not authorize this transaction and have been trying to resolve it with american express for weeks they keep transferring me between departments and no one takes responsibility i have provided documentation proving i was not at the
10000038,Credit Card,provided documentation proving i was not at the merchant location this is extremely frustrating and i need this resolved immediately
10000124,Credit Card,i applied for the capital one venture card specifically for the point signup bonus i met all the spending requirements within the specified timeframe but chase has refused to credit my bonus points i have called times over the past months and each representative tells me something different i have
10000124,Credit Card,tells me something different i have all receipts and statements showing i qualified
10002000,Money Transfer,my account was frozen by western union after i made a western union transfer of they claimed the transaction was flagged for suspicious activity but i was simply sending money to my family overseas which i do every month it took weeks to get my account unfrozen and i had to provide extensive
10002000,Money Transfer,account unfrozen and i had to provide extensive documentation including pay stubs and tax returns
10000395,Credit Card,i have been a loyal chase sapphire cardholder with american express for over years recently i noticed my interest rate was increased from to without adequate explanation i have excellent payment history and no late payments other companies are offering much lower rates i am considering closing this
10000395,Credit Card,much lower rates i am considering closing this account if the rate is not adjusted
10001062,Personal Loan,the total cost of my prosper loan from lendingclub ended up being which is nearly times the original loan amount of the interest rate of combined with various processing fees and insurance charges that were added without my clear consent have made this loan predatory in my opinion
10000914,Personal Loan,i have been making regular payments on my prosper loan from upstart for months last month they claimed they did not receive my payment even though my bank shows it was debited they charged me a late fee and reported a missed payment to the credit bureaus dropping my score by points i need this
10000914,Personal Loan,bureaus dropping my score by points i need this corrected immediately
10000040,Credit Card,i applied for the amex gold card specifically for the point signup bonus i met all the spending requirements within the specified timeframe but capital one has refused to credit my bonus points i have called times over the past months and each representative tells me something different i have all
10000040,Credit Card,tells me something different i have all receipts and statements showing i qualified
10000463,Credit Card,someone made fraudulent purchases on my chase sapphire card totaling i reported this to american express immediately and they opened an investigation after weeks they denied my fraud claim saying the transactions appeared legitimate i have filed a police report and have evidence that i was in a
10000463,Credit Card,a police report and have evidence that i was in a different state when these transactions occurred
10000768,Credit Card,i applied for the capital one venture card specifically for the point signup bonus i met all the spending requirements within the specified timeframe but capital one has refused to credit my bonus points i have called times over the past months and each representative tells me something different i
10000768,Credit Card,representative tells me something different i have all receipts and statements showing i qualified
10001454,Savings Account,i tried to withdraw from my ally savings at goldman sachs and was told my account was frozen pending a security review no one informed me of any issues beforehand i had bills due and no access to my own money for weeks the customer service was unhelpful and could not tell me when the review would be
10001454,Savings Account,and could not tell me when the review would be completed
10000332,Credit Card,the rewards program on my citi double cash card was changed without notice discover devalued the points by nearly making the annual fee of no longer worth it i specifically chose this card for its rewards structure and feel this is a baitandswitch tactic longtime customers should be grandfathered
10000332,Credit Card,tactic longtime customers should be grandfathered into the original rewards program
10001491,Savings Account,i have been trying to reach goldman sachss customer service about an issue with my synchrony savings for weeks wait times exceed minutes and i have been disconnected times after waiting when i finally got through the representative could not resolve my issue and told me to call back this level of
10001491,Savings Account,my issue and told me to call back this level of service is completely unacceptable for a bank holding my savings
10000195,Credit Card,citibank charged me a late fee on my chase sapphire card even though i made my payment on time my bank records show the payment was initiated days before the due date when i called to dispute they said the payment was received one day late due to processing time this is unacceptable i should not be
10000195,Credit Card,time this is unacceptable i should not be penalized for their slow processing system
10002173,Money Transfer,i sent via paypal through paypal to pay my landlord the money was deducted from my account but never received by the recipient it has been weeks and paypal has not been able to locate the funds or provide a refund i am now at risk of eviction because my rent appears unpaid
10002198,Money Transfer,paypal charged me a fee for a wire transfer transfer that was advertised as free the fee was hidden in the exchange rate markup and only visible after carefully comparing the rates the actual exchange rate applied was worse than the market rate this is deceptive and the total hidden cost was
10000635,Credit Card,i noticed a charge of on my capital one venture statement from i did not authorize this transaction and have been trying to resolve it with chase for weeks they keep transferring me between departments and no one takes responsibility i have provided documentation proving i was not at the merchant
10000635,Credit Card,documentation proving i was not at the merchant location this is extremely frustrating and i need this resolved immediately
10000323,Credit Card,someone made fraudulent purchases on my citi double cash card totaling i reported this to american express immediately and they opened an investigation after weeks they denied my fraud claim saying the transactions appeared legitimate i have filed a police report and have evidence that i was in a
10000323,Credit Card,a police report and have evidence that i was in a different state when these transactions occurred
10001808,Savings Account,discover closed my synchrony savings account without warning citing business reasons i had in the account and it took weeks to receive a cashiers check no explanation was ever provided for the closure i have been a customer for years with no suspicious activity on the account
10000267,Credit Card,capital one charged me a late fee on my chase sapphire card even though i made my payment on time my bank records show the payment was initiated days before the due date when i called to dispute they said the payment was received one day late due to processing time this is unacceptable i should not
10000267,Credit Card,processing time this is unacceptable i should not be penalized for their slow processing system
10001024,Personal Loan,i have been making regular payments on my lendingclub loan from upstart for months last month they claimed they did not receive my payment even though my bank shows it was debited they charged me a late fee and reported a missed payment to the credit bureaus dropping my score by points i need this
10001024,Personal Loan,bureaus dropping my score by points i need this corrected immediately
10000580,Credit Card,i noticed a charge of on my discover it statement from i did not authorize this transaction and have been trying to resolve it with discover for weeks they keep transferring me between departments and no one takes responsibility i have provided documentation proving i was not at the merchant
10000580,Credit Card,documentation proving i was not at the merchant location this is extremely frustrating and i need this resolved immediately
10001291,Savings Account,ally bank closed my discover savings account without warning citing business reasons i had in the account and it took weeks to receive a cashiers check no explanation was ever provided for the closure i have been a customer for years with no suspicious activity on the account
10001880,Money Transfer,paypal charged me a fee for a wire transfer transfer that was advertised as free the fee was hidden in the exchange rate markup and only visible after carefully comparing the rates the actual exchange rate applied was worse than the market rate this is deceptive and the total hidden cost was
10001934,Money Transfer,i accidentally sent to the wrong person through zelle via zelle i realized the error within minutes and immediately contacted them to cancel they said the transaction was already completed and they cannot reverse it they suggested i ask the recipient nicely to send it back this is an unacceptable
10001934,Money Transfer,nicely to send it back this is an unacceptable response for such a large amount
10001037,Personal Loan,i tried to make an extra payment on my sofi personal loan from prosper to pay down the principal faster their system automatically applied it to future payments instead of the principal balance after calling times each representative gave me different instructions i am paying more interest than
10001037,Personal Loan,instructions i am paying more interest than necessary because they will not properly apply my payments
10000924,Personal Loan,the total cost of my prosper loan from prosper ended up being which is nearly times the original loan amount of the interest rate of combined with various processing fees and insurance charges that were added without my clear consent have made this loan predatory in my opinion
10001710,Savings Account,my ally savings with ally bank was accessed by someone who changed my contact information and attempted to transfer out of my account when i reported this ally bank took weeks to investigate and temporarily restricted my access i am concerned about the security of their online banking platform and
10001710,Savings Account,the security of their online banking platform and how this person gained access
10001339,Savings Account,i opened a chase savings with ally bank because they advertised a apy after three months the rate was quietly dropped to without notification when i called they said the promotional rate had expired but this was never clearly communicated at account opening i moved into this account specifically for
10001339,Savings Account,i moved into this account specifically for the higher rate
10001299,Savings Account,i have been trying to reach discovers customer service about an issue with my discover savings for weeks wait times exceed minutes and i have been disconnected times after waiting when i finally got through the representative could not resolve my issue and told me to call back this level of service
10001299,Savings Account,and told me to call back this level of service is completely unacceptable for a bank holding my savings
10002230,Money Transfer,i sent via wire transfer through venmo to pay my landlord the money was deducted from my account but never received by the recipient it has been weeks and venmo has not been able to locate the funds or provide a refund i am now at risk of eviction because my rent appears unpaid
10002092,Money Transfer,bank of america charged me a fee for a venmo transfer that was advertised as free the fee was hidden in the exchange rate markup and only visible after carefully comparing the rates the actual exchange rate applied was worse than the market rate this is deceptive and the total hidden cost was
10000573,Credit Card,someone made fraudulent purchases on my capital one venture card totaling i reported this to chase immediately and they opened an investigation after weeks they denied my fraud claim saying the transactions appeared legitimate i have filed a police report and have evidence that i was in a different
10000573,Credit Card,and have evidence that i was in a different state when these transactions occurred
10001015,Personal Loan,i have been making regular payments on my marcus loan from goldman sachs for months last month they claimed they did not receive my payment even though my bank shows it was debited they charged me a late fee and reported a missed payment to the credit bureaus dropping my score by points i need this
10001015,Personal Loan,bureaus dropping my score by points i need this corrected immediately
10001996,Money Transfer,i accidentally sent to the wrong person through venmo via zelle i realized the error within minutes and immediately contacted them to cancel they said the transaction was already completed and they cannot reverse it they suggested i ask the recipient nicely to send it back this is an unacceptable
10001996,Money Transfer,nicely to send it back this is an unacceptable response for such a large amount
10002095,Money Transfer,i initiated an international transfer of through venmos paypal service the estimated delivery was days but after weeks the money has still not arrived each time i call they say it is being processed meanwhile the exchange rate has changed significantly costing me an additional in value
10001048,Personal Loan,prosper sold my sofi personal loan loan to a thirdparty debt collector without notifying me the collector is now adding additional fees and interest that were not part of my original agreement they call me times per day including on weekends and have been rude and threatening this is harassment and
10001048,Personal Loan,been rude and threatening this is harassment and a violation of fair debt collection practices
10001746,Savings Account,chase charged me a monthly maintenance fee on my discover savings that was supposed to be free when i called to dispute they said i did not maintain the minimum balance of even though my statements show i was always above that threshold i want all fees refunded and a guarantee this will not happen
10001746,Savings Account,refunded and a guarantee this will not happen again
10001059,Personal Loan,i have been making regular payments on my lendingclub loan from upstart for months last month they claimed they did not receive my payment even though my bank shows it was debited they charged me a late fee and reported a missed payment to the credit bureaus dropping my score by points i need this
10001059,Personal Loan,bureaus dropping my score by points i need this corrected immediately
10000054,Credit Card,someone made fraudulent purchases on my capital one venture card totaling i reported this to chase immediately and they opened an investigation after weeks they denied my fraud claim saying the transactions appeared legitimate i have filed a police report and have evidence that i was in a different
10000054,Credit Card,and have evidence that i was in a different state when these transactions occurred
10001229,Savings Account,i tried to withdraw from my ally savings at synchrony and was told my account was frozen pending a security review no one informed me of any issues beforehand i had bills due and no access to my own money for weeks the customer service was unhelpful and could not tell me when the review would be
10001229,Savings Account,and could not tell me when the review would be completed
10002228,Money Transfer,i initiated an international transfer of through zelles zelle service the estimated delivery was days but after weeks the money has still not arrived each time i call they say it is being processed meanwhile the exchange rate has changed significantly costing me an additional in value
10000506,Credit Card,my citi double cash card from citibank suddenly had its credit limit reduced from to without any prior notification i have never missed a payment and my credit score is above when i called to ask why the representative could not give me a clear answer this reduction has negatively affected my credit
10000506,Credit Card,this reduction has negatively affected my credit utilization ratio and dropped my score by points
10000753,Credit Card,chase charged me a late fee on my capital one venture card even though i made my payment on time my bank records show the payment was initiated days before the due date when i called to dispute they said the payment was received one day late due to processing time this is unacceptable i should not
10000753,Credit Card,processing time this is unacceptable i should not be penalized for their slow processing system
10000793,Credit Card,i noticed a charge of on my capital one venture statement from i did not authorize this transaction and have been trying to resolve it with chase for weeks they keep transferring me between departments and no one takes responsibility i have provided documentation proving i was not at the merchant
10000793,Credit Card,documentation proving i was not at the merchant location this is extremely frustrating and i need this resolved immediately
10002081,Money Transfer,i accidentally sent to the wrong person through zelle via paypal i realized the error within minutes and immediately contacted them to cancel they said the transaction was already completed and they cannot reverse it they suggested i ask the recipient nicely to send it back this is an unacceptable
10002081,Money Transfer,nicely to send it back this is an unacceptable response for such a large amount
10000932,Personal Loan,i have been making regular payments on my marcus loan from sofi for months last month they claimed they did not receive my payment even though my bank shows it was debited they charged me a late fee and reported a missed payment to the credit bureaus dropping my score by points i need this corrected
10000932,Personal Loan,dropping my score by points i need this corrected immediately
10000366,Credit Card,i noticed a charge of on my citi double cash statement from i did not authorize this transaction and have been trying to resolve it with discover for weeks they keep transferring me between departments and no one takes responsibility i have provided documentation proving i was not at the merchant
10000366,Credit Card,documentation proving i was not at the merchant location this is extremely frustrating and i need this resolved immediately
10001057,Personal Loan,i applied for a marcus loan with goldman sachs and was denied despite having a credit score of and a stable income of per year the denial letter was vague citing insufficient credit history i have years of credit history with no delinquencies i believe this decision was made unfairly and request a
10001057,Personal Loan,this decision was made unfairly and request a proper review
10001338,Savings Account,my marcus savings with discover was accessed by someone who changed my contact information and attempted to transfer out of my account when i reported this discover took weeks to investigate and temporarily restricted my access i am concerned about the security of their online banking platform and
10001338,Savings Account,the security of their online banking platform and how this person gained access
10000987,Personal Loan,i applied for a upstart loan with prosper and was denied despite having a credit score of and a stable income of per year the denial letter was vague citing insufficient credit history i have years of credit history with no delinquencies i believe this decision was made unfairly and request a proper
10000987,Personal Loan,decision was made unfairly and request a proper review
10001162,Personal Loan,the total cost of my marcus loan from sofi ended up being which is nearly times the original loan amount of the interest rate of combined with various processing fees and insurance charges that were added without my clear consent have made this loan predatory in my opinion
10002134,Money Transfer,i was contacted by someone claiming to be from my banks fraud department they convinced me to send via wire transfer to secure my account i later realized this was a scam and immediately contacted zelle they refused to reverse the transaction saying wire transfer transfers are final i believe zelle
10002134,Money Transfer,wire transfer transfers are final i believe zelle should have better fraud protection mechanisms
10000584,Credit Card,citibank charged me a late fee on my chase sapphire card even though i made my payment on time my bank records show the payment was initiated days before the due date when i called to dispute they said the payment was received one day late due to processing time this is unacceptable i should not be
10000584,Credit Card,time this is unacceptable i should not be penalized for their slow processing system
10001583,Savings Account,i have been trying to reach chases customer service about an issue with my chase savings for weeks wait times exceed minutes and i have been disconnected times after waiting when i finally got through the representative could not resolve my issue and told me to call back this level of service is
10001583,Savings Account,and told me to call back this level of service is completely unacceptable for a bank holding my savings
10000772,Credit Card,someone made fraudulent purchases on my capital one venture card totaling i reported this to capital one immediately and they opened an investigation after weeks they denied my fraud claim saying the transactions appeared legitimate i have filed a police report and have evidence that i was in a
10000772,Credit Card,a police report and have evidence that i was in a different state when these transactions occurred
10002162,Money Transfer,i accidentally sent to the wrong person through paypal via venmo i realized the error within minutes and immediately contacted them to cancel they said the transaction was already completed and they cannot reverse it they suggested i ask the recipient nicely to send it back this is an unacceptable
10002162,Money Transfer,nicely to send it back this is an unacceptable response for such a large amount
10000901,Personal Loan,i have been making regular payments on my sofi personal loan from sofi for months last month they claimed they did not receive my payment even though my bank shows it was debited they charged me a late fee and reported a missed payment to the credit bureaus dropping my score by points i need this
10000901,Personal Loan,bureaus dropping my score by points i need this corrected immediately
10000153,Credit Card,american express charged me a late fee on my amex gold card even though i made my payment on time my bank records show the payment was initiated days before the due date when i called to dispute they said the payment was received one day late due to processing time this is unacceptable i should not
10000153,Credit Card,processing time this is unacceptable i should not be penalized for their slow processing system
10002109,Money Transfer,western union charged me a fee for a venmo transfer that was advertised as free the fee was hidden in the exchange rate markup and only visible after carefully comparing the rates the actual exchange rate applied was worse than the market rate this is deceptive and the total hidden cost was
10000995,Personal Loan,i have been making regular payments on my marcus loan from lendingclub for months last month they claimed they did not receive my payment even though my bank shows it was debited they charged me a late fee and reported a missed payment to the credit bureaus dropping my score by points i need this
10000995,Personal Loan,bureaus dropping my score by points i need this corrected immediately
10001772,Savings Account,i tried to withdraw from my chase savings at chase and was told my account was frozen pending a security review no one informed me of any issues beforehand i had bills due and no access to my own money for weeks the customer service was unhelpful and could not tell me when the review would be
10001772,Savings Account,and could not tell me when the review would be completed
10002013,Money Transfer,paypal charged me a fee for a zelle transfer that was advertised as free the fee was hidden in the exchange rate markup and only visible after carefully comparing the rates the actual exchange rate applied was worse than the market rate this is deceptive and the total hidden cost was
10000319,Credit Card,my chase sapphire card from chase suddenly had its credit limit reduced from to without any prior notification i have never missed a payment and my credit score is above when i called to ask why the representative could not give me a clear answer this reduction has negatively affected my credit
10000319,Credit Card,this reduction has negatively affected my credit utilization ratio and dropped my score by points
10001293,Savings Account,i opened a ally savings with ally bank because they advertised a apy after three months the rate was quietly dropped to without notification when i called they said the promotional rate had expired but this was never clearly communicated at account opening i moved into this account specifically for
10001293,Savings Account,i moved into this account specifically for the higher rate
10000916,Personal Loan,the total cost of my lendingclub loan from sofi ended up being which is nearly times the original loan amount of the interest rate of combined with various processing fees and insurance charges that were added without my clear consent have made this loan predatory in my opinion
10001714,Savings Account,i opened a discover savings with chase because they advertised a apy after three months the rate was quietly dropped to without notification when i called they said the promotional rate had expired but this was never clearly communicated at account opening i moved into this account specifically for
10001714,Savings Account,i moved into this account specifically for the higher rate
10000991,Personal Loan,i took out a personal loan of with goldman sachs through their lendingclub loan program the advertised rate was but after approval i was given the terms were buried in fine print and the loan officer rushed me through the signing process i am now paying per month which is more than what was
10000991,Personal Loan,now paying per month which is more than what was originally quoted
10002045,Money Transfer,i sent via western union through zelle to pay my landlord the money was deducted from my account but never received by the recipient it has been weeks and zelle has not been able to locate the funds or provide a refund i am now at risk of eviction because my rent appears unpaid
10000344,Credit Card,i noticed a charge of on my amex gold statement from i did not authorize this transaction and have been trying to resolve it with chase for weeks they keep transferring me between departments and no one takes responsibility i have provided documentation proving i was not at the merchant location
10000344,Credit Card,proving i was not at the merchant location this is extremely frustrating and i need this resolved immediately
10000399,Credit Card,i noticed a charge of on my chase sapphire statement from i did not authorize this transaction and have been trying to resolve it with citibank for weeks they keep transferring me between departments and no one takes responsibility i have provided documentation proving i was not at the merchant
10000399,Credit Card,documentation proving i was not at the merchant location this is extremely frustrating and i need this resolved immediately
10000585,Credit Card,i applied for the amex gold card specifically for the point signup bonus i met all the spending requirements within the specified timeframe but chase has refused to credit my bonus points i have called times over the past months and each representative tells me something different i have all
10000585,Credit Card,tells me something different i have all receipts and statements showing i qualified
10001005,Personal Loan,i have been making regular payments on my prosper loan from sofi for months last month they claimed they did not receive my payment even though my bank shows it was debited they charged me a late fee and reported a missed payment to the credit bureaus dropping my score by points i need this
10001005,Personal Loan,bureaus dropping my score by points i need this corrected immediately
10001877,Money Transfer,i was contacted by someone claiming to be from my banks fraud department they convinced me to send via venmo to secure my account i later realized this was a scam and immediately contacted paypal they refused to reverse the transaction saying venmo transfers are final i believe paypal should have
10001877,Money Transfer,transfers are final i believe paypal should have better fraud protection mechanisms
10001375,Savings Account,i tried to withdraw from my discover savings at chase and was told my account was frozen pending a security review no one informed me of any issues beforehand i had bills due and no access to my own money for weeks the customer service was unhelpful and could not tell me when the review would be
10001375,Savings Account,and could not tell me when the review would be completed
10000293,Credit Card,chase charged me a late fee on my discover it card even though i made my payment on time my bank records show the payment was initiated days before the due date when i called to dispute they said the payment was received one day late due to processing time this is unacceptable i should not be
10000293,Credit Card,time this is unacceptable i should not be penalized for their slow processing system
10001563,Savings Account,i have been trying to reach goldman sachss customer service about an issue with my synchrony savings for weeks wait times exceed minutes and i have been disconnected times after waiting when i finally got through the representative could not resolve my issue and told me to call back this level of
10001563,Savings Account,my issue and told me to call back this level of service is completely unacceptable for a bank holding my savings
10001381,Savings Account,my chase savings with discover was accessed by someone who changed my contact information and attempted to transfer out of my account when i reported this discover took weeks to investigate and temporarily restricted my access i am concerned about the security of their online banking platform and
10001381,Savings Account,the security of their online banking platform and how this person gained access
10001122,Personal Loan,the total cost of my sofi personal loan from lendingclub ended up being which is nearly times the original loan amount of the interest rate of combined with various processing fees and insurance charges that were added without my clear consent have made this loan predatory in my opinion
10001619,Savings Account,discover closed my ally savings account without warning citing business reasons i had in the account and it took weeks to receive a cashiers check no explanation was ever provided for the closure i have been a customer for years with no suspicious activity on the account
10000142,Credit Card,someone made fraudulent purchases on my citi double cash card totaling i reported this to american express immediately and they opened an investigation after weeks they denied my fraud claim saying the transactions appeared legitimate i have filed a police report and have evidence that i was in a
10000142,Credit Card,a police report and have evidence that i was in a different state when these transactions occurred
10001914,Money Transfer,my account was frozen by zelle after i made a paypal transfer of they claimed the transaction was flagged for suspicious activity but i was simply sending money to my family overseas which i do every month it took weeks to get my account unfrozen and i had to provide extensive documentation
10001914,Money Transfer,and i had to provide extensive documentation including pay stubs and tax returns
10000003,Credit Card,someone made fraudulent purchases on my citi double cash card totaling i reported this to chase immediately and they opened an investigation after weeks they denied my fraud claim saying the transactions appeared legitimate i have filed a police report and have evidence that i was in a different
10000003,Credit Card,and have evidence that i was in a different state when these transactions occurred
10001135,Personal Loan,i took out a personal loan of with upstart through their marcus loan program the advertised rate was but after approval i was given the terms were buried in fine print and the loan officer rushed me through the signing process i am now paying per month which is more than what was originally quoted
10000577,Credit Card,i noticed a charge of on my discover it statement from i did not authorize this transaction and have been trying to resolve it with american express for weeks they keep transferring me between departments and no one takes responsibility i have provided documentation proving i was not at the merchant
10000577,Credit Card,documentation proving i was not at the merchant location this is extremely frustrating and i need this resolved immediately
10001738,Savings Account,goldman sachs charged me a monthly maintenance fee on my synchrony savings that was supposed to be free when i called to dispute they said i did not maintain the minimum balance of even though my statements show i was always above that threshold i want all fees refunded and a guarantee this will not
10001738,Savings Account,all fees refunded and a guarantee this will not happen again
10000340,Credit Card,i noticed a charge of on my chase sapphire statement from i did not authorize this transaction and have been trying to resolve it with american express for weeks they keep transferring me between departments and no one takes responsibility i have provided documentation proving i was not at the
10000340,Credit Card,provided documentation proving i was not at the merchant location this is extremely frustrating and i need this resolved immediately
10000359,Credit Card,i noticed a charge of on my discover it statement from i did not authorize this transaction and have been trying to resolve it with discover for weeks they keep transferring me between departments and no one takes responsibility i have provided documentation proving i was not at the merchant
10000359,Credit Card,documentation proving i was not at the merchant location this is extremely frustrating and i need this resolved immediately
10000266,Credit Card,i applied for the chase sapphire card specifically for the point signup bonus i met all the spending requirements within the specified timeframe but discover has refused to credit my bonus points i have called times over the past months and each representative tells me something different i have all
10000266,Credit Card,tells me something different i have all receipts and statements showing i qualified
10000377,Credit Card,i have been a loyal chase sapphire cardholder with chase for over years recently i noticed my interest rate was increased from to without adequate explanation i have excellent payment history and no late payments other companies are offering much lower rates i am considering closing this account if
10000377,Credit Card,rates i am considering closing this account if the rate is not adjusted
10001419,Savings Account,discover closed my marcus savings account without warning citing business reasons i had in the account and it took weeks to receive a cashiers check no explanation was ever provided for the closure i have been a customer for years with no suspicious activity on the account
10001136,Personal Loan,i tried to make an extra payment on my lendingclub loan from prosper to pay down the principal faster their system automatically applied it to future payments instead of the principal balance after calling times each representative gave me different instructions i am paying more interest than
10001136,Personal Loan,instructions i am paying more interest than necessary because they will not properly apply my payments
10000440,Credit Card,i noticed a charge of on my discover it statement from i did not authorize this transaction and have been trying to resolve it with chase for weeks they keep transferring me between departments and no one takes responsibility i have provided documentation proving i was not at the merchant location
10000440,Credit Card,proving i was not at the merchant location this is extremely frustrating and i need this resolved immediately
10000272,Credit Card,someone made fraudulent purchases on my citi double cash card totaling i reported this to american express immediately and they opened an investigation after weeks they denied my fraud claim saying the transactions appeared legitimate i have filed a police report and have evidence that i was in a
10000272,Credit Card,a police report and have evidence that i was in a different state when these transactions occurred
10001892,Money Transfer,i was contacted by someone claiming to be from my banks fraud department they convinced me to send via zelle to secure my account i later realized this was a scam and immediately contacted bank of america they refused to reverse the transaction saying zelle transfers are final i believe bank of
10001892,Money Transfer,zelle transfers are final i believe bank of america should have better fraud protection mechanisms
10001358,Savings Account,ally bank charged me a monthly maintenance fee on my chase savings that was supposed to be free when i called to dispute they said i did not maintain the minimum balance of even though my statements show i was always above that threshold i want all fees refunded and a guarantee this will not happen
10001358,Savings Account,refunded and a guarantee this will not happen again
10000245,Credit Card,i noticed a charge of on my capital one venture statement from i did not authorize this transaction and have been trying to resolve it with discover for weeks they keep transferring me between departments and no one takes responsibility i have provided documentation proving i was not at the merchant
10000245,Credit Card,documentation proving i was not at the merchant location this is extremely frustrating and i need this resolved immediately
10000926,Personal Loan,i applied for a lendingclub loan with lendingclub and was denied despite having a credit score of and a stable income of per year the denial letter was vague citing insufficient credit history i have years of credit history with no delinquencies i believe this decision was made unfairly and request
10000926,Personal Loan,this decision was made unfairly and request a proper review
10001949,Money Transfer,i accidentally sent to the wrong person through paypal via western union i realized the error within minutes and immediately contacted them to cancel they said the transaction was already completed and they cannot reverse it they suggested i ask the recipient nicely to send it back this is an
10001949,Money Transfer,the recipient nicely to send it back this is an unacceptable response for such a large amount
10000999,Personal Loan,i applied for a sofi personal loan with upstart and was denied despite having a credit score of and a stable income of per year the denial letter was vague citing insufficient credit history i have years of credit history with no delinquencies i believe this decision was made unfairly and request a
10000999,Personal Loan,this decision was made unfairly and request a proper review
10001088,Personal Loan,the total cost of my prosper loan from upstart ended up being which is nearly times the original loan amount of the interest rate of combined with various processing fees and insurance charges that were added without my clear consent have made this loan predatory in my opinion
10002128,Money Transfer,zelle charged me a fee for a venmo transfer that was advertised as free the fee was hidden in the exchange rate markup and only visible after carefully comparing the rates the actual exchange rate applied was worse than the market rate this is deceptive and the total hidden cost was
10000608,Credit Card,someone made fraudulent purchases on my discover it card totaling i reported this to citibank immediately and they opened an investigation after weeks they denied my fraud claim saying the transactions appeared legitimate i have filed a police report and have evidence that i was in a different state
10000608,Credit Card,and have evidence that i was in a different state when these transactions occurred
10000416,Credit Card,someone made fraudulent purchases on my chase sapphire card totaling i reported this to american express immediately and they opened an investigation after weeks they denied my fraud claim saying the transactions appeared legitimate i have filed a police report and have evidence that i was in a
10000416,Credit Card,a police report and have evidence that i was in a different state when these transactions occurred
10000274,Credit Card,someone made fraudulent purchases on my discover it card totaling i reported this to discover immediately and they opened an investigation after weeks they denied my fraud claim saying the transactions appeared legitimate i have filed a police report and have evidence that i was in a different state
10000274,Credit Card,and have evidence that i was in a different state when these transactions occurred
10000781,Credit Card,i noticed a charge of on my amex gold statement from i did not authorize this transaction and have been trying to resolve it with discover for weeks they keep transferring me between departments and no one takes responsibility i have provided documentation proving i was not at the merchant location
10000781,Credit Card,proving i was not at the merchant location this is extremely frustrating and i need this resolved immediately
10001467,Savings Account,i opened a discover savings with goldman sachs because they advertised a apy after three months the rate was quietly dropped to without notification when i called they said the promotional rate had expired but this was never clearly communicated at account opening i moved into this account
10001467,Savings Account,at account opening i moved into this account specifically for the higher rate
10000251,Credit Card,i applied for the capital one venture card specifically for the point signup bonus i met all the spending requirements within the specified timeframe but discover has refused to credit my bonus points i have called times over the past months and each representative tells me something different i
10000251,Credit Card,representative tells me something different i have all receipts and statements showing i qualified
10000414,Credit Card,someone made fraudulent purchases on my amex gold card totaling i reported this to capital one immediately and they opened an investigation after weeks they denied my fraud claim saying the transactions appeared legitimate i have filed a police report and have evidence that i was in a different
10000414,Credit Card,and have evidence that i was in a different state when these transactions occurred
10001623,Savings Account,i tried to withdraw from my chase savings at synchrony and was told my account was frozen pending a security review no one informed me of any issues beforehand i had bills due and no access to my own money for weeks the customer service was unhelpful and could not tell me when the review would be
10001623,Savings Account,and could not tell me when the review would be completed
10002227,Money Transfer,i sent via wire transfer through bank of america to pay my landlord the money was deducted from my account but never received by the recipient it has been weeks and bank of america has not been able to locate the funds or provide a refund i am now at risk of eviction because my rent appears unpaid
10001609,Savings Account,ally bank charged me a monthly maintenance fee on my chase savings that was supposed to be free when i called to dispute they said i did not maintain the minimum balance of even though my statements show i was always above that threshold i want all fees refunded and a guarantee this will not happen
10001609,Savings Account,refunded and a guarantee this will not happen again
10000311,Credit Card,i have been a loyal chase sapphire cardholder with american express for over years recently i noticed my interest rate was increased from to without adequate explanation i have excellent payment history and no late payments other companies are offering much lower rates i am considering closing this
10000311,Credit Card,much lower rates i am considering closing this account if the rate is not adjusted
10002025,Money Transfer,i initiated an international transfer of through bank of americas venmo service the estimated delivery was days but after weeks the money has still not arrived each time i call they say it is being processed meanwhile the exchange rate has changed significantly costing me an additional in value
10001079,Personal Loan,i tried to make an extra payment on my prosper loan from upstart to pay down the principal faster their system automatically applied it to future payments instead of the principal balance after calling times each representative gave me different instructions i am paying more interest than necessary
10001079,Personal Loan,i am paying more interest than necessary because they will not properly apply my payments
10000426,Credit Card,i applied for the amex gold card specifically for the point signup bonus i met all the spending requirements within the specified timeframe but citibank has refused to credit my bonus points i have called times over the past months and each representative tells me something different i have all
10000426,Credit Card,tells me something different i have all receipts and statements showing i qualified
10002242,Money Transfer,i accidentally sent to the wrong person through western union via zelle i realized the error within minutes and immediately contacted them to cancel they said the transaction was already completed and they cannot reverse it they suggested i ask the recipient nicely to send it back this is an
10002242,Money Transfer,the recipient nicely to send it back this is an unacceptable response for such a large amount
10001300,Savings Account,i tried to withdraw from my chase savings at discover and was told my account was frozen pending a security review no one informed me of any issues beforehand i had bills due and no access to my own money for weeks the customer service was unhelpful and could not tell me when the review would be
10001300,Savings Account,and could not tell me when the review would be completed
10002088,Money Transfer,my account was frozen by paypal after i made a zelle transfer of they claimed the transaction was flagged for suspicious activity but i was simply sending money to my family overseas which i do every month it took weeks to get my account unfrozen and i had to provide extensive documentation
10002088,Money Transfer,and i had to provide extensive documentation including pay stubs and tax returns
10000722,Credit Card,i applied for the amex gold card specifically for the point signup bonus i met all the spending requirements within the specified timeframe but discover has refused to credit my bonus points i have called times over the past months and each representative tells me something different i have all
10000722,Credit Card,tells me something different i have all receipts and statements showing i qualified
10001765,Savings Account,goldman sachs closed my discover savings account without warning citing business reasons i had in the account and it took weeks to receive a cashiers check no explanation was ever provided for the closure i have been a customer for years with no suspicious activity on the account
10000349,Credit Card,my amex gold card from capital one suddenly had its credit limit reduced from to without any prior notification i have never missed a payment and my credit score is above when i called to ask why the representative could not give me a clear answer this reduction has negatively affected my credit
10000349,Credit Card,this reduction has negatively affected my credit utilization ratio and dropped my score by points
10001345,Savings Account,goldman sachs charged me a monthly maintenance fee on my discover savings that was supposed to be free when i called to dispute they said i did not maintain the minimum balance of even though my statements show i was always above that threshold i want all fees refunded and a guarantee this will not
10001345,Savings Account,all fees refunded and a guarantee this will not happen again
10001751,Savings Account,i tried to withdraw from my ally savings at synchrony and was told my account was frozen pending a security review no one informed me of any issues beforehand i had bills due and no access to my own money for weeks the customer service was unhelpful and could not tell me when the review would be
10001751,Savings Account,and could not tell me when the review would be completed
10000527,Credit Card,the rewards program on my amex gold card was changed without notice discover devalued the points by nearly making the annual fee of no longer worth it i specifically chose this card for its rewards structure and feel this is a baitandswitch tactic longtime customers should be grandfathered into the
10000527,Credit Card,customers should be grandfathered into the original rewards program
10000949,Personal Loan,i have been making regular payments on my prosper loan from lendingclub for months last month they claimed they did not receive my payment even though my bank shows it was debited they charged me a late fee and reported a missed payment to the credit bureaus dropping my score by points i need this
10000949,Personal Loan,bureaus dropping my score by points i need this corrected immediately
10000364,Credit Card,i have been a loyal citi double cash cardholder with american express for over years recently i noticed my interest rate was increased from to without adequate explanation i have excellent payment history and no late payments other companies are offering much lower rates i am considering closing
10000364,Credit Card,much lower rates i am considering closing this account if the rate is not adjusted
10000183,Credit Card,i applied for the capital one venture card specifically for the point signup bonus i met all the spending requirements within the specified timeframe but chase has refused to credit my bonus points i have called times over the past months and each representative tells me something different i have
10000183,Credit Card,tells me something different i have all receipts and statements showing i qualified
10000171,Credit Card,i noticed a charge of on my capital one venture statement from i did not authorize this transaction and have been trying to resolve it with citibank for weeks they keep transferring me between departments and no one takes responsibility i have provided documentation proving i was not at the merchant
10000171,Credit Card,documentation proving i was not at the merchant location this is extremely frustrating and i need this resolved immediately
10001242,Savings Account,goldman sachs charged me a monthly maintenance fee on my synchrony savings that was supposed to be free when i called to dispute they said i did not maintain the minimum balance of even though my statements show i was always above that threshold i want all fees refunded and a guarantee this will not
10001242,Savings Account,all fees refunded and a guarantee this will not happen again
10001533,Savings Account,i opened a discover savings with synchrony because they advertised a apy after three months the rate was quietly dropped to without notification when i called they said the promotional rate had expired but this was never clearly communicated at account opening i moved into this account specifically
10001533,Savings Account,opening i moved into this account specifically for the higher rate
10000986,Personal Loan,i took out a personal loan of with lendingclub through their prosper loan program the advertised rate was but after approval i was given the terms were buried in fine print and the loan officer rushed me through the signing process i am now paying per month which is more than what was originally
10000986,Personal Loan,per month which is more than what was originally quoted
10000188,Credit Card,i have been a loyal amex gold cardholder with american express for over years recently i noticed my interest rate was increased from to without adequate explanation i have excellent payment history and no late payments other companies are offering much lower rates i am considering closing this
10000188,Credit Card,much lower rates i am considering closing this account if the rate is not adjusted
10000620,Credit Card,the rewards program on my amex gold card was changed without notice chase devalued the points by nearly making the annual fee of no longer worth it i specifically chose this card for its rewards structure and feel this is a baitandswitch tactic longtime customers should be grandfathered into the
10000620,Credit Card,customers should be grandfathered into the original rewards program
10000152,Credit Card,my capital one venture card from discover suddenly had its credit limit reduced from to without any prior notification i have never missed a payment and my credit score is above when i called to ask why the representative could not give me a clear answer this reduction has negatively affected my
10000152,Credit Card,answer this reduction has negatively affected my credit utilization ratio and dropped my score by points
10000159,Credit Card,someone made fraudulent purchases on my capital one venture card totaling i reported this to chase immediately and they opened an investigation after weeks they denied my fraud claim saying the transactions appeared legitimate i have filed a police report and have evidence that i was in a different
10000159,Credit Card,and have evidence that i was in a different state when these transactions occurred
10001742,Savings Account,my synchrony savings with goldman sachs was accessed by someone who changed my contact information and attempted to transfer out of my account when i reported this goldman sachs took weeks to investigate and temporarily restricted my access i am concerned about the security of their online banking
10001742,Savings Account,about the security of their online banking platform and how this person gained access
10000273,Credit Card,i noticed a charge of on my citi double cash statement from i did not authorize this transaction and have been trying to resolve it with american express for weeks they keep transferring me between departments and no one takes responsibility i have provided documentation proving i was not at the
10000273,Credit Card,provided documentation proving i was not at the merchant location this is extremely frustrating and i need this resolved immediately
10000615,Credit Card,the rewards program on my discover it card was changed without notice american express devalued the points by nearly making the annual fee of no longer worth it i specifically chose this card for its rewards structure and feel this is a baitandswitch tactic longtime customers should be grandfathered
10000615,Credit Card,tactic longtime customers should be grandfathered into the original rewards program
10002022,Money Transfer,venmo charged me a fee for a western union transfer that was advertised as free the fee was hidden in the exchange rate markup and only visible after carefully comparing the rates the actual exchange rate applied was worse than the market rate this is deceptive and the total hidden cost was
10001519,Savings Account,i tried to withdraw from my chase savings at discover and was told my account was frozen pending a security review no one informed me of any issues beforehand i had bills due and no access to my own money for weeks the customer service was unhelpful and could not tell me when the review would be
10001519,Savings Account,and could not tell me when the review would be completed
10001264,Savings Account,i have been trying to reach discovers customer service about an issue with my discover savings for weeks wait times exceed minutes and i have been disconnected times after waiting when i finally got through the representative could not resolve my issue and told me to call back this level of service
10001264,Savings Account,and told me to call back this level of service is completely unacceptable for a bank holding my savings
10000372,Credit Card,i applied for the amex gold card specifically for the point signup bonus i met all the spending requirements within the specified timeframe but chase has refused to credit my bonus points i have called times over the past months and each representative tells me something different i have all
10000372,Credit Card,tells me something different i have all receipts and statements showing i qualified
10000223,Credit Card,the rewards program on my chase sapphire card was changed without notice capital one devalued the points by nearly making the annual fee of no longer worth it i specifically chose this card for its rewards structure and feel this is a baitandswitch tactic longtime customers should be grandfathered
10000223,Credit Card,tactic longtime customers should be grandfathered into the original rewards program
10000594,Credit Card,my citi double cash card from american express suddenly had its credit limit reduced from to without any prior notification i have never missed a payment and my credit score is above when i called to ask why the representative could not give me a clear answer this reduction has negatively affected
10000594,Credit Card,answer this reduction has negatively affected my credit utilization ratio and dropped my score by points
10000477,Credit Card,chase charged me a late fee on my discover it card even though i made my payment on time my bank records show the payment was initiated days before the due date when i called to dispute they said the payment was received one day late due to processing time this is unacceptable i should not be
10000477,Credit Card,time this is unacceptable i should not be penalized for their slow processing system
10001388,Savings Account,i have been trying to reach synchronys customer service about an issue with my synchrony savings for weeks wait times exceed minutes and i have been disconnected times after waiting when i finally got through the representative could not resolve my issue and told me to call back this level of
10001388,Savings Account,my issue and told me to call back this level of service is completely unacceptable for a bank holding my savings
10001674,Savings Account,discover charged me a monthly maintenance fee on my marcus savings that was supposed to be free when i called to dispute they said i did not maintain the minimum balance of even though my statements show i was always above that threshold i want all fees refunded and a guarantee this will not happen
10001674,Savings Account,refunded and a guarantee this will not happen again
10001703,Savings Account,i have been trying to reach synchronys customer service about an issue with my discover savings for weeks wait times exceed minutes and i have been disconnected times after waiting when i finally got through the representative could not resolve my issue and told me to call back this level of service
10001703,Savings Account,and told me to call back this level of service is completely unacceptable for a bank holding my savings
10000688,Credit Card,my discover it card from capital one suddenly had its credit limit reduced from to without any prior notification i have never missed a payment and my credit score is above when i called to ask why the representative could not give me a clear answer this reduction has negatively affected my credit
10000688,Credit Card,this reduction has negatively affected my credit utilization ratio and dropped my score by points
10001748,Savings Account,synchrony closed my synchrony savings account without warning citing business reasons i had in the account and it took weeks to receive a cashiers check no explanation was ever provided for the closure i have been a customer for years with no suspicious activity on the account
10000137,Credit Card,i noticed a charge of on my chase sapphire statement from i did not authorize this transaction and have been trying to resolve it with discover for weeks they keep transferring me between departments and no one takes responsibility i have provided documentation proving i was not at the merchant
10000137,Credit Card,documentation proving i was not at the merchant location this is extremely frustrating and i need this resolved immediately
10000519,Credit Card,the rewards program on my amex gold card was changed without notice chase devalued the points by nearly making the annual fee of no longer worth it i specifically chose this card for its rewards structure and feel this is a baitandswitch tactic longtime customers should be grandfathered into the
10000519,Credit Card,customers should be grandfathered into the original rewards program
10000629,Credit Card,i noticed a charge of on my amex gold statement from i did not authorize this transaction and have been trying to resolve it with capital one for weeks they keep transferring me between departments and no one takes responsibility i have provided documentation proving i was not at the merchant
10000629,Credit Card,documentation proving i was not at the merchant location this is extremely frustrating and i need this resolved immediately
10000335,Credit Card,i have been a loyal discover it cardholder with chase for over years recently i noticed my interest rate was increased from to without adequate explanation i have excellent payment history and no late payments other companies are offering much lower rates i am considering closing this account if the
10000335,Credit Card,i am considering closing this account if the rate is not adjusted
10000782,Credit Card,someone made fraudulent purchases on my citi double cash card totaling i reported this to chase immediately and they opened an investigation after weeks they denied my fraud claim saying the transactions appeared legitimate i have filed a police report and have evidence that i was in a different
10000782,Credit Card,and have evidence that i was in a different state when these transactions occurred
10001245,Savings Account,i have been trying to reach chases customer service about an issue with my discover savings for weeks wait times exceed minutes and i have been disconnected times after waiting when i finally got through the representative could not resolve my issue and told me to call back this level of service is
10001245,Savings Account,and told me to call back this level of service is completely unacceptable for a bank holding my savings
10002122,Money Transfer,i accidentally sent to the wrong person through western union via western union i realized the error within minutes and immediately contacted them to cancel they said the transaction was already completed and they cannot reverse it they suggested i ask the recipient nicely to send it back this is an
10002122,Money Transfer,the recipient nicely to send it back this is an unacceptable response for such a large amount
10001948,Money Transfer,my account was frozen by paypal after i made a wire transfer transfer of they claimed the transaction was flagged for suspicious activity but i was simply sending money to my family overseas which i do every month it took weeks to get my account unfrozen and i had to provide extensive documentation
10001948,Money Transfer,and i had to provide extensive documentation including pay stubs and tax returns
10001000,Personal Loan,i tried to make an extra payment on my upstart loan from sofi to pay down the principal faster their system automatically applied it to future payments instead of the principal balance after calling times each representative gave me different instructions i am paying more interest than necessary
10001000,Personal Loan,i am paying more interest than necessary because they will not properly apply my payments
10001566,Savings Account,chase closed my chase savings account without warning citing business reasons i had in the account and it took weeks to receive a cashiers check no explanation was ever provided for the closure i have been a customer for years with no suspicious activity on the account
10000711,Credit Card,i noticed a charge of on my chase sapphire statement from i did not authorize this transaction and have been trying to resolve it with citibank for weeks they keep transferring me between departments and no one takes responsibility i have provided documentation proving i was not at the merchant
10000711,Credit Card,documentation proving i was not at the merchant location this is extremely frustrating and i need this resolved immediately
10000016,Credit Card,i noticed a charge of on my capital one venture statement from i did not authorize this transaction and have been trying to resolve it with capital one for weeks they keep transferring me between departments and no one takes responsibility i have provided documentation proving i was not at the
10000016,Credit Card,provided documentation proving i was not at the merchant location this is extremely frustrating and i need this resolved immediately
10001104,Personal Loan,i have been making regular payments on my sofi personal loan from upstart for months last month they claimed they did not receive my payment even though my bank shows it was debited they charged me a late fee and reported a missed payment to the credit bureaus dropping my score by points i need this
10001104,Personal Loan,bureaus dropping my score by points i need this corrected immediately
10000288,Credit Card,someone made fraudulent purchases on my amex gold card totaling i reported this to american express immediately and they opened an investigation after weeks they denied my fraud claim saying the transactions appeared legitimate i have filed a police report and have evidence that i was in a different
10000288,Credit Card,and have evidence that i was in a different state when these transactions occurred
10001217,Savings Account,synchrony charged me a monthly maintenance fee on my discover savings that was supposed to be free when i called to dispute they said i did not maintain the minimum balance of even though my statements show i was always above that threshold i want all fees refunded and a guarantee this will not
10001217,Savings Account,all fees refunded and a guarantee this will not happen again
10002008,Money Transfer,i initiated an international transfer of through zelles zelle service the estimated delivery was days but after weeks the money has still not arrived each time i call they say it is being processed meanwhile the exchange rate has changed significantly costing me an additional in value
10001350,Savings Account,i tried to withdraw from my chase savings at synchrony and was told my account was frozen pending a security review no one informed me of any issues beforehand i had bills due and no access to my own money for weeks the customer service was unhelpful and could not tell me when the review would be
10001350,Savings Account,and could not tell me when the review would be completed
10002126,Money Transfer,i was contacted by someone claiming to be from my banks fraud department they convinced me to send via venmo to secure my account i later realized this was a scam and immediately contacted paypal they refused to reverse the transaction saying venmo transfers are final i believe paypal should have
10002126,Money Transfer,transfers are final i believe paypal should have better fraud protection mechanisms
10000571,Credit Card,citibank charged me a late fee on my amex gold card even though i made my payment on time my bank records show the payment was initiated days before the due date when i called to dispute they said the payment was received one day late due to processing time this is unacceptable i should not be
10000571,Credit Card,time this is unacceptable i should not be penalized for their slow processing system
10000655,Credit Card,i have been a loyal discover it cardholder with chase for over years recently i noticed my interest rate was increased from to without adequate explanation i have excellent payment history and no late payments other companies are offering much lower rates i am considering closing this account if the
10000655,Credit Card,i am considering closing this account if the rate is not adjusted
10001581,Savings Account,my chase savings with discover was accessed by someone who changed my contact information and attempted to transfer out of my account when i reported this discover took weeks to investigate and temporarily restricted my access i am concerned about the security of their online banking platform and
10001581,Savings Account,the security of their online banking platform and how this person gained access
10001265,Savings Account,i opened a ally savings with goldman sachs because they advertised a apy after three months the rate was quietly dropped to without notification when i called they said the promotional rate had expired but this was never clearly communicated at account opening i moved into this account specifically
10001265,Savings Account,opening i moved into this account specifically for the higher rate
10000466,Credit Card,my amex gold card from american express suddenly had its credit limit reduced from to without any prior notification i have never missed a payment and my credit score is above when i called to ask why the representative could not give me a clear answer this reduction has negatively affected my
10000466,Credit Card,answer this reduction has negatively affected my credit utilization ratio and dropped my score by points
10001160,Personal Loan,i have been making regular payments on my upstart loan from lendingclub for months last month they claimed they did not receive my payment even though my bank shows it was debited they charged me a late fee and reported a missed payment to the credit bureaus dropping my score by points i need this
10001160,Personal Loan,bureaus dropping my score by points i need this corrected immediately
10000200,Credit Card,i have been a loyal capital one venture cardholder with chase for over years recently i noticed my interest rate was increased from to without adequate explanation i have excellent payment history and no late payments other companies are offering much lower rates i am considering closing this
10000200,Credit Card,much lower rates i am considering closing this account if the rate is not adjusted
10001147,Personal Loan,i took out a personal loan of with goldman sachs through their upstart loan program the advertised rate was but after approval i was given the terms were buried in fine print and the loan officer rushed me through the signing process i am now paying per month which is more than what was originally
10001147,Personal Loan,per month which is more than what was originally quoted
10001565,Savings Account,i opened a synchrony savings with discover because they advertised a apy after three months the rate was quietly dropped to without notification when i called they said the promotional rate had expired but this was never clearly communicated at account opening i moved into this account specifically
10001565,Savings Account,opening i moved into this account specifically for the higher rate
10001380,Savings Account,i tried to withdraw from my ally savings at synchrony and was told my account was frozen pending a security review no one informed me of any issues beforehand i had bills due and no access to my own money for weeks the customer service was unhelpful and could not tell me when the review would be
10001380,Savings Account,and could not tell me when the review would be completed
10001473,Savings Account,chase charged me a monthly maintenance fee on my discover savings that was supposed to be free when i called to dispute they said i did not maintain the minimum balance of even though my statements show i was always above that threshold i want all fees refunded and a guarantee this will not happen
10001473,Savings Account,refunded and a guarantee this will not happen again
10001534,Savings Account,synchrony closed my discover savings account without warning citing business reasons i had in the account and it took weeks to receive a cashiers check no explanation was ever provided for the closure i have been a customer for years with no suspicious activity on the account
10001695,Savings Account,i tried to withdraw from my ally savings at chase and was told my account was frozen pending a security review no one informed me of any issues beforehand i had bills due and no access to my own money for weeks the customer service was unhelpful and could not tell me when the review would be
10001695,Savings Account,and could not tell me when the review would be completed
10001222,Savings Account,i tried to withdraw from my discover savings at discover and was told my account was frozen pending a security review no one informed me of any issues beforehand i had bills due and no access to my own money for weeks the customer service was unhelpful and could not tell me when the review would be
10001222,Savings Account,and could not tell me when the review would be completed
10000592,Credit Card,i noticed a charge of on my capital one venture statement from i did not authorize this transaction and have been trying to resolve it with citibank for weeks they keep transferring me between departments and no one takes responsibility i have provided documentation proving i was not at the merchant
10000592,Credit Card,documentation proving i was not at the merchant location this is extremely frustrating and i need this resolved immediately
10001286,Savings Account,my chase savings with chase was accessed by someone who changed my contact information and attempted to transfer out of my account when i reported this chase took weeks to investigate and temporarily restricted my access i am concerned about the security of their online banking platform and how this
10001286,Savings Account,of their online banking platform and how this person gained access
10001069,Personal Loan,the total cost of my marcus loan from lendingclub ended up being which is nearly times the original loan amount of the interest rate of combined with various processing fees and insurance charges that were added without my clear consent have made this loan predatory in my opinion
10001793,Savings Account,i have been trying to reach ally banks customer service about an issue with my ally savings for weeks wait times exceed minutes and i have been disconnected times after waiting when i finally got through the representative could not resolve my issue and told me to call back this level of service is
10001793,Savings Account,and told me to call back this level of service is completely unacceptable for a bank holding my savings
10002148,Money Transfer,i was contacted by someone claiming to be from my banks fraud department they convinced me to send via venmo to secure my account i later realized this was a scam and immediately contacted paypal they refused to reverse the transaction saying venmo transfers are final i believe paypal should have
10002148,Money Transfer,transfers are final i believe paypal should have better fraud protection mechanisms
10001959,Money Transfer,i accidentally sent to the wrong person through zelle via zelle i realized the error within minutes and immediately contacted them to cancel they said the transaction was already completed and they cannot reverse it they suggested i ask the recipient nicely to send it back this is an unacceptable
10001959,Money Transfer,nicely to send it back this is an unacceptable response for such a large amount
10000044,Credit Card,i applied for the chase sapphire card specifically for the point signup bonus i met all the spending requirements within the specified timeframe but capital one has refused to credit my bonus points i have called times over the past months and each representative tells me something different i have
10000044,Credit Card,tells me something different i have all receipts and statements showing i qualified
10002187,Money Transfer,i sent via venmo through zelle to pay my landlord the money was deducted from my account but never received by the recipient it has been weeks and zelle has not been able to locate the funds or provide a refund i am now at risk of eviction because my rent appears unpaid
10000275,Credit Card,i noticed a charge of on my capital one venture statement from i did not authorize this transaction and have been trying to resolve it with chase for weeks they keep transferring me between departments and no one takes responsibility i have provided documentation proving i was not at the merchant
10000275,Credit Card,documentation proving i was not at the merchant location this is extremely frustrating and i need this resolved immediately
10001430,Savings Account,chase charged me a monthly maintenance fee on my synchrony savings that was supposed to be free when i called to dispute they said i did not maintain the minimum balance of even though my statements show i was always above that threshold i want all fees refunded and a guarantee this will not happen
10001430,Savings Account,refunded and a guarantee this will not happen again
10000102,Credit Card,my capital one venture card from citibank suddenly had its credit limit reduced from to without any prior notification i have never missed a payment and my credit score is above when i called to ask why the representative could not give me a clear answer this reduction has negatively affected my
10000102,Credit Card,answer this reduction has negatively affected my credit utilization ratio and dropped my score by points
10001983,Money Transfer,i accidentally sent to the wrong person through zelle via paypal i realized the error within minutes and immediately contacted them to cancel they said the transaction was already completed and they cannot reverse it they suggested i ask the recipient nicely to send it back this is an unacceptable
10001983,Money Transfer,nicely to send it back this is an unacceptable response for such a large amount
10001126,Personal Loan,prosper sold my prosper loan loan to a thirdparty debt collector without notifying me the collector is now adding additional fees and interest that were not part of my original agreement they call me times per day including on weekends and have been rude and threatening this is harassment and a
10001126,Personal Loan,rude and threatening this is harassment and a violation of fair debt collection practices
10001906,Money Transfer,my account was frozen by bank of america after i made a paypal transfer of they claimed the transaction was flagged for suspicious activity but i was simply sending money to my family overseas which i do every month it took weeks to get my account unfrozen and i had to provide extensive
10001906,Money Transfer,account unfrozen and i had to provide extensive documentation including pay stubs and tax returns
10000108,Credit Card,i noticed a charge of on my amex gold statement from i did not authorize this transaction and have been trying to resolve it with citibank for weeks they keep transferring me between departments and no one takes responsibility i have provided documentation proving i was not at the merchant location
10000108,Credit Card,proving i was not at the merchant location this is extremely frustrating and i need this resolved immediately
10001335,Savings Account,ally bank closed my chase savings account without warning citing business reasons i had in the account and it took weeks to receive a cashiers check no explanation was ever provided for the closure i have been a customer for years with no suspicious activity on the account
10000498,Credit Card,someone made fraudulent purchases on my chase sapphire card totaling i reported this to citibank immediately and they opened an investigation after weeks they denied my fraud claim saying the transactions appeared legitimate i have filed a police report and have evidence that i was in a different
10000498,Credit Card,and have evidence that i was in a different state when these transactions occurred
10001673,Savings Account,my chase savings with synchrony was accessed by someone who changed my contact information and attempted to transfer out of my account when i reported this synchrony took weeks to investigate and temporarily restricted my access i am concerned about the security of their online banking platform and
10001673,Savings Account,the security of their online banking platform and how this person gained access
10002137,Money Transfer,paypal charged me a fee for a venmo transfer that was advertised as free the fee was hidden in the exchange rate markup and only visible after carefully comparing the rates the actual exchange rate applied was worse than the market rate this is deceptive and the total hidden cost was
10001035,Personal Loan,sofi sold my marcus loan loan to a thirdparty debt collector without notifying me the collector is now adding additional fees and interest that were not part of my original agreement they call me times per day including on weekends and have been rude and threatening this is harassment and a
10001035,Personal Loan,rude and threatening this is harassment and a violation of fair debt collection practices
10001262,Savings Account,i opened a synchrony savings with goldman sachs because they advertised a apy after three months the rate was quietly dropped to without notification when i called they said the promotional rate had expired but this was never clearly communicated at account opening i moved into this account
10001262,Savings Account,at account opening i moved into this account specifically for the higher rate
10002237,Money Transfer,i was contacted by someone claiming to be from my banks fraud department they convinced me to send via western union to secure my account i later realized this was a scam and immediately contacted paypal they refused to reverse the transaction saying western union transfers are final i believe
10002237,Money Transfer,western union transfers are final i believe paypal should have better fraud protection mechanisms
10001442,Savings Account,i have been trying to reach goldman sachss customer service about an issue with my marcus savings for weeks wait times exceed minutes and i have been disconnected times after waiting when i finally got through the representative could not resolve my issue and told me to call back this level of
10001442,Savings Account,my issue and told me to call back this level of service is completely unacceptable for a bank holding my savings
10002123,Money Transfer,i was contacted by someone claiming to be from my banks fraud department they convinced me to send via venmo to secure my account i later realized this was a scam and immediately contacted venmo they refused to reverse the transaction saying venmo transfers are final i believe venmo should have
10002123,Money Transfer,transfers are final i believe venmo should have better fraud protection mechanisms
10002060,Money Transfer,i initiated an international transfer of through paypals paypal service the estimated delivery was days but after weeks the money has still not arrived each time i call they say it is being processed meanwhile the exchange rate has changed significantly costing me an additional in value
10002265,Money Transfer,i was contacted by someone claiming to be from my banks fraud department they convinced me to send via zelle to secure my account i later realized this was a scam and immediately contacted venmo they refused to reverse the transaction saying zelle transfers are final i believe venmo should have
10002265,Money Transfer,transfers are final i believe venmo should have better fraud protection mechanisms
10000713,Credit Card,i applied for the capital one venture card specifically for the point signup bonus i met all the spending requirements within the specified timeframe but discover has refused to credit my bonus points i have called times over the past months and each representative tells me something different i
10000713,Credit Card,representative tells me something different i have all receipts and statements showing i qualified
10000073,Credit Card,someone made fraudulent purchases on my capital one venture card totaling i reported this to discover immediately and they opened an investigation after weeks they denied my fraud claim saying the transactions appeared legitimate i have filed a police report and have evidence that i was in a
10000073,Credit Card,a police report and have evidence that i was in a different state when these transactions occurred
10000501,Credit Card,american express charged me a late fee on my amex gold card even though i made my payment on time my bank records show the payment was initiated days before the due date when i called to dispute they said the payment was received one day late due to processing time this is unacceptable i should not
10000501,Credit Card,processing time this is unacceptable i should not be penalized for their slow processing system
10001575,Savings Account,my ally savings with chase was accessed by someone who changed my contact information and attempted to transfer out of my account when i reported this chase took weeks to investigate and temporarily restricted my access i am concerned about the security of their online banking platform and how this
10001575,Savings Account,of their online banking platform and how this person gained access
10001518,Savings Account,i tried to withdraw from my discover savings at ally bank and was told my account was frozen pending a security review no one informed me of any issues beforehand i had bills due and no access to my own money for weeks the customer service was unhelpful and could not tell me when the review would be
10001518,Savings Account,and could not tell me when the review would be completed
10002225,Money Transfer,i accidentally sent to the wrong person through zelle via paypal i realized the error within minutes and immediately contacted them to cancel they said the transaction was already completed and they cannot reverse it they suggested i ask the recipient nicely to send it back this is an unacceptable
10002225,Money Transfer,nicely to send it back this is an unacceptable response for such a large amount
10000482,Credit Card,citibank charged me a late fee on my citi double cash card even though i made my payment on time my bank records show the payment was initiated days before the due date when i called to dispute they said the payment was received one day late due to processing time this is unacceptable i should not
10000482,Credit Card,processing time this is unacceptable i should not be penalized for their slow processing system
10001396,Savings Account,discover closed my marcus savings account without warning citing business reasons i had in the account and it took weeks to receive a cashiers check no explanation was ever provided for the closure i have been a customer for years with no suspicious activity on the account
10000507,Credit Card,i noticed a charge of on my citi double cash statement from i did not authorize this transaction and have been trying to resolve it with chase for weeks they keep transferring me between departments and no one takes responsibility i have provided documentation proving i was not at the merchant
10000507,Credit Card,documentation proving i was not at the merchant location this is extremely frustrating and i need this resolved immediately
10002165,Money Transfer,i was contacted by someone claiming to be from my banks fraud department they convinced me to send via venmo to secure my account i later realized this was a scam and immediately contacted western union they refused to reverse the transaction saying venmo transfers are final i believe western union
10002165,Money Transfer,venmo transfers are final i believe western union should have better fraud protection mechanisms
10001624,Savings Account,chase charged me a monthly maintenance fee on my synchrony savings that was supposed to be free when i called to dispute they said i did not maintain the minimum balance of even though my statements show i was always above that threshold i want all fees refunded and a guarantee this will not happen
10001624,Savings Account,refunded and a guarantee this will not happen again
10001383,Savings Account,synchrony closed my marcus savings account without warning citing business reasons i had in the account and it took weeks to receive a cashiers check no explanation was ever provided for the closure i have been a customer for years with no suspicious activity on the account
10001134,Personal Loan,i took out a personal loan of with lendingclub through their lendingclub loan program the advertised rate was but after approval i was given the terms were buried in fine print and the loan officer rushed me through the signing process i am now paying per month which is more than what was originally
10001134,Personal Loan,per month which is more than what was originally quoted
10001718,Savings Account,ally bank charged me a monthly maintenance fee on my marcus savings that was supposed to be free when i called to dispute they said i did not maintain the minimum balance of even though my statements show i was always above that threshold i want all fees refunded and a guarantee this will not happen
10001718,Savings Account,refunded and a guarantee this will not happen again
10001334,Savings Account,ally bank closed my synchrony savings account without warning citing business reasons i had in the account and it took weeks to receive a cashiers check no explanation was ever provided for the closure i have been a customer for years with no suspicious activity on the account
10001232,Savings Account,i opened a ally savings with ally bank because they advertised a apy after three months the rate was quietly dropped to without notification when i called they said the promotional rate had expired but this was never clearly communicated at account opening i moved into this account specifically for
10001232,Savings Account,i moved into this account specifically for the higher rate
10000312,Credit Card,discover charged me a late fee on my discover it card even though i made my payment on time my bank records show the payment was initiated days before the due date when i called to dispute they said the payment was received one day late due to processing time this is unacceptable i should not be
10000312,Credit Card,time this is unacceptable i should not be penalized for their slow processing system
10000406,Credit Card,the rewards program on my capital one venture card was changed without notice chase devalued the points by nearly making the annual fee of no longer worth it i specifically chose this card for its rewards structure and feel this is a baitandswitch tactic longtime customers should be grandfathered
10000406,Credit Card,tactic longtime customers should be grandfathered into the original rewards program
10000758,Credit Card,my discover it card from citibank suddenly had its credit limit reduced from to without any prior notification i have never missed a payment and my credit score is above when i called to ask why the representative could not give me a clear answer this reduction has negatively affected my credit
10000758,Credit Card,this reduction has negatively affected my credit utilization ratio and dropped my score by points
10001975,Money Transfer,my account was frozen by western union after i made a western union transfer of they claimed the transaction was flagged for suspicious activity but i was simply sending money to my family overseas which i do every month it took weeks to get my account unfrozen and i had to provide extensive
10001975,Money Transfer,account unfrozen and i had to provide extensive documentation including pay stubs and tax returns
10001478,Savings Account,i have been trying to reach goldman sachss customer service about an issue with my marcus savings for weeks wait times exceed minutes and i have been disconnected times after waiting when i finally got through the representative could not resolve my issue and told me to call back this level of
10001478,Savings Account,my issue and told me to call back this level of service is completely unacceptable for a bank holding my savings
10001101,Personal Loan,the total cost of my lendingclub loan from lendingclub ended up being which is nearly times the original loan amount of the interest rate of combined with various processing fees and insurance charges that were added without my clear consent have made this loan predatory in my opinion
10001488,Savings Account,discover charged me a monthly maintenance fee on my marcus savings that was supposed to be free when i called to dispute they said i did not maintain the minimum balance of even though my statements show i was always above that threshold i want all fees refunded and a guarantee this will not happen
10001488,Savings Account,refunded and a guarantee this will not happen again
10000310,Credit Card,i noticed a charge of on my amex gold statement from i did not authorize this transaction and have been trying to resolve it with discover for weeks they keep transferring me between departments and no one takes responsibility i have provided documentation proving i was not at the merchant location
10000310,Credit Card,proving i was not at the merchant location this is extremely frustrating and i need this resolved immediately
10000227,Credit Card,someone made fraudulent purchases on my discover it card totaling i reported this to chase immediately and they opened an investigation after weeks they denied my fraud claim saying the transactions appeared legitimate i have filed a police report and have evidence that i was in a different state
10000227,Credit Card,and have evidence that i was in a different state when these transactions occurred
10000744,Credit Card,i noticed a charge of on my amex gold statement from i did not authorize this transaction and have been trying to resolve it with chase for weeks they keep transferring me between departments and no one takes responsibility i have provided documentation proving i was not at the merchant location
10000744,Credit Card,proving i was not at the merchant location this is extremely frustrating and i need this resolved immediately
10001310,Savings Account,i opened a chase savings with ally bank because they advertised a apy after three months the rate was quietly dropped to without notification when i called they said the promotional rate had expired but this was never clearly communicated at account opening i moved into this account specifically for
10001310,Savings Account,i moved into this account specifically for the higher rate
10001602,Savings Account,goldman sachs charged me a monthly maintenance fee on my marcus savings that was supposed to be free when i called to dispute they said i did not maintain the minimum balance of even though my statements show i was always above that threshold i want all fees refunded and a guarantee this will not
10001602,Savings Account,all fees refunded and a guarantee this will not happen again
10001993,Money Transfer,my account was frozen by venmo after i made a western union transfer of they claimed the transaction was flagged for suspicious activity but i was simply sending money to my family overseas which i do every month it took weeks to get my account unfrozen and i had to provide extensive documentation
10001993,Money Transfer,and i had to provide extensive documentation including pay stubs and tax returns
10001561,Savings Account,i tried to withdraw from my discover savings at chase and was told my account was frozen pending a security review no one informed me of any issues beforehand i had bills due and no access to my own money for weeks the customer service was unhelpful and could not tell me when the review would be
10001561,Savings Account,and could not tell me when the review would be completed
10001178,Personal Loan,i have been making regular payments on my lendingclub loan from goldman sachs for months last month they claimed they did not receive my payment even though my bank shows it was debited they charged me a late fee and reported a missed payment to the credit bureaus dropping my score by points i need
10001178,Personal Loan,credit bureaus dropping my score by points i need this corrected immediately
10000149,Credit Card,i noticed a charge of on my discover it statement from i did not authorize this transaction and have been trying to resolve it with citibank for weeks they keep transferring me between departments and no one takes responsibility i have provided documentation proving i was not at the merchant
10000149,Credit Card,documentation proving i was not at the merchant location this is extremely frustrating and i need this resolved immediately
10001041,Personal Loan,i applied for a marcus loan with upstart and was denied despite having a credit score of and a stable income of per year the denial letter was vague citing insufficient credit history i have years of credit history with no delinquencies i believe this decision was made unfairly and request a proper
10001041,Personal Loan,decision was made unfairly and request a proper review
10001729,Savings Account,goldman sachs charged me a monthly maintenance fee on my synchrony savings that was supposed to be free when i called to dispute they said i did not maintain the minimum balance of even though my statements show i was always above that threshold i want all fees refunded and a guarantee this will not
10001729,Savings Account,all fees refunded and a guarantee this will not happen again
10001171,Personal Loan,i took out a personal loan of with sofi through their upstart loan program the advertised rate was but after approval i was given the terms were buried in fine print and the loan officer rushed me through the signing process i am now paying per month which is more than what was originally quoted
10000292,Credit Card,american express charged me a late fee on my chase sapphire card even though i made my payment on time my bank records show the payment was initiated days before the due date when i called to dispute they said the payment was received one day late due to processing time this is unacceptable i should
10000292,Credit Card,to processing time this is unacceptable i should not be penalized for their slow processing system
10000693,Credit Card,i applied for the capital one venture card specifically for the point signup bonus i met all the spending requirements within the specified timeframe but american express has refused to credit my bonus points i have called times over the past months and each representative tells me something
10000693,Credit Card,months and each representative tells me something different i have all receipts and statements showing i qualified
10000705,Credit Card,i have been a loyal capital one venture cardholder with discover for over years recently i noticed my interest rate was increased from to without adequate explanation i have excellent payment history and no late payments other companies are offering much lower rates i am considering closing this
10000705,Credit Card,much lower rates i am considering closing this account if the rate is not adjusted
10001780,Savings Account,i have been trying to reach synchronys customer service about an issue with my discover savings for weeks wait times exceed minutes and i have been disconnected times after waiting when i finally got through the representative could not resolve my issue and told me to call back this level of service
10001780,Savings Account,and told me to call back this level of service is completely unacceptable for a bank holding my savings
10000576,Credit Card,the rewards program on my discover it card was changed without notice discover devalued the points by nearly making the annual fee of no longer worth it i specifically chose this card for its rewards structure and feel this is a baitandswitch tactic longtime customers should be grandfathered into
10000576,Credit Card,longtime customers should be grandfathered into the original rewards program
10000558,Credit Card,the rewards program on my chase sapphire card was changed without notice american express devalued the points by nearly making the annual fee of no longer worth it i specifically chose this card for its rewards structure and feel this is a baitandswitch tactic longtime customers should be
10000558,Credit Card,baitandswitch tactic longtime customers should be grandfathered into the original rewards program
10000702,Credit Card,the rewards program on my citi double cash card was changed without notice american express devalued the points by nearly making the annual fee of no longer worth it i specifically chose this card for its rewards structure and feel this is a baitandswitch tactic longtime customers should be
10000702,Credit Card,baitandswitch tactic longtime customers should be grandfathered into the original rewards program
10001132,Personal Loan,i have been making regular payments on my lendingclub loan from goldman sachs for months last month they claimed they did not receive my payment even though my bank shows it was debited they charged me a late fee and reported a missed payment to the credit bureaus dropping my score by points i need
10001132,Personal Loan,credit bureaus dropping my score by points i need this corrected immediately
10002047,Money Transfer,zelle charged me a fee for a paypal transfer that was advertised as free the fee was hidden in the exchange rate markup and only visible after carefully comparing the rates the actual exchange rate applied was worse than the market rate this is deceptive and the total hidden cost was
10000922,Personal Loan,i applied for a prosper loan with upstart and was denied despite having a credit score of and a stable income of per year the denial letter was vague citing insufficient credit history i have years of credit history with no delinquencies i believe this decision was made unfairly and request a proper
10000922,Personal Loan,decision was made unfairly and request a proper review
10002066,Money Transfer,i sent via wire transfer through venmo to pay my landlord the money was deducted from my account but never received by the recipient it has been weeks and venmo has not been able to locate the funds or provide a refund i am now at risk of eviction because my rent appears unpaid
10002083,Money Transfer,i sent via zelle through zelle to pay my landlord the money was deducted from my account but never received by the recipient it has been weeks and zelle has not been able to locate the funds or provide a refund i am now at risk of eviction because my rent appears unpaid
10000906,Personal Loan,i have been making regular payments on my prosper loan from lendingclub for months last month they claimed they did not receive my payment even though my bank shows it was debited they charged me a late fee and reported a missed payment to the credit bureaus dropping my score by points i need this
10000906,Personal Loan,bureaus dropping my score by points i need this corrected immediately
10001755,Savings Account,i have been trying to reach ally banks customer service about an issue with my ally savings for weeks wait times exceed minutes and i have been disconnected times after waiting when i finally got through the representative could not resolve my issue and told me to call back this level of service is
10001755,Savings Account,and told me to call back this level of service is completely unacceptable for a bank holding my savings
10001250,Savings Account,ally bank closed my chase savings account without warning citing business reasons i had in the account and it took weeks to receive a cashiers check no explanation was ever provided for the closure i have been a customer for years with no suspicious activity on the account
10002115,Money Transfer,i initiated an international transfer of through western unions wire transfer service the estimated delivery was days but after weeks the money has still not arrived each time i call they say it is being processed meanwhile the exchange rate has changed significantly costing me an additional in
10002115,Money Transfer,changed significantly costing me an additional in value
10000749,Credit Card,my amex gold card from capital one suddenly had its credit limit reduced from to without any prior notification i have never missed a payment and my credit score is above when i called to ask why the representative could not give me a clear answer this reduction has negatively affected my credit
10000749,Credit Card,this reduction has negatively affected my credit utilization ratio and dropped my score by points
10001511,Savings Account,i have been trying to reach synchronys customer service about an issue with my ally savings for weeks wait times exceed minutes and i have been disconnected times after waiting when i finally got through the representative could not resolve my issue and told me to call back this level of service is
10001511,Savings Account,and told me to call back this level of service is completely unacceptable for a bank holding my savings
10000168,Credit Card,discover charged me a late fee on my discover it card even though i made my payment on time my bank records show the payment was initiated days before the due date when i called to dispute they said the payment was received one day late due to processing time this is unacceptable i should not be
10000168,Credit Card,time this is unacceptable i should not be penalized for their slow processing system
10000731,Credit Card,i have been a loyal amex gold cardholder with american express for over years recently i noticed my interest rate was increased from to without adequate explanation i have excellent payment history and no late payments other companies are offering much lower rates i am considering closing this
10000731,Credit Card,much lower rates i am considering closing this account if the rate is not adjusted
10001502,Savings Account,my marcus savings with synchrony was accessed by someone who changed my contact information and attempted to transfer out of my account when i reported this synchrony took weeks to investigate and temporarily restricted my access i am concerned about the security of their online banking platform and
10001502,Savings Account,the security of their online banking platform and how this person gained access
10000027,Credit Card,discover charged me a late fee on my citi double cash card even though i made my payment on time my bank records show the payment was initiated days before the due date when i called to dispute they said the payment was received one day late due to processing time this is unacceptable i should not
10000027,Credit Card,processing time this is unacceptable i should not be penalized for their slow processing system
10001133,Personal Loan,i applied for a upstart loan with lendingclub and was denied despite having a credit score of and a stable income of per year the denial letter was vague citing insufficient credit history i have years of credit history with no delinquencies i believe this decision was made unfairly and request a
10001133,Personal Loan,this decision was made unfairly and request a proper review
10002021,Money Transfer,i was contacted by someone claiming to be from my banks fraud department they convinced me to send via wire transfer to secure my account i later realized this was a scam and immediately contacted paypal they refused to reverse the transaction saying wire transfer transfers are final i believe
10002021,Money Transfer,wire transfer transfers are final i believe paypal should have better fraud protection mechanisms
10000998,Personal Loan,i have been making regular payments on my upstart loan from lendingclub for months last month they claimed they did not receive my payment even though my bank shows it was debited they charged me a late fee and reported a missed payment to the credit bureaus dropping my score by points i need this
10000998,Personal Loan,bureaus dropping my score by points i need this corrected immediately
10001360,Savings Account,i tried to withdraw from my marcus savings at discover and was told my account was frozen pending a security review no one informed me of any issues beforehand i had bills due and no access to my own money for weeks the customer service was unhelpful and could not tell me when the review would be
10001360,Savings Account,and could not tell me when the review would be completed
10002197,Money Transfer,i accidentally sent to the wrong person through zelle via bank of america i realized the error within minutes and immediately contacted them to cancel they said the transaction was already completed and they cannot reverse it they suggested i ask the recipient nicely to send it back this is an
10002197,Money Transfer,the recipient nicely to send it back this is an unacceptable response for such a large amount
10001594,Savings Account,my chase savings with discover was accessed by someone who changed my contact information and attempted to transfer out of my account when i reported this discover took weeks to investigate and temporarily restricted my access i am concerned about the security of their online banking platform and
10001594,Savings Account,the security of their online banking platform and how this person gained access
10000042,Credit Card,someone made fraudulent purchases on my citi double cash card totaling i reported this to discover immediately and they opened an investigation after weeks they denied my fraud claim saying the transactions appeared legitimate i have filed a police report and have evidence that i was in a different
10000042,Credit Card,and have evidence that i was in a different state when these transactions occurred
10002191,Money Transfer,i accidentally sent to the wrong person through zelle via western union i realized the error within minutes and immediately contacted them to cancel they said the transaction was already completed and they cannot reverse it they suggested i ask the recipient nicely to send it back this is an
10002191,Money Transfer,the recipient nicely to send it back this is an unacceptable response for such a large amount
10001651,Savings Account,i tried to withdraw from my discover savings at goldman sachs and was told my account was frozen pending a security review no one informed me of any issues beforehand i had bills due and no access to my own money for weeks the customer service was unhelpful and could not tell me when the review
10001651,Savings Account,unhelpful and could not tell me when the review would be completed
10002080,Money Transfer,i was contacted by someone claiming to be from my banks fraud department they convinced me to send via western union to secure my account i later realized this was a scam and immediately contacted venmo they refused to reverse the transaction saying western union transfers are final i believe venmo
10002080,Money Transfer,western union transfers are final i believe venmo should have better fraud protection mechanisms
10002056,Money Transfer,i was contacted by someone claiming to be from my banks fraud department they convinced me to send via paypal to secure my account i later realized this was a scam and immediately contacted bank of america they refused to reverse the transaction saying paypal transfers are final i believe bank of
10002056,Money Transfer,paypal transfers are final i believe bank of america should have better fraud protection mechanisms
10000610,Credit Card,i noticed a charge of on my discover it statement from i did not authorize this transaction and have been trying to resolve it with discover for weeks they keep transferring me between departments and no one takes responsibility i have provided documentation proving i was not at the merchant
10000610,Credit Card,documentation proving i was not at the merchant location this is extremely frustrating and i need this resolved immediately
10001698,Savings Account,i have been trying to reach goldman sachss customer service about an issue with my chase savings for weeks wait times exceed minutes and i have been disconnected times after waiting when i finally got through the representative could not resolve my issue and told me to call back this level of
10001698,Savings Account,my issue and told me to call back this level of service is completely unacceptable for a bank holding my savings
10001647,Savings Account,i opened a ally savings with ally bank because they advertised a apy after three months the rate was quietly dropped to without notification when i called they said the promotional rate had expired but this was never clearly communicated at account opening i moved into this account specifically for
10001647,Savings Account,i moved into this account specifically for the higher rate
10002112,Money Transfer,i was contacted by someone claiming to be from my banks fraud department they convinced me to send via zelle to secure my account i later realized this was a scam and immediately contacted paypal they refused to reverse the transaction saying zelle transfers are final i believe paypal should have
10002112,Money Transfer,transfers are final i believe paypal should have better fraud protection mechanisms
10000494,Credit Card,the rewards program on my capital one venture card was changed without notice chase devalued the points by nearly making the annual fee of no longer worth it i specifically chose this card for its rewards structure and feel this is a baitandswitch tactic longtime customers should be grandfathered
10000494,Credit Card,tactic longtime customers should be grandfathered into the original rewards program
10000237,Credit Card,the rewards program on my citi double cash card was changed without notice discover devalued the points by nearly making the annual fee of no longer worth it i specifically chose this card for its rewards structure and feel this is a baitandswitch tactic longtime customers should be grandfathered
10000237,Credit Card,tactic longtime customers should be grandfathered into the original rewards program
10000552,Credit Card,i applied for the chase sapphire card specifically for the point signup bonus i met all the spending requirements within the specified timeframe but american express has refused to credit my bonus points i have called times over the past months and each representative tells me something different i
10000552,Credit Card,representative tells me something different i have all receipts and statements showing i qualified
10000521,Credit Card,my capital one venture card from chase suddenly had its credit limit reduced from to without any prior notification i have never missed a payment and my credit score is above when i called to ask why the representative could not give me a clear answer this reduction has negatively affected my credit
10000521,Credit Card,this reduction has negatively affected my credit utilization ratio and dropped my score by points
10001394,Savings Account,i have been trying to reach discovers customer service about an issue with my chase savings for weeks wait times exceed minutes and i have been disconnected times after waiting when i finally got through the representative could not resolve my issue and told me to call back this level of service is
10001394,Savings Account,and told me to call back this level of service is completely unacceptable for a bank holding my savings
10000721,Credit Card,i have been a loyal capital one venture cardholder with citibank for over years recently i noticed my interest rate was increased from to without adequate explanation i have excellent payment history and no late payments other companies are offering much lower rates i am considering closing this
10000721,Credit Card,much lower rates i am considering closing this account if the rate is not adjusted
10001613,Savings Account,i have been trying to reach synchronys customer service about an issue with my chase savings for weeks wait times exceed minutes and i have been disconnected times after waiting when i finally got through the representative could not resolve my issue and told me to call back this level of service is
10001613,Savings Account,and told me to call back this level of service is completely unacceptable for a bank holding my savings
10002041,Money Transfer,venmo charged me a fee for a zelle transfer that was advertised as free the fee was hidden in the exchange rate markup and only visible after carefully comparing the rates the actual exchange rate applied was worse than the market rate this is deceptive and the total hidden cost was
10000059,Credit Card,i applied for the capital one venture card specifically for the point signup bonus i met all the spending requirements within the specified timeframe but american express has refused to credit my bonus points i have called times over the past months and each representative tells me something
10000059,Credit Card,months and each representative tells me something different i have all receipts and statements showing i qualified
10000632,Credit Card,i applied for the citi double cash card specifically for the point signup bonus i met all the spending requirements within the specified timeframe but american express has refused to credit my bonus points i have called times over the past months and each representative tells me something different
10000632,Credit Card,each representative tells me something different i have all receipts and statements showing i qualified
10001985,Money Transfer,i was contacted by someone claiming to be from my banks fraud department they convinced me to send via western union to secure my account i later realized this was a scam and immediately contacted paypal they refused to reverse the transaction saying western union transfers are final i believe
10001985,Money Transfer,western union transfers are final i believe paypal should have better fraud protection mechanisms
10000593,Credit Card,i have been a loyal citi double cash cardholder with discover for over years recently i noticed my interest rate was increased from to without adequate explanation i have excellent payment history and no late payments other companies are offering much lower rates i am considering closing this
10000593,Credit Card,much lower rates i am considering closing this account if the rate is not adjusted
10001981,Money Transfer,western union charged me a fee for a paypal transfer that was advertised as free the fee was hidden in the exchange rate markup and only visible after carefully comparing the rates the actual exchange rate applied was worse than the market rate this is deceptive and the total hidden cost was
10000940,Personal Loan,i tried to make an extra payment on my upstart loan from goldman sachs to pay down the principal faster their system automatically applied it to future payments instead of the principal balance after calling times each representative gave me different instructions i am paying more interest than
10000940,Personal Loan,instructions i am paying more interest than necessary because they will not properly apply my payments
10000905,Personal Loan,i tried to make an extra payment on my upstart loan from sofi to pay down the principal faster their system automatically applied it to future payments instead of the principal balance after calling times each representative gave me different instructions i am paying more interest than necessary
10000905,Personal Loan,i am paying more interest than necessary because they will not properly apply my payments
10001648,Savings Account,synchrony closed my ally savings account without warning citing business reasons i had in the account and it took weeks to receive a cashiers check no explanation was ever provided for the closure i have been a customer for years with no suspicious activity on the account
10002220,Money Transfer,i was contacted by someone claiming to be from my banks fraud department they convinced me to send via western union to secure my account i later realized this was a scam and immediately contacted zelle they refused to reverse the transaction saying western union transfers are final i believe zelle
10002220,Money Transfer,western union transfers are final i believe zelle should have better fraud protection mechanisms
10001376,Savings Account,i have been trying to reach chases customer service about an issue with my marcus savings for weeks wait times exceed minutes and i have been disconnected times after waiting when i finally got through the representative could not resolve my issue and told me to call back this level of service is
10001376,Savings Account,and told me to call back this level of service is completely unacceptable for a bank holding my savings
10002150,Money Transfer,i sent via venmo through bank of america to pay my landlord the money was deducted from my account but never received by the recipient it has been weeks and bank of america has not been able to locate the funds or provide a refund i am now at risk of eviction because my rent appears unpaid
10001617,Savings Account,discover charged me a monthly maintenance fee on my marcus savings that was supposed to be free when i called to dispute they said i did not maintain the minimum balance of even though my statements show i was always above that threshold i want all fees refunded and a guarantee this will not happen
10001617,Savings Account,refunded and a guarantee this will not happen again
10000707,Credit Card,i noticed a charge of on my capital one venture statement from i did not authorize this transaction and have been trying to resolve it with chase for weeks they keep transferring me between departments and no one takes responsibility i have provided documentation proving i was not at the merchant
10000707,Credit Card,documentation proving i was not at the merchant location this is extremely frustrating and i need this resolved immediately
10001023,Personal Loan,upstart sold my sofi personal loan loan to a thirdparty debt collector without notifying me the collector is now adding additional fees and interest that were not part of my original agreement they call me times per day including on weekends and have been rude and threatening this is harassment and
10001023,Personal Loan,been rude and threatening this is harassment and a violation of fair debt collection practices
10000746,Credit Card,my citi double cash card from citibank suddenly had its credit limit reduced from to without any prior notification i have never missed a payment and my credit score is above when i called to ask why the representative could not give me a clear answer this reduction has negatively affected my credit
10000746,Credit Card,this reduction has negatively affected my credit utilization ratio and dropped my score by points
10001709,Savings Account,i opened a chase savings with ally bank because they advertised a apy after three months the rate was quietly dropped to without notification when i called they said the promotional rate had expired but this was never clearly communicated at account opening i moved into this account specifically for
10001709,Savings Account,i moved into this account specifically for the higher rate
10002193,Money Transfer,i was contacted by someone claiming to be from my banks fraud department they convinced me to send via paypal to secure my account i later realized this was a scam and immediately contacted paypal they refused to reverse the transaction saying paypal transfers are final i believe paypal should have
10002193,Money Transfer,transfers are final i believe paypal should have better fraud protection mechanisms
10000514,Credit Card,someone made fraudulent purchases on my chase sapphire card totaling i reported this to citibank immediately and they opened an investigation after weeks they denied my fraud claim saying the transactions appeared legitimate i have filed a police report and have evidence that i was in a different
10000514,Credit Card,and have evidence that i was in a different state when these transactions occurred
10000082,Credit Card,i have been a loyal discover it cardholder with american express for over years recently i noticed my interest rate was increased from to without adequate explanation i have excellent payment history and no late payments other companies are offering much lower rates i am considering closing this
10000082,Credit Card,much lower rates i am considering closing this account if the rate is not adjusted
10002052,Money Transfer,i was contacted by someone claiming to be from my banks fraud department they convinced me to send via venmo to secure my account i later realized this was a scam and immediately contacted western union they refused to reverse the transaction saying venmo transfers are final i believe western union
10002052,Money Transfer,venmo transfers are final i believe western union should have better fraud protection mechanisms
10000915,Personal Loan,i have been making regular payments on my marcus loan from sofi for months last month they claimed they did not receive my payment even though my bank shows it was debited they charged me a late fee and reported a missed payment to the credit bureaus dropping my score by points i need this corrected
10000915,Personal Loan,dropping my score by points i need this corrected immediately
10002129,Money Transfer,i initiated an international transfer of through bank of americas venmo service the estimated delivery was days but after weeks the money has still not arrived each time i call they say it is being processed meanwhile the exchange rate has changed significantly costing me an additional in value
10000151,Credit Card,i have been a loyal chase sapphire cardholder with discover for over years recently i noticed my interest rate was increased from to without adequate explanation i have excellent payment history and no late payments other companies are offering much lower rates i am considering closing this account
10000151,Credit Card,lower rates i am considering closing this account if the rate is not adjusted
10000775,Credit Card,i have been a loyal capital one venture cardholder with chase for over years recently i noticed my interest rate was increased from to without adequate explanation i have excellent payment history and no late payments other companies are offering much lower rates i am considering closing this
10000775,Credit Card,much lower rates i am considering closing this account if the rate is not adjusted
10000330,Credit Card,i applied for the chase sapphire card specifically for the point signup bonus i met all the spending requirements within the specified timeframe but american express has refused to credit my bonus points i have called times over the past months and each representative tells me something different i
10000330,Credit Card,representative tells me something different i have all receipts and statements showing i qualified
10000007,Credit Card,i noticed a charge of on my chase sapphire statement from i did not authorize this transaction and have been trying to resolve it with citibank for weeks they keep transferring me between departments and no one takes responsibility i have provided documentation proving i was not at the merchant
10000007,Credit Card,documentation proving i was not at the merchant location this is extremely frustrating and i need this resolved immediately
10000944,Personal Loan,i have been making regular payments on my lendingclub loan from sofi for months last month they claimed they did not receive my payment even though my bank shows it was debited they charged me a late fee and reported a missed payment to the credit bureaus dropping my score by points i need this
10000944,Personal Loan,bureaus dropping my score by points i need this corrected immediately
10001342,Savings Account,synchrony charged me a monthly maintenance fee on my ally savings that was supposed to be free when i called to dispute they said i did not maintain the minimum balance of even though my statements show i was always above that threshold i want all fees refunded and a guarantee this will not happen
10001342,Savings Account,refunded and a guarantee this will not happen again
10001753,Savings Account,i opened a synchrony savings with ally bank because they advertised a apy after three months the rate was quietly dropped to without notification when i called they said the promotional rate had expired but this was never clearly communicated at account opening i moved into this account specifically
10001753,Savings Account,opening i moved into this account specifically for the higher rate
10000910,Personal Loan,i have been making regular payments on my lendingclub loan from prosper for months last month they claimed they did not receive my payment even though my bank shows it was debited they charged me a late fee and reported a missed payment to the credit bureaus dropping my score by points i need this
10000910,Personal Loan,bureaus dropping my score by points i need this corrected immediately
10000469,Credit Card,i noticed a charge of on my discover it statement from i did not authorize this transaction and have been trying to resolve it with chase for weeks they keep transferring me between departments and no one takes responsibility i have provided documentation proving i was not at the merchant location
10000469,Credit Card,proving i was not at the merchant location this is extremely frustrating and i need this resolved immediately
10000182,Credit Card,the rewards program on my discover it card was changed without notice citibank devalued the points by nearly making the annual fee of no longer worth it i specifically chose this card for its rewards structure and feel this is a baitandswitch tactic longtime customers should be grandfathered into
10000182,Credit Card,longtime customers should be grandfathered into the original rewards program
10000165,Credit Card,i have been a loyal capital one venture cardholder with discover for over years recently i noticed my interest rate was increased from to without adequate explanation i have excellent payment history and no late payments other companies are offering much lower rates i am considering closing this
10000165,Credit Card,much lower rates i am considering closing this account if the rate is not adjusted
10000452,Credit Card,my discover it card from discover suddenly had its credit limit reduced from to without any prior notification i have never missed a payment and my credit score is above when i called to ask why the representative could not give me a clear answer this reduction has negatively affected my credit
10000452,Credit Card,this reduction has negatively affected my credit utilization ratio and dropped my score by points
10000491,Credit Card,i have been a loyal chase sapphire cardholder with discover for over years recently i noticed my interest rate was increased from to without adequate explanation i have excellent payment history and no late payments other companies are offering much lower rates i am considering closing this account
10000491,Credit Card,lower rates i am considering closing this account if the rate is not adjusted
10001177,Personal Loan,i tried to make an extra payment on my upstart loan from upstart to pay down the principal faster their system automatically applied it to future payments instead of the principal balance after calling times each representative gave me different instructions i am paying more interest than necessary
10001177,Personal Loan,i am paying more interest than necessary because they will not properly apply my payments
10002168,Money Transfer,i initiated an international transfer of through venmos zelle service the estimated delivery was days but after weeks the money has still not arrived each time i call they say it is being processed meanwhile the exchange rate has changed significantly costing me an additional in value
10001252,Savings Account,ally bank charged me a monthly maintenance fee on my ally savings that was supposed to be free when i called to dispute they said i did not maintain the minimum balance of even though my statements show i was always above that threshold i want all fees refunded and a guarantee this will not happen
10001252,Savings Account,refunded and a guarantee this will not happen again
10002219,Money Transfer,my account was frozen by paypal after i made a paypal transfer of they claimed the transaction was flagged for suspicious activity but i was simply sending money to my family overseas which i do every month it took weeks to get my account unfrozen and i had to provide extensive documentation
10002219,Money Transfer,and i had to provide extensive documentation including pay stubs and tax returns
10001246,Savings Account,goldman sachs charged me a monthly maintenance fee on my chase savings that was supposed to be free when i called to dispute they said i did not maintain the minimum balance of even though my statements show i was always above that threshold i want all fees refunded and a guarantee this will not
10001246,Savings Account,all fees refunded and a guarantee this will not happen again
10001456,Savings Account,i opened a synchrony savings with ally bank because they advertised a apy after three months the rate was quietly dropped to without notification when i called they said the promotional rate had expired but this was never clearly communicated at account opening i moved into this account specifically
10001456,Savings Account,opening i moved into this account specifically for the higher rate
10001510,Savings Account,i opened a discover savings with ally bank because they advertised a apy after three months the rate was quietly dropped to without notification when i called they said the promotional rate had expired but this was never clearly communicated at account opening i moved into this account specifically
10001510,Savings Account,opening i moved into this account specifically for the higher rate
10000328,Credit Card,the rewards program on my citi double cash card was changed without notice american express devalued the points by nearly making the annual fee of no longer worth it i specifically chose this card for its rewards structure and feel this is a baitandswitch tactic longtime customers should be
10000328,Credit Card,baitandswitch tactic longtime customers should be grandfathered into the original rewards program
10000443,Credit Card,my capital one venture card from american express suddenly had its credit limit reduced from to without any prior notification i have never missed a payment and my credit score is above when i called to ask why the representative could not give me a clear answer this reduction has negatively
10000443,Credit Card,me a clear answer this reduction has negatively affected my credit utilization ratio and dropped my score by points
10001599,Savings Account,i opened a synchrony savings with ally bank because they advertised a apy after three months the rate was quietly dropped to without notification when i called they said the promotional rate had expired but this was never clearly communicated at account opening i moved into this account specifically
10001599,Savings Account,opening i moved into this account specifically for the higher rate
10001165,Personal Loan,i took out a personal loan of with prosper through their upstart loan program the advertised rate was but after approval i was given the terms were buried in fine print and the loan officer rushed me through the signing process i am now paying per month which is more than what was originally quoted
10001605,Savings Account,synchrony charged me a monthly maintenance fee on my ally savings that was supposed to be free when i called to dispute they said i did not maintain the minimum balance of even though my statements show i was always above that threshold i want all fees refunded and a guarantee this will not happen
10001605,Savings Account,refunded and a guarantee this will not happen again
10001106,Personal Loan,the total cost of my prosper loan from prosper ended up being which is nearly times the original loan amount of the interest rate of combined with various processing fees and insurance charges that were added without my clear consent have made this loan predatory in my opinion
10000087,Credit Card,the rewards program on my capital one venture card was changed without notice discover devalued the points by nearly making the annual fee of no longer worth it i specifically chose this card for its rewards structure and feel this is a baitandswitch tactic longtime customers should be grandfathered
10000087,Credit Card,tactic longtime customers should be grandfathered into the original rewards program
10002257,Money Transfer,western union charged me a fee for a paypal transfer that was advertised as free the fee was hidden in the exchange rate markup and only visible after carefully comparing the rates the actual exchange rate applied was worse than the market rate this is deceptive and the total hidden cost was
10000778,Credit Card,i applied for the chase sapphire card specifically for the point signup bonus i met all the spending requirements within the specified timeframe but capital one has refused to credit my bonus points i have called times over the past months and each representative tells me something different i have
10000778,Credit Card,tells me something different i have all receipts and statements showing i qualified
10001908,Money Transfer,i was contacted by someone claiming to be from my banks fraud department they convinced me to send via venmo to secure my account i later realized this was a scam and immediately contacted venmo they refused to reverse the transaction saying venmo transfers are final i believe venmo should have
10001908,Money Transfer,transfers are final i believe venmo should have better fraud protection mechanisms
10000055,Credit Card,american express charged me a late fee on my chase sapphire card even though i made my payment on time my bank records show the payment was initiated days before the due date when i called to dispute they said the payment was received one day late due to processing time this is unacceptable i should
10000055,Credit Card,to processing time this is unacceptable i should not be penalized for their slow processing system
10001584,Savings Account,synchrony closed my marcus savings account without warning citing business reasons i had in the account and it took weeks to receive a cashiers check no explanation was ever provided for the closure i have been a customer for years with no suspicious activity on the account
10001415,Savings Account,i tried to withdraw from my marcus savings at synchrony and was told my account was frozen pending a security review no one informed me of any issues beforehand i had bills due and no access to my own money for weeks the customer service was unhelpful and could not tell me when the review would be
10001415,Savings Account,and could not tell me when the review would be completed
10001323,Savings Account,i have been trying to reach synchronys customer service about an issue with my marcus savings for weeks wait times exceed minutes and i have been disconnected times after waiting when i finally got through the representative could not resolve my issue and told me to call back this level of service
10001323,Savings Account,and told me to call back this level of service is completely unacceptable for a bank holding my savings
10000114,Credit Card,someone made fraudulent purchases on my chase sapphire card totaling i reported this to american express immediately and they opened an investigation after weeks they denied my fraud claim saying the transactions appeared legitimate i have filed a police report and have evidence that i was in a
10000114,Credit Card,a police report and have evidence that i was in a different state when these transactions occurred
10000988,Personal Loan,i have been making regular payments on my upstart loan from lendingclub for months last month they claimed they did not receive my payment even though my bank shows it was debited they charged me a late fee and reported a missed payment to the credit bureaus dropping my score by points i need this
10000988,Personal Loan,bureaus dropping my score by points i need this corrected immediately
10001592,Savings Account,discover charged me a monthly maintenance fee on my chase savings that was supposed to be free when i called to dispute they said i did not maintain the minimum balance of even though my statements show i was always above that threshold i want all fees refunded and a guarantee this will not happen
10001592,Savings Account,refunded and a guarantee this will not happen again
10001321,Savings Account,my chase savings with ally bank was accessed by someone who changed my contact information and attempted to transfer out of my account when i reported this ally bank took weeks to investigate and temporarily restricted my access i am concerned about the security of their online banking platform and
10001321,Savings Account,the security of their online banking platform and how this person gained access
10001010,Personal Loan,the total cost of my sofi personal loan from sofi ended up being which is nearly times the original loan amount of the interest rate of combined with various processing fees and insurance charges that were added without my clear consent have made this loan predatory in my opinion
10000590,Credit Card,someone made fraudulent purchases on my capital one venture card totaling i reported this to citibank immediately and they opened an investigation after weeks they denied my fraud claim saying the transactions appeared legitimate i have filed a police report and have evidence that i was in a
10000590,Credit Card,a police report and have evidence that i was in a different state when these transactions occurred
10002040,Money Transfer,zelle charged me a fee for a zelle transfer that was advertised as free the fee was hidden in the exchange rate markup and only visible after carefully comparing the rates the actual exchange rate applied was worse than the market rate this is deceptive and the total hidden cost was
10001763,Savings Account,ally bank charged me a monthly maintenance fee on my ally savings that was supposed to be free when i called to dispute they said i did not maintain the minimum balance of even though my statements show i was always above that threshold i want all fees refunded and a guarantee this will not happen
10001763,Savings Account,refunded and a guarantee this will not happen again
10000286,Credit Card,chase charged me a late fee on my citi double cash card even though i made my payment on time my bank records show the payment was initiated days before the due date when i called to dispute they said the payment was received one day late due to processing time this is unacceptable i should not be
10000286,Credit Card,time this is unacceptable i should not be penalized for their slow processing system
10000429,Credit Card,i applied for the chase sapphire card specifically for the point signup bonus i met all the spending requirements within the specified timeframe but discover has refused to credit my bonus points i have called times over the past months and each representative tells me something different i have all
10000429,Credit Card,tells me something different i have all receipts and statements showing i qualified
10001421,Savings Account,i tried to withdraw from my ally savings at goldman sachs and was told my account was frozen pending a security review no one informed me of any issues beforehand i had bills due and no access to my own money for weeks the customer service was unhelpful and could not tell me when the review would be
10001421,Savings Account,and could not tell me when the review would be completed
10000670,Credit Card,i applied for the discover it card specifically for the point signup bonus i met all the spending requirements within the specified timeframe but chase has refused to credit my bonus points i have called times over the past months and each representative tells me something different i have all
10000670,Credit Card,tells me something different i have all receipts and statements showing i qualified
10000032,Credit Card,i noticed a charge of on my capital one venture statement from i did not authorize this transaction and have been trying to resolve it with american express for weeks they keep transferring me between departments and no one takes responsibility i have provided documentation proving i was not at the
10000032,Credit Card,provided documentation proving i was not at the merchant location this is extremely frustrating and i need this resolved immediately
10000723,Credit Card,someone made fraudulent purchases on my chase sapphire card totaling i reported this to american express immediately and they opened an investigation after weeks they denied my fraud claim saying the transactions appeared legitimate i have filed a police report and have evidence that i was in a
10000723,Credit Card,a police report and have evidence that i was in a different state when these transactions occurred
10000952,Personal Loan,i tried to make an extra payment on my lendingclub loan from lendingclub to pay down the principal faster their system automatically applied it to future payments instead of the principal balance after calling times each representative gave me different instructions i am paying more interest than
10000952,Personal Loan,instructions i am paying more interest than necessary because they will not properly apply my payments
10001484,Savings Account,goldman sachs closed my discover savings account without warning citing business reasons i had in the account and it took weeks to receive a cashiers check no explanation was ever provided for the closure i have been a customer for years with no suspicious activity on the account
10000215,Credit Card,i have been a loyal amex gold cardholder with american express for over years recently i noticed my interest rate was increased from to without adequate explanation i have excellent payment history and no late payments other companies are offering much lower rates i am considering closing this
10000215,Credit Card,much lower rates i am considering closing this account if the rate is not adjusted
10001507,Savings Account,my marcus savings with ally bank was accessed by someone who changed my contact information and attempted to transfer out of my account when i reported this ally bank took weeks to investigate and temporarily restricted my access i am concerned about the security of their online banking platform and
10001507,Savings Account,the security of their online banking platform and how this person gained access
10000327,Credit Card,someone made fraudulent purchases on my amex gold card totaling i reported this to citibank immediately and they opened an investigation after weeks they denied my fraud claim saying the transactions appeared legitimate i have filed a police report and have evidence that i was in a different state
10000327,Credit Card,and have evidence that i was in a different state when these transactions occurred
10000561,Credit Card,i applied for the citi double cash card specifically for the point signup bonus i met all the spending requirements within the specified timeframe but capital one has refused to credit my bonus points i have called times over the past months and each representative tells me something different i
10000561,Credit Card,representative tells me something different i have all receipts and statements showing i qualified
10001087,Personal Loan,goldman sachs sold my upstart loan loan to a thirdparty debt collector without notifying me the collector is now adding additional fees and interest that were not part of my original agreement they call me times per day including on weekends and have been rude and threatening this is harassment and
10001087,Personal Loan,been rude and threatening this is harassment and a violation of fair debt collection practices
10001544,Savings Account,i opened a marcus savings with synchrony because they advertised a apy after three months the rate was quietly dropped to without notification when i called they said the promotional rate had expired but this was never clearly communicated at account opening i moved into this account specifically
10001544,Savings Account,opening i moved into this account specifically for the higher rate
10000342,Credit Card,the rewards program on my discover it card was changed without notice discover devalued the points by nearly making the annual fee of no longer worth it i specifically chose this card for its rewards structure and feel this is a baitandswitch tactic longtime customers should be grandfathered into
10000342,Credit Card,longtime customers should be grandfathered into the original rewards program
10000148,Credit Card,someone made fraudulent purchases on my chase sapphire card totaling i reported this to citibank immediately and they opened an investigation after weeks they denied my fraud claim saying the transactions appeared legitimate i have filed a police report and have evidence that i was in a different
10000148,Credit Card,and have evidence that i was in a different state when these transactions occurred
10001553,Savings Account,i have been trying to reach chases customer service about an issue with my discover savings for weeks wait times exceed minutes and i have been disconnected times after waiting when i finally got through the representative could not resolve my issue and told me to call back this level of service is
10001553,Savings Account,and told me to call back this level of service is completely unacceptable for a bank holding my savings
10001108,Personal Loan,prosper sold my marcus loan loan to a thirdparty debt collector without notifying me the collector is now adding additional fees and interest that were not part of my original agreement they call me times per day including on weekends and have been rude and threatening this is harassment and a
10001108,Personal Loan,rude and threatening this is harassment and a violation of fair debt collection practices
10002184,Money Transfer,i accidentally sent to the wrong person through zelle via western union i realized the error within minutes and immediately contacted them to cancel they said the transaction was already completed and they cannot reverse it they suggested i ask the recipient nicely to send it back this is an
10002184,Money Transfer,the recipient nicely to send it back this is an unacceptable response for such a large amount
10000967,Personal Loan,i tried to make an extra payment on my marcus loan from prosper to pay down the principal faster their system automatically applied it to future payments instead of the principal balance after calling times each representative gave me different instructions i am paying more interest than necessary
10000967,Personal Loan,i am paying more interest than necessary because they will not properly apply my payments
10001073,Personal Loan,i applied for a sofi personal loan with lendingclub and was denied despite having a credit score of and a stable income of per year the denial letter was vague citing insufficient credit history i have years of credit history with no delinquencies i believe this decision was made unfairly and
10001073,Personal Loan,i believe this decision was made unfairly and request a proper review
10000156,Credit Card,i noticed a charge of on my capital one venture statement from i did not authorize this transaction and have been trying to resolve it with citibank for weeks they keep transferring me between departments and no one takes responsibility i have provided documentation proving i was not at the merchant
10000156,Credit Card,documentation proving i was not at the merchant location this is extremely frustrating and i need this resolved immediately
10001395,Savings Account,my ally savings with synchrony was accessed by someone who changed my contact information and attempted to transfer out of my account when i reported this synchrony took weeks to investigate and temporarily restricted my access i am concerned about the security of their online banking platform and
10001395,Savings Account,the security of their online banking platform and how this person gained access
10001348,Savings Account,discover closed my ally savings account without warning citing business reasons i had in the account and it took weeks to receive a cashiers check no explanation was ever provided for the closure i have been a customer for years with no suspicious activity on the account
10001964,Money Transfer,my account was frozen by venmo after i made a zelle transfer of they claimed the transaction was flagged for suspicious activity but i was simply sending money to my family overseas which i do every month it took weeks to get my account unfrozen and i had to provide extensive documentation including
10001964,Money Transfer,had to provide extensive documentation including pay stubs and tax returns
10001557,Savings Account,synchrony charged me a monthly maintenance fee on my chase savings that was supposed to be free when i called to dispute they said i did not maintain the minimum balance of even though my statements show i was always above that threshold i want all fees refunded and a guarantee this will not happen
10001557,Savings Account,refunded and a guarantee this will not happen again
10001560,Savings Account,my synchrony savings with synchrony was accessed by someone who changed my contact information and attempted to transfer out of my account when i reported this synchrony took weeks to investigate and temporarily restricted my access i am concerned about the security of their online banking platform
10001560,Savings Account,the security of their online banking platform and how this person gained access
10002176,Money Transfer,zelle charged me a fee for a wire transfer transfer that was advertised as free the fee was hidden in the exchange rate markup and only visible after carefully comparing the rates the actual exchange rate applied was worse than the market rate this is deceptive and the total hidden cost was
10002238,Money Transfer,my account was frozen by bank of america after i made a western union transfer of they claimed the transaction was flagged for suspicious activity but i was simply sending money to my family overseas which i do every month it took weeks to get my account unfrozen and i had to provide extensive
10002238,Money Transfer,account unfrozen and i had to provide extensive documentation including pay stubs and tax returns
10002169,Money Transfer,i accidentally sent to the wrong person through western union via western union i realized the error within minutes and immediately contacted them to cancel they said the transaction was already completed and they cannot reverse it they suggested i ask the recipient nicely to send it back this is an
10002169,Money Transfer,the recipient nicely to send it back this is an unacceptable response for such a large amount
10001506,Savings Account,my marcus savings with chase was accessed by someone who changed my contact information and attempted to transfer out of my account when i reported this chase took weeks to investigate and temporarily restricted my access i am concerned about the security of their online banking platform and how
10001506,Savings Account,security of their online banking platform and how this person gained access
10002199,Money Transfer,i accidentally sent to the wrong person through paypal via bank of america i realized the error within minutes and immediately contacted them to cancel they said the transaction was already completed and they cannot reverse it they suggested i ask the recipient nicely to send it back this is an
10002199,Money Transfer,the recipient nicely to send it back this is an unacceptable response for such a large amount
10002075,Money Transfer,western union charged me a fee for a zelle transfer that was advertised as free the fee was hidden in the exchange rate markup and only visible after carefully comparing the rates the actual exchange rate applied was worse than the market rate this is deceptive and the total hidden cost was
10000939,Personal Loan,lendingclub sold my upstart loan loan to a thirdparty debt collector without notifying me the collector is now adding additional fees and interest that were not part of my original agreement they call me times per day including on weekends and have been rude and threatening this is harassment and a
10000939,Personal Loan,rude and threatening this is harassment and a violation of fair debt collection practices
10002077,Money Transfer,my account was frozen by paypal after i made a wire transfer transfer of they claimed the transaction was flagged for suspicious activity but i was simply sending money to my family overseas which i do every month it took weeks to get my account unfrozen and i had to provide extensive documentation
10002077,Money Transfer,and i had to provide extensive documentation including pay stubs and tax returns
10000347,Credit Card,someone made fraudulent purchases on my capital one venture card totaling i reported this to citibank immediately and they opened an investigation after weeks they denied my fraud claim saying the transactions appeared legitimate i have filed a police report and have evidence that i was in a
10000347,Credit Card,a police report and have evidence that i was in a different state when these transactions occurred
10001810,Savings Account,i have been trying to reach synchronys customer service about an issue with my discover savings for weeks wait times exceed minutes and i have been disconnected times after waiting when i finally got through the representative could not resolve my issue and told me to call back this level of service
10001810,Savings Account,and told me to call back this level of service is completely unacceptable for a bank holding my savings
10000386,Credit Card,the rewards program on my citi double cash card was changed without notice capital one devalued the points by nearly making the annual fee of no longer worth it i specifically chose this card for its rewards structure and feel this is a baitandswitch tactic longtime customers should be grandfathered
10000386,Credit Card,tactic longtime customers should be grandfathered into the original rewards program
10001371,Savings Account,my discover savings with goldman sachs was accessed by someone who changed my contact information and attempted to transfer out of my account when i reported this goldman sachs took weeks to investigate and temporarily restricted my access i am concerned about the security of their online banking
10001371,Savings Account,about the security of their online banking platform and how this person gained access
10000244,Credit Card,i noticed a charge of on my amex gold statement from i did not authorize this transaction and have been trying to resolve it with american express for weeks they keep transferring me between departments and no one takes responsibility i have provided documentation proving i was not at the merchant
10000244,Credit Card,documentation proving i was not at the merchant location this is extremely frustrating and i need this resolved immediately
10002171,Money Transfer,i sent via western union through paypal to pay my landlord the money was deducted from my account but never received by the recipient it has been weeks and paypal has not been able to locate the funds or provide a refund i am now at risk of eviction because my rent appears unpaid
10000937,Personal Loan,i took out a personal loan of with goldman sachs through their sofi personal loan program the advertised rate was but after approval i was given the terms were buried in fine print and the loan officer rushed me through the signing process i am now paying per month which is more than what was
10000937,Personal Loan,now paying per month which is more than what was originally quoted
10001926,Money Transfer,paypal charged me a fee for a western union transfer that was advertised as free the fee was hidden in the exchange rate markup and only visible after carefully comparing the rates the actual exchange rate applied was worse than the market rate this is deceptive and the total hidden cost was
10000313,Credit Card,i have been a loyal citi double cash cardholder with citibank for over years recently i noticed my interest rate was increased from to without adequate explanation i have excellent payment history and no late payments other companies are offering much lower rates i am considering closing this
10000313,Credit Card,much lower rates i am considering closing this account if the rate is not adjusted
10002256,Money Transfer,my account was frozen by western union after i made a venmo transfer of they claimed the transaction was flagged for suspicious activity but i was simply sending money to my family overseas which i do every month it took weeks to get my account unfrozen and i had to provide extensive documentation
10002256,Money Transfer,and i had to provide extensive documentation including pay stubs and tax returns
10001282,Savings Account,i opened a synchrony savings with chase because they advertised a apy after three months the rate was quietly dropped to without notification when i called they said the promotional rate had expired but this was never clearly communicated at account opening i moved into this account specifically for
10001282,Savings Account,i moved into this account specifically for the higher rate
10000969,Personal Loan,prosper sold my lendingclub loan loan to a thirdparty debt collector without notifying me the collector is now adding additional fees and interest that were not part of my original agreement they call me times per day including on weekends and have been rude and threatening this is harassment and a
10000969,Personal Loan,rude and threatening this is harassment and a violation of fair debt collection practices
10000661,Credit Card,someone made fraudulent purchases on my amex gold card totaling i reported this to discover immediately and they opened an investigation after weeks they denied my fraud claim saying the transactions appeared legitimate i have filed a police report and have evidence that i was in a different state
10000661,Credit Card,and have evidence that i was in a different state when these transactions occurred
10001944,Money Transfer,my account was frozen by zelle after i made a zelle transfer of they claimed the transaction was flagged for suspicious activity but i was simply sending money to my family overseas which i do every month it took weeks to get my account unfrozen and i had to provide extensive documentation including
10001944,Money Transfer,had to provide extensive documentation including pay stubs and tax returns
10000371,Credit Card,i have been a loyal citi double cash cardholder with capital one for over years recently i noticed my interest rate was increased from to without adequate explanation i have excellent payment history and no late payments other companies are offering much lower rates i am considering closing this
10000371,Credit Card,much lower rates i am considering closing this account if the rate is not adjusted
10000567,Credit Card,i noticed a charge of on my chase sapphire statement from i did not authorize this transaction and have been trying to resolve it with american express for weeks they keep transferring me between departments and no one takes responsibility i have provided documentation proving i was not at the
10000567,Credit Card,provided documentation proving i was not at the merchant location this is extremely frustrating and i need this resolved immediately
10001659,Savings Account,i have been trying to reach ally banks customer service about an issue with my synchrony savings for weeks wait times exceed minutes and i have been disconnected times after waiting when i finally got through the representative could not resolve my issue and told me to call back this level of
10001659,Savings Account,my issue and told me to call back this level of service is completely unacceptable for a bank holding my savings
10000983,Personal Loan,the total cost of my lendingclub loan from goldman sachs ended up being which is nearly times the original loan amount of the interest rate of combined with various processing fees and insurance charges that were added without my clear consent have made this loan predatory in my opinion
10001978,Money Transfer,i was contacted by someone claiming to be from my banks fraud department they convinced me to send via paypal to secure my account i later realized this was a scam and immediately contacted venmo they refused to reverse the transaction saying paypal transfers are final i believe venmo should have
10001978,Money Transfer,transfers are final i believe venmo should have better fraud protection mechanisms
10000779,Credit Card,i have been a loyal citi double cash cardholder with citibank for over years recently i noticed my interest rate was increased from to without adequate explanation i have excellent payment history and no late payments other companies are offering much lower rates i am considering closing this
10000779,Credit Card,much lower rates i am considering closing this account if the rate is not adjusted
10001053,Personal Loan,i applied for a sofi personal loan with lendingclub and was denied despite having a credit score of and a stable income of per year the denial letter was vague citing insufficient credit history i have years of credit history with no delinquencies i believe this decision was made unfairly and
10001053,Personal Loan,i believe this decision was made unfairly and request a proper review
10001014,Personal Loan,i took out a personal loan of with prosper through their lendingclub loan program the advertised rate was but after approval i was given the terms were buried in fine print and the loan officer rushed me through the signing process i am now paying per month which is more than what was originally
10001014,Personal Loan,per month which is more than what was originally quoted
10001437,Savings Account,i have been trying to reach discovers customer service about an issue with my ally savings for weeks wait times exceed minutes and i have been disconnected times after waiting when i finally got through the representative could not resolve my issue and told me to call back this level of service is
10001437,Savings Account,and told me to call back this level of service is completely unacceptable for a bank holding my savings
10001784,Savings Account,i opened a marcus savings with ally bank because they advertised a apy after three months the rate was quietly dropped to without notification when i called they said the promotional rate had expired but this was never clearly communicated at account opening i moved into this account specifically
10001784,Savings Account,opening i moved into this account specifically for the higher rate
10001474,Savings Account,i have been trying to reach discovers customer service about an issue with my chase savings for weeks wait times exceed minutes and i have been disconnected times after waiting when i finally got through the representative could not resolve my issue and told me to call back this level of service is
10001474,Savings Account,and told me to call back this level of service is completely unacceptable for a bank holding my savings
10000127,Credit Card,capital one charged me a late fee on my chase sapphire card even though i made my payment on time my bank records show the payment was initiated days before the due date when i called to dispute they said the payment was received one day late due to processing time this is unacceptable i should not
10000127,Credit Card,processing time this is unacceptable i should not be penalized for their slow processing system
10000888,Personal Loan,prosper sold my prosper loan loan to a thirdparty debt collector without notifying me the collector is now adding additional fees and interest that were not part of my original agreement they call me times per day including on weekends and have been rude and threatening this is harassment and a
10000888,Personal Loan,rude and threatening this is harassment and a violation of fair debt collection practices
10001724,Savings Account,my ally savings with goldman sachs was accessed by someone who changed my contact information and attempted to transfer out of my account when i reported this goldman sachs took weeks to investigate and temporarily restricted my access i am concerned about the security of their online banking
10001724,Savings Account,about the security of their online banking platform and how this person gained access
10001008,Personal Loan,i took out a personal loan of with prosper through their marcus loan program the advertised rate was but after approval i was given the terms were buried in fine print and the loan officer rushed me through the signing process i am now paying per month which is more than what was originally quoted
10000356,Credit Card,i noticed a charge of on my chase sapphire statement from i did not authorize this transaction and have been trying to resolve it with capital one for weeks they keep transferring me between departments and no one takes responsibility i have provided documentation proving i was not at the merchant
10000356,Credit Card,documentation proving i was not at the merchant location this is extremely frustrating and i need this resolved immediately
10001957,Money Transfer,i initiated an international transfer of through western unions western union service the estimated delivery was days but after weeks the money has still not arrived each time i call they say it is being processed meanwhile the exchange rate has changed significantly costing me an additional in
10001957,Money Transfer,changed significantly costing me an additional in value
10000683,Credit Card,the rewards program on my citi double cash card was changed without notice chase devalued the points by nearly making the annual fee of no longer worth it i specifically chose this card for its rewards structure and feel this is a baitandswitch tactic longtime customers should be grandfathered into
10000683,Credit Card,longtime customers should be grandfathered into the original rewards program
10002002,Money Transfer,i accidentally sent to the wrong person through wire transfer via venmo i realized the error within minutes and immediately contacted them to cancel they said the transaction was already completed and they cannot reverse it they suggested i ask the recipient nicely to send it back this is an
10002002,Money Transfer,the recipient nicely to send it back this is an unacceptable response for such a large amount
10001256,Savings Account,i tried to withdraw from my synchrony savings at discover and was told my account was frozen pending a security review no one informed me of any issues beforehand i had bills due and no access to my own money for weeks the customer service was unhelpful and could not tell me when the review would be
10001256,Savings Account,and could not tell me when the review would be completed
10000985,Personal Loan,goldman sachs sold my prosper loan loan to a thirdparty debt collector without notifying me the collector is now adding additional fees and interest that were not part of my original agreement they call me times per day including on weekends and have been rude and threatening this is harassment and
10000985,Personal Loan,been rude and threatening this is harassment and a violation of fair debt collection practices
10001884,Money Transfer,my account was frozen by zelle after i made a venmo transfer of they claimed the transaction was flagged for suspicious activity but i was simply sending money to my family overseas which i do every month it took weeks to get my account unfrozen and i had to provide extensive documentation including
10001884,Money Transfer,had to provide extensive documentation including pay stubs and tax returns
10000141,Credit Card,i noticed a charge of on my chase sapphire statement from i did not authorize this transaction and have been trying to resolve it with citibank for weeks they keep transferring me between departments and no one takes responsibility i have provided documentation proving i was not at the merchant
10000141,Credit Card,documentation proving i was not at the merchant location this is extremely frustrating and i need this resolved immediately
10001879,Money Transfer,i sent via venmo through western union to pay my landlord the money was deducted from my account but never received by the recipient it has been weeks and western union has not been able to locate the funds or provide a refund i am now at risk of eviction because my rent appears unpaid
10001743,Savings Account,i have been trying to reach chases customer service about an issue with my marcus savings for weeks wait times exceed minutes and i have been disconnected times after waiting when i finally got through the representative could not resolve my issue and told me to call back this level of service is
10001743,Savings Account,and told me to call back this level of service is completely unacceptable for a bank holding my savings
10001386,Savings Account,ally bank closed my marcus savings account without warning citing business reasons i had in the account and it took weeks to receive a cashiers check no explanation was ever provided for the closure i have been a customer for years with no suspicious activity on the account
10002055,Money Transfer,i initiated an international transfer of through paypals paypal service the estimated delivery was days but after weeks the money has still not arrived each time i call they say it is being processed meanwhile the exchange rate has changed significantly costing me an additional in value
10001434,Savings Account,i opened a marcus savings with chase because they advertised a apy after three months the rate was quietly dropped to without notification when i called they said the promotional rate had expired but this was never clearly communicated at account opening i moved into this account specifically for
10001434,Savings Account,i moved into this account specifically for the higher rate
10001224,Savings Account,i tried to withdraw from my ally savings at discover and was told my account was frozen pending a security review no one informed me of any issues beforehand i had bills due and no access to my own money for weeks the customer service was unhelpful and could not tell me when the review would be
10001224,Savings Account,and could not tell me when the review would be completed
10000712,Credit Card,my capital one venture card from chase suddenly had its credit limit reduced from to without any prior notification i have never missed a payment and my credit score is above when i called to ask why the representative could not give me a clear answer this reduction has negatively affected my credit
10000712,Credit Card,this reduction has negatively affected my credit utilization ratio and dropped my score by points
10001158,Personal Loan,i tried to make an extra payment on my prosper loan from prosper to pay down the principal faster their system automatically applied it to future payments instead of the principal balance after calling times each representative gave me different instructions i am paying more interest than necessary
10001158,Personal Loan,i am paying more interest than necessary because they will not properly apply my payments
10001761,Savings Account,i have been trying to reach synchronys customer service about an issue with my synchrony savings for weeks wait times exceed minutes and i have been disconnected times after waiting when i finally got through the representative could not resolve my issue and told me to call back this level of
10001761,Savings Account,my issue and told me to call back this level of service is completely unacceptable for a bank holding my savings
10000011,Credit Card,i noticed a charge of on my chase sapphire statement from i did not authorize this transaction and have been trying to resolve it with discover for weeks they keep transferring me between departments and no one takes responsibility i have provided documentation proving i was not at the merchant
10000011,Credit Card,documentation proving i was not at the merchant location this is extremely frustrating and i need this resolved immediately
10001463,Savings Account,chase closed my discover savings account without warning citing business reasons i had in the account and it took weeks to receive a cashiers check no explanation was ever provided for the closure i have been a customer for years with no suspicious activity on the account
10001424,Savings Account,my marcus savings with synchrony was accessed by someone who changed my contact information and attempted to transfer out of my account when i reported this synchrony took weeks to investigate and temporarily restricted my access i am concerned about the security of their online banking platform and
10001424,Savings Account,the security of their online banking platform and how this person gained access
10000755,Credit Card,my amex gold card from citibank suddenly had its credit limit reduced from to without any prior notification i have never missed a payment and my credit score is above when i called to ask why the representative could not give me a clear answer this reduction has negatively affected my credit
10000755,Credit Card,this reduction has negatively affected my credit utilization ratio and dropped my score by points
10000627,Credit Card,i noticed a charge of on my chase sapphire statement from i did not authorize this transaction and have been trying to resolve it with capital one for weeks they keep transferring me between departments and no one takes responsibility i have provided documentation proving i was not at the merchant
10000627,Credit Card,documentation proving i was not at the merchant location this is extremely frustrating and i need this resolved immediately
10001453,Savings Account,ally bank charged me a monthly maintenance fee on my chase savings that was supposed to be free when i called to dispute they said i did not maintain the minimum balance of even though my statements show i was always above that threshold i want all fees refunded and a guarantee this will not happen
10001453,Savings Account,refunded and a guarantee this will not happen again
10000130,Credit Card,the rewards program on my amex gold card was changed without notice american express devalued the points by nearly making the annual fee of no longer worth it i specifically chose this card for its rewards structure and feel this is a baitandswitch tactic longtime customers should be grandfathered
10000130,Credit Card,tactic longtime customers should be grandfathered into the original rewards program
10000324,Credit Card,i applied for the citi double cash card specifically for the point signup bonus i met all the spending requirements within the specified timeframe but citibank has refused to credit my bonus points i have called times over the past months and each representative tells me something different i have
10000324,Credit Card,tells me something different i have all receipts and statements showing i qualified
10001422,Savings Account,goldman sachs charged me a monthly maintenance fee on my synchrony savings that was supposed to be free when i called to dispute they said i did not maintain the minimum balance of even though my statements show i was always above that threshold i want all fees refunded and a guarantee this will not
10001422,Savings Account,all fees refunded and a guarantee this will not happen again
10001739,Savings Account,i have been trying to reach ally banks customer service about an issue with my ally savings for weeks wait times exceed minutes and i have been disconnected times after waiting when i finally got through the representative could not resolve my issue and told me to call back this level of service is
10001739,Savings Account,and told me to call back this level of service is completely unacceptable for a bank holding my savings
10002241,Money Transfer,bank of america charged me a fee for a paypal transfer that was advertised as free the fee was hidden in the exchange rate markup and only visible after carefully comparing the rates the actual exchange rate applied was worse than the market rate this is deceptive and the total hidden cost was
10000015,Credit Card,the rewards program on my chase sapphire card was changed without notice citibank devalued the points by nearly making the annual fee of no longer worth it i specifically chose this card for its rewards structure and feel this is a baitandswitch tactic longtime customers should be grandfathered into
10000015,Credit Card,longtime customers should be grandfathered into the original rewards program
10001741,Savings Account,chase closed my ally savings account without warning citing business reasons i had in the account and it took weeks to receive a cashiers check no explanation was ever provided for the closure i have been a customer for years with no suspicious activity on the account
10000216,Credit Card,the rewards program on my citi double cash card was changed without notice capital one devalued the points by nearly making the annual fee of no longer worth it i specifically chose this card for its rewards structure and feel this is a baitandswitch tactic longtime customers should be grandfathered
10000216,Credit Card,tactic longtime customers should be grandfathered into the original rewards program
10001362,Savings Account,i tried to withdraw from my discover savings at discover and was told my account was frozen pending a security review no one informed me of any issues beforehand i had bills due and no access to my own money for weeks the customer service was unhelpful and could not tell me when the review would be
10001362,Savings Account,and could not tell me when the review would be completed
10001640,Savings Account,i opened a chase savings with discover because they advertised a apy after three months the rate was quietly dropped to without notification when i called they said the promotional rate had expired but this was never clearly communicated at account opening i moved into this account specifically for
10001640,Savings Account,i moved into this account specifically for the higher rate
10001384,Savings Account,goldman sachs closed my marcus savings account without warning citing business reasons i had in the account and it took weeks to receive a cashiers check no explanation was ever provided for the closure i have been a customer for years with no suspicious activity on the account
10001315,Savings Account,my discover savings with goldman sachs was accessed by someone who changed my contact information and attempted to transfer out of my account when i reported this goldman sachs took weeks to investigate and temporarily restricted my access i am concerned about the security of their online banking
10001315,Savings Account,about the security of their online banking platform and how this person gained access
10000517,Credit Card,my amex gold card from chase suddenly had its credit limit reduced from to without any prior notification i have never missed a payment and my credit score is above when i called to ask why the representative could not give me a clear answer this reduction has negatively affected my credit
10000517,Credit Card,this reduction has negatively affected my credit utilization ratio and dropped my score by points
10000598,Credit Card,the rewards program on my amex gold card was changed without notice capital one devalued the points by nearly making the annual fee of no longer worth it i specifically chose this card for its rewards structure and feel this is a baitandswitch tactic longtime customers should be grandfathered into
10000598,Credit Card,longtime customers should be grandfathered into the original rewards program
10000196,Credit Card,i have been a loyal chase sapphire cardholder with capital one for over years recently i noticed my interest rate was increased from to without adequate explanation i have excellent payment history and no late payments other companies are offering much lower rates i am considering closing this
10000196,Credit Card,much lower rates i am considering closing this account if the rate is not adjusted
10000289,Credit Card,i noticed a charge of on my discover it statement from i did not authorize this transaction and have been trying to resolve it with chase for weeks they keep transferring me between departments and no one takes responsibility i have provided documentation proving i was not at the merchant location
10000289,Credit Card,proving i was not at the merchant location this is extremely frustrating and i need this resolved immediately
10000951,Personal Loan,i have been making regular payments on my lendingclub loan from goldman sachs for months last month they claimed they did not receive my payment even though my bank shows it was debited they charged me a late fee and reported a missed payment to the credit bureaus dropping my score by points i need
10000951,Personal Loan,credit bureaus dropping my score by points i need this corrected immediately
10001539,Savings Account,i tried to withdraw from my discover savings at synchrony and was told my account was frozen pending a security review no one informed me of any issues beforehand i had bills due and no access to my own money for weeks the customer service was unhelpful and could not tell me when the review would be
10001539,Savings Account,and could not tell me when the review would be completed
10001796,Savings Account,i opened a ally savings with goldman sachs because they advertised a apy after three months the rate was quietly dropped to without notification when i called they said the promotional rate had expired but this was never clearly communicated at account opening i moved into this account specifically
10001796,Savings Account,opening i moved into this account specifically for the higher rate
10001121,Personal Loan,i tried to make an extra payment on my marcus loan from prosper to pay down the principal faster their system automatically applied it to future payments instead of the principal balance after calling times each representative gave me different instructions i am paying more interest than necessary
10001121,Personal Loan,i am paying more interest than necessary because they will not properly apply my payments
10000550,Credit Card,someone made fraudulent purchases on my amex gold card totaling i reported this to citibank immediately and they opened an investigation after weeks they denied my fraud claim saying the transactions appeared legitimate i have filed a police report and have evidence that i was in a different state
10000550,Credit Card,and have evidence that i was in a different state when these transactions occurred
10000157,Credit Card,the rewards program on my chase sapphire card was changed without notice capital one devalued the points by nearly making the annual fee of no longer worth it i specifically chose this card for its rewards structure and feel this is a baitandswitch tactic longtime customers should be grandfathered
10000157,Credit Card,tactic longtime customers should be grandfathered into the original rewards program
10000420,Credit Card,chase charged me a late fee on my discover it card even though i made my payment on time my bank records show the payment was initiated days before the due date when i called to dispute they said the payment was received one day late due to processing time this is unacceptable i should not be
10000420,Credit Card,time this is unacceptable i should not be penalized for their slow processing system
10000923,Personal Loan,i tried to make an extra payment on my lendingclub loan from prosper to pay down the principal faster their system automatically applied it to future payments instead of the principal balance after calling times each representative gave me different instructions i am paying more interest than
10000923,Personal Loan,instructions i am paying more interest than necessary because they will not properly apply my payments
10000478,Credit Card,capital one charged me a late fee on my amex gold card even though i made my payment on time my bank records show the payment was initiated days before the due date when i called to dispute they said the payment was received one day late due to processing time this is unacceptable i should not be
10000478,Credit Card,time this is unacceptable i should not be penalized for their slow processing system
10001382,Savings Account,synchrony charged me a monthly maintenance fee on my marcus savings that was supposed to be free when i called to dispute they said i did not maintain the minimum balance of even though my statements show i was always above that threshold i want all fees refunded and a guarantee this will not happen
10001382,Savings Account,refunded and a guarantee this will not happen again
10000554,Credit Card,i applied for the chase sapphire card specifically for the point signup bonus i met all the spending requirements within the specified timeframe but chase has refused to credit my bonus points i have called times over the past months and each representative tells me something different i have all
10000554,Credit Card,tells me something different i have all receipts and statements showing i qualified
10000391,Credit Card,someone made fraudulent purchases on my capital one venture card totaling i reported this to citibank immediately and they opened an investigation after weeks they denied my fraud claim saying the transactions appeared legitimate i have filed a police report and have evidence that i was in a
10000391,Credit Card,a police report and have evidence that i was in a different state when these transactions occurred
10000579,Credit Card,my citi double cash card from chase suddenly had its credit limit reduced from to without any prior notification i have never missed a payment and my credit score is above when i called to ask why the representative could not give me a clear answer this reduction has negatively affected my credit
10000579,Credit Card,this reduction has negatively affected my credit utilization ratio and dropped my score by points
10002270,Money Transfer,i was contacted by someone claiming to be from my banks fraud department they convinced me to send via western union to secure my account i later realized this was a scam and immediately contacted paypal they refused to reverse the transaction saying western union transfers are final i believe
10002270,Money Transfer,western union transfers are final i believe paypal should have better fraud protection mechanisms
10001377,Savings Account,i opened a discover savings with goldman sachs because they advertised a apy after three months the rate was quietly dropped to without notification when i called they said the promotional rate had expired but this was never clearly communicated at account opening i moved into this account
10001377,Savings Account,at account opening i moved into this account specifically for the higher rate
10002098,Money Transfer,i initiated an international transfer of through venmos zelle service the estimated delivery was days but after weeks the money has still not arrived each time i call they say it is being processed meanwhile the exchange rate has changed significantly costing me an additional in value
10002213,Money Transfer,i initiated an international transfer of through venmos paypal service the estimated delivery was days but after weeks the money has still not arrived each time i call they say it is being processed meanwhile the exchange rate has changed significantly costing me an additional in value
10001007,Personal Loan,i applied for a lendingclub loan with prosper and was denied despite having a credit score of and a stable income of per year the denial letter was vague citing insufficient credit history i have years of credit history with no delinquencies i believe this decision was made unfairly and request a
10001007,Personal Loan,this decision was made unfairly and request a proper review
10001249,Savings Account,goldman sachs charged me a monthly maintenance fee on my discover savings that was supposed to be free when i called to dispute they said i did not maintain the minimum balance of even though my statements show i was always above that threshold i want all fees refunded and a guarantee this will not
10001249,Savings Account,all fees refunded and a guarantee this will not happen again
10001929,Money Transfer,my account was frozen by venmo after i made a paypal transfer of they claimed the transaction was flagged for suspicious activity but i was simply sending money to my family overseas which i do every month it took weeks to get my account unfrozen and i had to provide extensive documentation
10001929,Money Transfer,and i had to provide extensive documentation including pay stubs and tax returns
10000665,Credit Card,chase charged me a late fee on my citi double cash card even though i made my payment on time my bank records show the payment was initiated days before the due date when i called to dispute they said the payment was received one day late due to processing time this is unacceptable i should not be
10000665,Credit Card,time this is unacceptable i should not be penalized for their slow processing system
10001961,Money Transfer,i initiated an international transfer of through zelles wire transfer service the estimated delivery was days but after weeks the money has still not arrived each time i call they say it is being processed meanwhile the exchange rate has changed significantly costing me an additional in value
10000143,Credit Card,discover charged me a late fee on my discover it card even though i made my payment on time my bank records show the payment was initiated days before the due date when i called to dispute they said the payment was received one day late due to processing time this is unacceptable i should not be
10000143,Credit Card,time this is unacceptable i should not be penalized for their slow processing system
10001977,Money Transfer,bank of america charged me a fee for a zelle transfer that was advertised as free the fee was hidden in the exchange rate markup and only visible after carefully comparing the rates the actual exchange rate applied was worse than the market rate this is deceptive and the total hidden cost was
10001540,Savings Account,i tried to withdraw from my chase savings at chase and was told my account was frozen pending a security review no one informed me of any issues beforehand i had bills due and no access to my own money for weeks the customer service was unhelpful and could not tell me when the review would be
10001540,Savings Account,and could not tell me when the review would be completed
10000422,Credit Card,i have been a loyal amex gold cardholder with american express for over years recently i noticed my interest rate was increased from to without adequate explanation i have excellent payment history and no late payments other companies are offering much lower rates i am considering closing this
10000422,Credit Card,much lower rates i am considering closing this account if the rate is not adjusted
10000800,Credit Card,i applied for the capital one venture card specifically for the point signup bonus i met all the spending requirements within the specified timeframe but chase has refused to credit my bonus points i have called times over the past months and each representative tells me something different i have
10000800,Credit Card,tells me something different i have all receipts and statements showing i qualified
10000616,Credit Card,i noticed a charge of on my citi double cash statement from i did not authorize this transaction and have been trying to resolve it with american express for weeks they keep transferring me between departments and no one takes responsibility i have provided documentation proving i was not at the
10000616,Credit Card,provided documentation proving i was not at the merchant location this is extremely frustrating and i need this resolved immediately
10000296,Credit Card,i noticed a charge of on my chase sapphire statement from i did not authorize this transaction and have been trying to resolve it with discover for weeks they keep transferring me between departments and no one takes responsibility i have provided documentation proving i was not at the merchant
10000296,Credit Card,documentation proving i was not at the merchant location this is extremely frustrating and i need this resolved immediately
10000402,Credit Card,my discover it card from discover suddenly had its credit limit reduced from to without any prior notification i have never missed a payment and my credit score is above when i called to ask why the representative could not give me a clear answer this reduction has negatively affected my credit
10000402,Credit Card,this reduction has negatively affected my credit utilization ratio and dropped my score by points
10000089,Credit Card,my discover it card from citibank suddenly had its credit limit reduced from to without any prior notification i have never missed a payment and my credit score is above when i called to ask why the representative could not give me a clear answer this reduction has negatively affected my credit
10000089,Credit Card,this reduction has negatively affected my credit utilization ratio and dropped my score by points
10001730,Savings Account,my chase savings with goldman sachs was accessed by someone who changed my contact information and attempted to transfer out of my account when i reported this goldman sachs took weeks to investigate and temporarily restricted my access i am concerned about the security of their online banking
10001730,Savings Account,about the security of their online banking platform and how this person gained access
10000132,Credit Card,the rewards program on my citi double cash card was changed without notice chase devalued the points by nearly making the annual fee of no longer worth it i specifically chose this card for its rewards structure and feel this is a baitandswitch tactic longtime customers should be grandfathered into
10000132,Credit Card,longtime customers should be grandfathered into the original rewards program
10001322,Savings Account,chase closed my marcus savings account without warning citing business reasons i had in the account and it took weeks to receive a cashiers check no explanation was ever provided for the closure i have been a customer for years with no suspicious activity on the account
10001452,Savings Account,my chase savings with goldman sachs was accessed by someone who changed my contact information and attempted to transfer out of my account when i reported this goldman sachs took weeks to investigate and temporarily restricted my access i am concerned about the security of their online banking
10001452,Savings Account,about the security of their online banking platform and how this person gained access
10001750,Savings Account,synchrony closed my ally savings account without warning citing business reasons i had in the account and it took weeks to receive a cashiers check no explanation was ever provided for the closure i have been a customer for years with no suspicious activity on the account
10001955,Money Transfer,western union charged me a fee for a western union transfer that was advertised as free the fee was hidden in the exchange rate markup and only visible after carefully comparing the rates the actual exchange rate applied was worse than the market rate this is deceptive and the total hidden cost was
10002104,Money Transfer,i sent via western union through paypal to pay my landlord the money was deducted from my account but never received by the recipient it has been weeks and paypal has not been able to locate the funds or provide a refund i am now at risk of eviction because my rent appears unpaid
10000725,Credit Card,chase charged me a late fee on my capital one venture card even though i made my payment on time my bank records show the payment was initiated days before the due date when i called to dispute they said the payment was received one day late due to processing time this is unacceptable i should not
10000725,Credit Card,processing time this is unacceptable i should not be penalized for their slow processing system
10001487,Savings Account,goldman sachs closed my synchrony savings account without warning citing business reasons i had in the account and it took weeks to receive a cashiers check no explanation was ever provided for the closure i have been a customer for years with no suspicious activity on the account
10000270,Credit Card,i applied for the citi double cash card specifically for the point signup bonus i met all the spending requirements within the specified timeframe but discover has refused to credit my bonus points i have called times over the past months and each representative tells me something different i have
10000270,Credit Card,tells me something different i have all receipts and statements showing i qualified
10001943,Money Transfer,western union charged me a fee for a paypal transfer that was advertised as free the fee was hidden in the exchange rate markup and only visible after carefully comparing the rates the actual exchange rate applied was worse than the market rate this is deceptive and the total hidden cost was
10001771,Savings Account,i opened a chase savings with chase because they advertised a apy after three months the rate was quietly dropped to without notification when i called they said the promotional rate had expired but this was never clearly communicated at account opening i moved into this account specifically for the
10001771,Savings Account,i moved into this account specifically for the higher rate
10000918,Personal Loan,i have been making regular payments on my upstart loan from upstart for months last month they claimed they did not receive my payment even though my bank shows it was debited they charged me a late fee and reported a missed payment to the credit bureaus dropping my score by points i need this
10000918,Personal Loan,bureaus dropping my score by points i need this corrected immediately
10001917,Money Transfer,bank of america charged me a fee for a zelle transfer that was advertised as free the fee was hidden in the exchange rate markup and only visible after carefully comparing the rates the actual exchange rate applied was worse than the market rate this is deceptive and the total hidden cost was
10001731,Savings Account,i tried to withdraw from my discover savings at discover and was told my account was frozen pending a security review no one informed me of any issues beforehand i had bills due and no access to my own money for weeks the customer service was unhelpful and could not tell me when the review would be
10001731,Savings Account,and could not tell me when the review would be completed
10001341,Savings Account,i opened a marcus savings with goldman sachs because they advertised a apy after three months the rate was quietly dropped to without notification when i called they said the promotional rate had expired but this was never clearly communicated at account opening i moved into this account
10001341,Savings Account,at account opening i moved into this account specifically for the higher rate
10000376,Credit Card,someone made fraudulent purchases on my amex gold card totaling i reported this to chase immediately and they opened an investigation after weeks they denied my fraud claim saying the transactions appeared legitimate i have filed a police report and have evidence that i was in a different state when
10000376,Credit Card,evidence that i was in a different state when these transactions occurred
10000334,Credit Card,someone made fraudulent purchases on my discover it card totaling i reported this to chase immediately and they opened an investigation after weeks they denied my fraud claim saying the transactions appeared legitimate i have filed a police report and have evidence that i was in a different state
10000334,Credit Card,and have evidence that i was in a different state when these transactions occurred
10001509,Savings Account,i have been trying to reach ally banks customer service about an issue with my chase savings for weeks wait times exceed minutes and i have been disconnected times after waiting when i finally got through the representative could not resolve my issue and told me to call back this level of service is
10001509,Savings Account,and told me to call back this level of service is completely unacceptable for a bank holding my savings
10002172,Money Transfer,my account was frozen by western union after i made a venmo transfer of they claimed the transaction was flagged for suspicious activity but i was simply sending money to my family overseas which i do every month it took weeks to get my account unfrozen and i had to provide extensive documentation
10002172,Money Transfer,and i had to provide extensive documentation including pay stubs and tax returns
10001119,Personal Loan,i applied for a lendingclub loan with lendingclub and was denied despite having a credit score of and a stable income of per year the denial letter was vague citing insufficient credit history i have years of credit history with no delinquencies i believe this decision was made unfairly and request
10001119,Personal Loan,this decision was made unfairly and request a proper review
10000911,Personal Loan,i took out a personal loan of with sofi through their prosper loan program the advertised rate was but after approval i was given the terms were buried in fine print and the loan officer rushed me through the signing process i am now paying per month which is more than what was originally quoted
10000777,Credit Card,i applied for the citi double cash card specifically for the point signup bonus i met all the spending requirements within the specified timeframe but citibank has refused to credit my bonus points i have called times over the past months and each representative tells me something different i have
10000777,Credit Card,tells me something different i have all receipts and statements showing i qualified
10001630,Savings Account,discover closed my chase savings account without warning citing business reasons i had in the account and it took weeks to receive a cashiers check no explanation was ever provided for the closure i have been a customer for years with no suspicious activity on the account
10000329,Credit Card,the rewards program on my amex gold card was changed without notice capital one devalued the points by nearly making the annual fee of no longer worth it i specifically chose this card for its rewards structure and feel this is a baitandswitch tactic longtime customers should be grandfathered into
10000329,Credit Card,longtime customers should be grandfathered into the original rewards program
10001995,Money Transfer,i sent via western union through zelle to pay my landlord the money was deducted from my account but never received by the recipient it has been weeks and zelle has not been able to locate the funds or provide a refund i am now at risk of eviction because my rent appears unpaid
10002020,Money Transfer,i sent via venmo through venmo to pay my landlord the money was deducted from my account but never received by the recipient it has been weeks and venmo has not been able to locate the funds or provide a refund i am now at risk of eviction because my rent appears unpaid
10000013,Credit Card,the rewards program on my chase sapphire card was changed without notice capital one devalued the points by nearly making the annual fee of no longer worth it i specifically chose this card for its rewards structure and feel this is a baitandswitch tactic longtime customers should be grandfathered
10000013,Credit Card,tactic longtime customers should be grandfathered into the original rewards program
10000898,Personal Loan,i have been making regular payments on my prosper loan from sofi for months last month they claimed they did not receive my payment even though my bank shows it was debited they charged me a late fee and reported a missed payment to the credit bureaus dropping my score by points i need this
10000898,Personal Loan,bureaus dropping my score by points i need this corrected immediately
10000172,Credit Card,i applied for the citi double cash card specifically for the point signup bonus i met all the spending requirements within the specified timeframe but american express has refused to credit my bonus points i have called times over the past months and each representative tells me something different
10000172,Credit Card,each representative tells me something different i have all receipts and statements showing i qualified
10000261,Credit Card,the rewards program on my amex gold card was changed without notice american express devalued the points by nearly making the annual fee of no longer worth it i specifically chose this card for its rewards structure and feel this is a baitandswitch tactic longtime customers should be grandfathered
10000261,Credit Card,tactic longtime customers should be grandfathered into the original rewards program
10001574,Savings Account,i opened a ally savings with goldman sachs because they advertised a apy after three months the rate was quietly dropped to without notification when i called they said the promotional rate had expired but this was never clearly communicated at account opening i moved into this account specifically
10001574,Savings Account,opening i moved into this account specifically for the higher rate
10000902,Personal Loan,i tried to make an extra payment on my prosper loan from upstart to pay down the principal faster their system automatically applied it to future payments instead of the principal balance after calling times each representative gave me different instructions i am paying more interest than necessary
10000902,Personal Loan,i am paying more interest than necessary because they will not properly apply my payments
10000259,Credit Card,someone made fraudulent purchases on my discover it card totaling i reported this to discover immediately and they opened an investigation after weeks they denied my fraud claim saying the transactions appeared legitimate i have filed a police report and have evidence that i was in a different state
10000259,Credit Card,and have evidence that i was in a different state when these transactions occurred
10000139,Credit Card,someone made fraudulent purchases on my discover it card totaling i reported this to chase immediately and they opened an investigation after weeks they denied my fraud claim saying the transactions appeared legitimate i have filed a police report and have evidence that i was in a different state
10000139,Credit Card,and have evidence that i was in a different state when these transactions occurred
10000320,Credit Card,i noticed a charge of on my chase sapphire statement from i did not authorize this transaction and have been trying to resolve it with discover for weeks they keep transferring me between departments and no one takes responsibility i have provided documentation proving i was not at the merchant
10000320,Credit Card,documentation proving i was not at the merchant location this is extremely frustrating and i need this resolved immediately
10001991,Money Transfer,i sent via wire transfer through bank of america to pay my landlord the money was deducted from my account but never received by the recipient it has been weeks and bank of america has not been able to locate the funds or provide a refund i am now at risk of eviction because my rent appears unpaid
10001749,Savings Account,my chase savings with synchrony was accessed by someone who changed my contact information and attempted to transfer out of my account when i reported this synchrony took weeks to investigate and temporarily restricted my access i am concerned about the security of their online banking platform and
10001749,Savings Account,the security of their online banking platform and how this person gained access
10000559,Credit Card,my amex gold card from citibank suddenly had its credit limit reduced from to without any prior notification i have never missed a payment and my credit score is above when i called to ask why the representative could not give me a clear answer this reduction has negatively affected my credit
10000559,Credit Card,this reduction has negatively affected my credit utilization ratio and dropped my score by points
10000140,Credit Card,i have been a loyal discover it cardholder with chase for over years recently i noticed my interest rate was increased from to without adequate explanation i have excellent payment history and no late payments other companies are offering much lower rates i am considering closing this account if the
10000140,Credit Card,i am considering closing this account if the rate is not adjusted
10000113,Credit Card,i have been a loyal discover it cardholder with chase for over years recently i noticed my interest rate was increased from to without adequate explanation i have excellent payment history and no late payments other companies are offering much lower rates i am considering closing this account if the
10000113,Credit Card,i am considering closing this account if the rate is not adjusted
10000532,Credit Card,someone made fraudulent purchases on my citi double cash card totaling i reported this to discover immediately and they opened an investigation after weeks they denied my fraud claim saying the transactions appeared legitimate i have filed a police report and have evidence that i was in a different
10000532,Credit Card,and have evidence that i was in a different state when these transactions occurred
10000225,Credit Card,the rewards program on my citi double cash card was changed without notice citibank devalued the points by nearly making the annual fee of no longer worth it i specifically chose this card for its rewards structure and feel this is a baitandswitch tactic longtime customers should be grandfathered
10000225,Credit Card,tactic longtime customers should be grandfathered into the original rewards program
10000724,Credit Card,i have been a loyal chase sapphire cardholder with capital one for over years recently i noticed my interest rate was increased from to without adequate explanation i have excellent payment history and no late payments other companies are offering much lower rates i am considering closing this
10000724,Credit Card,much lower rates i am considering closing this account if the rate is not adjusted
10002146,Money Transfer,i initiated an international transfer of through bank of americas wire transfer service the estimated delivery was days but after weeks the money has still not arrived each time i call they say it is being processed meanwhile the exchange rate has changed significantly costing me an additional in
10002146,Money Transfer,changed significantly costing me an additional in value
10001912,Money Transfer,i initiated an international transfer of through zelles paypal service the estimated delivery was days but after weeks the money has still not arrived each time i call they say it is being processed meanwhile the exchange rate has changed significantly costing me an additional in value
10000326,Credit Card,i applied for the capital one venture card specifically for the point signup bonus i met all the spending requirements within the specified timeframe but american express has refused to credit my bonus points i have called times over the past months and each representative tells me something
10000326,Credit Card,months and each representative tells me something different i have all receipts and statements showing i qualified
10001641,Savings Account,synchrony closed my synchrony savings account without warning citing business reasons i had in the account and it took weeks to receive a cashiers check no explanation was ever provided for the closure i have been a customer for years with no suspicious activity on the account
10001412,Savings Account,i opened a synchrony savings with goldman sachs because they advertised a apy after three months the rate was quietly dropped to without notification when i called they said the promotional rate had expired but this was never clearly communicated at account opening i moved into this account
10001412,Savings Account,at account opening i moved into this account specifically for the higher rate
10000715,Credit Card,someone made fraudulent purchases on my chase sapphire card totaling i reported this to citibank immediately and they opened an investigation after weeks they denied my fraud claim saying the transactions appeared legitimate i have filed a police report and have evidence that i was in a different
10000715,Credit Card,and have evidence that i was in a different state when these transactions occurred
10000194,Credit Card,i applied for the chase sapphire card specifically for the point signup bonus i met all the spending requirements within the specified timeframe but american express has refused to credit my bonus points i have called times over the past months and each representative tells me something different i
10000194,Credit Card,representative tells me something different i have all receipts and statements showing i qualified
10000574,Credit Card,the rewards program on my capital one venture card was changed without notice capital one devalued the points by nearly making the annual fee of no longer worth it i specifically chose this card for its rewards structure and feel this is a baitandswitch tactic longtime customers should be
10000574,Credit Card,baitandswitch tactic longtime customers should be grandfathered into the original rewards program
10000947,Personal Loan,i tried to make an extra payment on my marcus loan from upstart to pay down the principal faster their system automatically applied it to future payments instead of the principal balance after calling times each representative gave me different instructions i am paying more interest than necessary
10000947,Personal Loan,i am paying more interest than necessary because they will not properly apply my payments
10000504,Credit Card,i noticed a charge of on my citi double cash statement from i did not authorize this transaction and have been trying to resolve it with citibank for weeks they keep transferring me between departments and no one takes responsibility i have provided documentation proving i was not at the merchant
10000504,Credit Card,documentation proving i was not at the merchant location this is extremely frustrating and i need this resolved immediately
10001524,Savings Account,discover closed my synchrony savings account without warning citing business reasons i had in the account and it took weeks to receive a cashiers check no explanation was ever provided for the closure i have been a customer for years with no suspicious activity on the account
10001514,Savings Account,synchrony closed my discover savings account without warning citing business reasons i had in the account and it took weeks to receive a cashiers check no explanation was ever provided for the closure i have been a customer for years with no suspicious activity on the account
10000646,Credit Card,i noticed a charge of on my amex gold statement from i did not authorize this transaction and have been trying to resolve it with american express for weeks they keep transferring me between departments and no one takes responsibility i have provided documentation proving i was not at the merchant
10000646,Credit Card,documentation proving i was not at the merchant location this is extremely frustrating and i need this resolved immediately
10000004,Credit Card,i have been a loyal discover it cardholder with citibank for over years recently i noticed my interest rate was increased from to without adequate explanation i have excellent payment history and no late payments other companies are offering much lower rates i am considering closing this account if
10000004,Credit Card,rates i am considering closing this account if the rate is not adjusted
10002166,Money Transfer,zelle charged me a fee for a western union transfer that was advertised as free the fee was hidden in the exchange rate markup and only visible after carefully comparing the rates the actual exchange rate applied was worse than the market rate this is deceptive and the total hidden cost was
10000468,Credit Card,i have been a loyal citi double cash cardholder with citibank for over years recently i noticed my interest rate was increased from to without adequate explanation i have excellent payment history and no late payments other companies are offering much lower rates i am considering closing this
10000468,Credit Card,much lower rates i am considering closing this account if the rate is not adjusted
10000006,Credit Card,the rewards program on my discover it card was changed without notice american express devalued the points by nearly making the annual fee of no longer worth it i specifically chose this card for its rewards structure and feel this is a baitandswitch tactic longtime customers should be grandfathered
10000006,Credit Card,tactic longtime customers should be grandfathered into the original rewards program
10001726,Savings Account,i opened a chase savings with goldman sachs because they advertised a apy after three months the rate was quietly dropped to without notification when i called they said the promotional rate had expired but this was never clearly communicated at account opening i moved into this account specifically
10001726,Savings Account,opening i moved into this account specifically for the higher rate
10001791,Savings Account,i opened a chase savings with synchrony because they advertised a apy after three months the rate was quietly dropped to without notification when i called they said the promotional rate had expired but this was never clearly communicated at account opening i moved into this account specifically for
10001791,Savings Account,i moved into this account specifically for the higher rate
10000548,Credit Card,someone made fraudulent purchases on my discover it card totaling i reported this to capital one immediately and they opened an investigation after weeks they denied my fraud claim saying the transactions appeared legitimate i have filed a police report and have evidence that i was in a different
10000548,Credit Card,and have evidence that i was in a different state when these transactions occurred
10000229,Credit Card,the rewards program on my citi double cash card was changed without notice capital one devalued the points by nearly making the annual fee of no longer worth it i specifically chose this card for its rewards structure and feel this is a baitandswitch tactic longtime customers should be grandfathered
10000229,Credit Card,tactic longtime customers should be grandfathered into the original rewards program
10001064,Personal Loan,i have been making regular payments on my sofi personal loan from lendingclub for months last month they claimed they did not receive my payment even though my bank shows it was debited they charged me a late fee and reported a missed payment to the credit bureaus dropping my score by points i need
10001064,Personal Loan,credit bureaus dropping my score by points i need this corrected immediately
10000543,Credit Card,my amex gold card from citibank suddenly had its credit limit reduced from to without any prior notification i have never missed a payment and my credit score is above when i called to ask why the representative could not give me a clear answer this reduction has negatively affected my credit
10000543,Credit Card,this reduction has negatively affected my credit utilization ratio and dropped my score by points
10000243,Credit Card,someone made fraudulent purchases on my capital one venture card totaling i reported this to capital one immediately and they opened an investigation after weeks they denied my fraud claim saying the transactions appeared legitimate i have filed a police report and have evidence that i was in a
10000243,Credit Card,a police report and have evidence that i was in a different state when these transactions occurred
10000899,Personal Loan,i took out a personal loan of with goldman sachs through their lendingclub loan program the advertised rate was but after approval i was given the terms were buried in fine print and the loan officer rushed me through the signing process i am now paying per month which is more than what was
10000899,Personal Loan,now paying per month which is more than what was originally quoted
10001671,Savings Account,i opened a marcus savings with synchrony because they advertised a apy after three months the rate was quietly dropped to without notification when i called they said the promotional rate had expired but this was never clearly communicated at account opening i moved into this account specifically
10001671,Savings Account,opening i moved into this account specifically for the higher rate
10001161,Personal Loan,i have been making regular payments on my marcus loan from lendingclub for months last month they claimed they did not receive my payment even though my bank shows it was debited they charged me a late fee and reported a missed payment to the credit bureaus dropping my score by points i need this
10001161,Personal Loan,bureaus dropping my score by points i need this corrected immediately
10001546,Savings Account,my marcus savings with chase was accessed by someone who changed my contact information and attempted to transfer out of my account when i reported this chase took weeks to investigate and temporarily restricted my access i am concerned about the security of their online banking platform and how
10001546,Savings Account,security of their online banking platform and how this person gained access
10001704,Savings Account,i opened a synchrony savings with chase because they advertised a apy after three months the rate was quietly dropped to without notification when i called they said the promotional rate had expired but this was never clearly communicated at account opening i moved into this account specifically for
10001704,Savings Account,i moved into this account specifically for the higher rate
10001504,Savings Account,i have been trying to reach goldman sachss customer service about an issue with my discover savings for weeks wait times exceed minutes and i have been disconnected times after waiting when i finally got through the representative could not resolve my issue and told me to call back this level of
10001504,Savings Account,my issue and told me to call back this level of service is completely unacceptable for a bank holding my savings
10000277,Credit Card,my amex gold card from citibank suddenly had its credit limit reduced from to without any prior notification i have never missed a payment and my credit score is above when i called to ask why the representative could not give me a clear answer this reduction has negatively affected my credit
10000277,Credit Card,this reduction has negatively affected my credit utilization ratio and dropped my score by points
10000662,Credit Card,i applied for the capital one venture card specifically for the point signup bonus i met all the spending requirements within the specified timeframe but chase has refused to credit my bonus points i have called times over the past months and each representative tells me something different i have
10000662,Credit Card,tells me something different i have all receipts and statements showing i qualified
10001873,Money Transfer,i initiated an international transfer of through venmos zelle service the estimated delivery was days but after weeks the money has still not arrived each time i call they say it is being processed meanwhile the exchange rate has changed significantly costing me an additional in value
10000315,Credit Card,the rewards program on my chase sapphire card was changed without notice american express devalued the points by nearly making the annual fee of no longer worth it i specifically chose this card for its rewards structure and feel this is a baitandswitch tactic longtime customers should be
10000315,Credit Card,baitandswitch tactic longtime customers should be grandfathered into the original rewards program
10001344,Savings Account,my discover savings with chase was accessed by someone who changed my contact information and attempted to transfer out of my account when i reported this chase took weeks to investigate and temporarily restricted my access i am concerned about the security of their online banking platform and how
10001344,Savings Account,security of their online banking platform and how this person gained access
10001558,Savings Account,ally bank charged me a monthly maintenance fee on my synchrony savings that was supposed to be free when i called to dispute they said i did not maintain the minimum balance of even though my statements show i was always above that threshold i want all fees refunded and a guarantee this will not
10001558,Savings Account,all fees refunded and a guarantee this will not happen again
10000692,Credit Card,the rewards program on my discover it card was changed without notice american express devalued the points by nearly making the annual fee of no longer worth it i specifically chose this card for its rewards structure and feel this is a baitandswitch tactic longtime customers should be grandfathered
10000692,Credit Card,tactic longtime customers should be grandfathered into the original rewards program
10001962,Money Transfer,i accidentally sent to the wrong person through western union via bank of america i realized the error within minutes and immediately contacted them to cancel they said the transaction was already completed and they cannot reverse it they suggested i ask the recipient nicely to send it back this is
10001962,Money Transfer,ask the recipient nicely to send it back this is an unacceptable response for such a large amount
10000425,Credit Card,my capital one venture card from discover suddenly had its credit limit reduced from to without any prior notification i have never missed a payment and my credit score is above when i called to ask why the representative could not give me a clear answer this reduction has negatively affected my
10000425,Credit Card,answer this reduction has negatively affected my credit utilization ratio and dropped my score by points
10000595,Credit Card,i noticed a charge of on my amex gold statement from i did not authorize this transaction and have been trying to resolve it with american express for weeks they keep transferring me between departments and no one takes responsibility i have provided documentation proving i was not at the merchant
10000595,Credit Card,documentation proving i was not at the merchant location this is extremely frustrating and i need this resolved immediately
10000623,Credit Card,my amex gold card from american express suddenly had its credit limit reduced from to without any prior notification i have never missed a payment and my credit score is above when i called to ask why the representative could not give me a clear answer this reduction has negatively affected my
10000623,Credit Card,answer this reduction has negatively affected my credit utilization ratio and dropped my score by points
10001522,Savings Account,my marcus savings with synchrony was accessed by someone who changed my contact information and attempted to transfer out of my account when i reported this synchrony took weeks to investigate and temporarily restricted my access i am concerned about the security of their online banking platform and
10001522,Savings Account,the security of their online banking platform and how this person gained access
10001363,Savings Account,ally bank closed my marcus savings account without warning citing business reasons i had in the account and it took weeks to receive a cashiers check no explanation was ever provided for the closure i have been a customer for years with no suspicious activity on the account
10000228,Credit Card,the rewards program on my capital one venture card was changed without notice citibank devalued the points by nearly making the annual fee of no longer worth it i specifically chose this card for its rewards structure and feel this is a baitandswitch tactic longtime customers should be grandfathered
10000228,Credit Card,tactic longtime customers should be grandfathered into the original rewards program
10001457,Savings Account,i opened a chase savings with chase because they advertised a apy after three months the rate was quietly dropped to without notification when i called they said the promotional rate had expired but this was never clearly communicated at account opening i moved into this account specifically for the
10001457,Savings Account,i moved into this account specifically for the higher rate
10001170,Personal Loan,i applied for a marcus loan with goldman sachs and was denied despite having a credit score of and a stable income of per year the denial letter was vague citing insufficient credit history i have years of credit history with no delinquencies i believe this decision was made unfairly and request a
10001170,Personal Loan,this decision was made unfairly and request a proper review
10001732,Savings Account,my discover savings with ally bank was accessed by someone who changed my contact information and attempted to transfer out of my account when i reported this ally bank took weeks to investigate and temporarily restricted my access i am concerned about the security of their online banking platform
10001732,Savings Account,the security of their online banking platform and how this person gained access
10001431,Savings Account,i have been trying to reach ally banks customer service about an issue with my synchrony savings for weeks wait times exceed minutes and i have been disconnected times after waiting when i finally got through the representative could not resolve my issue and told me to call back this level of
10001431,Savings Account,my issue and told me to call back this level of service is completely unacceptable for a bank holding my savings
10000067,Credit Card,i noticed a charge of on my citi double cash statement from i did not authorize this transaction and have been trying to resolve it with american express for weeks they keep transferring me between departments and no one takes responsibility i have provided documentation proving i was not at the
10000067,Credit Card,provided documentation proving i was not at the merchant location this is extremely frustrating and i need this resolved immediately
10000025,Credit Card,the rewards program on my capital one venture card was changed without notice discover devalued the points by nearly making the annual fee of no longer worth it i specifically chose this card for its rewards structure and feel this is a baitandswitch tactic longtime customers should be grandfathered
10000025,Credit Card,tactic longtime customers should be grandfathered into the original rewards program
10001236,Savings Account,synchrony closed my synchrony savings account without warning citing business reasons i had in the account and it took weeks to receive a cashiers check no explanation was ever provided for the closure i have been a customer for years with no suspicious activity on the account
10000145,Credit Card,someone made fraudulent purchases on my discover it card totaling i reported this to chase immediately and they opened an investigation after weeks they denied my fraud claim saying the transactions appeared legitimate i have filed a police report and have evidence that i was in a different state
10000145,Credit Card,and have evidence that i was in a different state when these transactions occurred
10000537,Credit Card,the rewards program on my citi double cash card was changed without notice discover devalued the points by nearly making the annual fee of no longer worth it i specifically chose this card for its rewards structure and feel this is a baitandswitch tactic longtime customers should be grandfathered
10000537,Credit Card,tactic longtime customers should be grandfathered into the original rewards program
10001895,Money Transfer,my account was frozen by bank of america after i made a paypal transfer of they claimed the transaction was flagged for suspicious activity but i was simply sending money to my family overseas which i do every month it took weeks to get my account unfrozen and i had to provide extensive
10001895,Money Transfer,account unfrozen and i had to provide extensive documentation including pay stubs and tax returns
10000086,Credit Card,i have been a loyal amex gold cardholder with discover for over years recently i noticed my interest rate was increased from to without adequate explanation i have excellent payment history and no late payments other companies are offering much lower rates i am considering closing this account if
10000086,Credit Card,rates i am considering closing this account if the rate is not adjusted
10001255,Savings Account,i opened a discover savings with synchrony because they advertised a apy after three months the rate was quietly dropped to without notification when i called they said the promotional rate had expired but this was never clearly communicated at account opening i moved into this account specifically
10001255,Savings Account,opening i moved into this account specifically for the higher rate
10001770,Savings Account,ally bank closed my ally savings account without warning citing business reasons i had in the account and it took weeks to receive a cashiers check no explanation was ever provided for the closure i have been a customer for years with no suspicious activity on the account
10001733,Savings Account,i have been trying to reach chases customer service about an issue with my synchrony savings for weeks wait times exceed minutes and i have been disconnected times after waiting when i finally got through the representative could not resolve my issue and told me to call back this level of service is
10001733,Savings Account,and told me to call back this level of service is completely unacceptable for a bank holding my savings
10001622,Savings Account,i have been trying to reach synchronys customer service about an issue with my marcus savings for weeks wait times exceed minutes and i have been disconnected times after waiting when i finally got through the representative could not resolve my issue and told me to call back this level of service
10001622,Savings Account,and told me to call back this level of service is completely unacceptable for a bank holding my savings
10001399,Savings Account,i opened a synchrony savings with goldman sachs because they advertised a apy after three months the rate was quietly dropped to without notification when i called they said the promotional rate had expired but this was never clearly communicated at account opening i moved into this account
10001399,Savings Account,at account opening i moved into this account specifically for the higher rate
10000485,Credit Card,i noticed a charge of on my amex gold statement from i did not authorize this transaction and have been trying to resolve it with american express for weeks they keep transferring me between departments and no one takes responsibility i have provided documentation proving i was not at the merchant
10000485,Credit Card,documentation proving i was not at the merchant location this is extremely frustrating and i need this resolved immediately
10002061,Money Transfer,i was contacted by someone claiming to be from my banks fraud department they convinced me to send via paypal to secure my account i later realized this was a scam and immediately contacted zelle they refused to reverse the transaction saying paypal transfers are final i believe zelle should have
10002061,Money Transfer,transfers are final i believe zelle should have better fraud protection mechanisms
10002208,Money Transfer,i initiated an international transfer of through paypals zelle service the estimated delivery was days but after weeks the money has still not arrived each time i call they say it is being processed meanwhile the exchange rate has changed significantly costing me an additional in value
10001789,Savings Account,i tried to withdraw from my chase savings at ally bank and was told my account was frozen pending a security review no one informed me of any issues beforehand i had bills due and no access to my own money for weeks the customer service was unhelpful and could not tell me when the review would be
10001789,Savings Account,and could not tell me when the review would be completed
10001490,Savings Account,my ally savings with discover was accessed by someone who changed my contact information and attempted to transfer out of my account when i reported this discover took weeks to investigate and temporarily restricted my access i am concerned about the security of their online banking platform and how
10001490,Savings Account,security of their online banking platform and how this person gained access
10000363,Credit Card,my capital one venture card from american express suddenly had its credit limit reduced from to without any prior notification i have never missed a payment and my credit score is above when i called to ask why the representative could not give me a clear answer this reduction has negatively
10000363,Credit Card,me a clear answer this reduction has negatively affected my credit utilization ratio and dropped my score by points
10000750,Credit Card,american express charged me a late fee on my discover it card even though i made my payment on time my bank records show the payment was initiated days before the due date when i called to dispute they said the payment was received one day late due to processing time this is unacceptable i should
10000750,Credit Card,to processing time this is unacceptable i should not be penalized for their slow processing system
10002011,Money Transfer,paypal charged me a fee for a zelle transfer that was advertised as free the fee was hidden in the exchange rate markup and only visible after carefully comparing the rates the actual exchange rate applied was worse than the market rate this is deceptive and the total hidden cost was
10001027,Personal Loan,i applied for a marcus loan with sofi and was denied despite having a credit score of and a stable income of per year the denial letter was vague citing insufficient credit history i have years of credit history with no delinquencies i believe this decision was made unfairly and request a proper
10001027,Personal Loan,decision was made unfairly and request a proper review
10001031,Personal Loan,i have been making regular payments on my sofi personal loan from lendingclub for months last month they claimed they did not receive my payment even though my bank shows it was debited they charged me a late fee and reported a missed payment to the credit bureaus dropping my score by points i need
10001031,Personal Loan,credit bureaus dropping my score by points i need this corrected immediately
10001578,Savings Account,my marcus savings with synchrony was accessed by someone who changed my contact information and attempted to transfer out of my account when i reported this synchrony took weeks to investigate and temporarily restricted my access i am concerned about the security of their online banking platform and
10001578,Savings Account,the security of their online banking platform and how this person gained access
10001336,Savings Account,i have been trying to reach synchronys customer service about an issue with my discover savings for weeks wait times exceed minutes and i have been disconnected times after waiting when i finally got through the representative could not resolve my issue and told me to call back this level of service
10001336,Savings Account,and told me to call back this level of service is completely unacceptable for a bank holding my savings
10001764,Savings Account,i opened a chase savings with goldman sachs because they advertised a apy after three months the rate was quietly dropped to without notification when i called they said the promotional rate had expired but this was never clearly communicated at account opening i moved into this account specifically
10001764,Savings Account,opening i moved into this account specifically for the higher rate
10002181,Money Transfer,i accidentally sent to the wrong person through zelle via venmo i realized the error within minutes and immediately contacted them to cancel they said the transaction was already completed and they cannot reverse it they suggested i ask the recipient nicely to send it back this is an unacceptable
10002181,Money Transfer,nicely to send it back this is an unacceptable response for such a large amount
10000666,Credit Card,i applied for the capital one venture card specifically for the point signup bonus i met all the spending requirements within the specified timeframe but capital one has refused to credit my bonus points i have called times over the past months and each representative tells me something different i
10000666,Credit Card,representative tells me something different i have all receipts and statements showing i qualified
10000365,Credit Card,american express charged me a late fee on my discover it card even though i made my payment on time my bank records show the payment was initiated days before the due date when i called to dispute they said the payment was received one day late due to processing time this is unacceptable i should
10000365,Credit Card,to processing time this is unacceptable i should not be penalized for their slow processing system
10001240,Savings Account,i opened a synchrony savings with ally bank because they advertised a apy after three months the rate was quietly dropped to without notification when i called they said the promotional rate had expired but this was never clearly communicated at account opening i moved into this account specifically
10001240,Savings Account,opening i moved into this account specifically for the higher rate
10000078,Credit Card,chase charged me a late fee on my chase sapphire card even though i made my payment on time my bank records show the payment was initiated days before the due date when i called to dispute they said the payment was received one day late due to processing time this is unacceptable i should not be
10000078,Credit Card,time this is unacceptable i should not be penalized for their slow processing system
10000028,Credit Card,chase charged me a late fee on my discover it card even though i made my payment on time my bank records show the payment was initiated days before the due date when i called to dispute they said the payment was received one day late due to processing time this is unacceptable i should not be
10000028,Credit Card,time this is unacceptable i should not be penalized for their slow processing system
10001878,Money Transfer,i initiated an international transfer of through zelles paypal service the estimated delivery was days but after weeks the money has still not arrived each time i call they say it is being processed meanwhile the exchange rate has changed significantly costing me an additional in value
10000526,Credit Card,discover charged me a late fee on my chase sapphire card even though i made my payment on time my bank records show the payment was initiated days before the due date when i called to dispute they said the payment was received one day late due to processing time this is unacceptable i should not be
10000526,Credit Card,time this is unacceptable i should not be penalized for their slow processing system
10000726,Credit Card,i have been a loyal citi double cash cardholder with citibank for over years recently i noticed my interest rate was increased from to without adequate explanation i have excellent payment history and no late payments other companies are offering much lower rates i am considering closing this
10000726,Credit Card,much lower rates i am considering closing this account if the rate is not adjusted
10000056,Credit Card,i have been a loyal citi double cash cardholder with capital one for over years recently i noticed my interest rate was increased from to without adequate explanation i have excellent payment history and no late payments other companies are offering much lower rates i am considering closing this
10000056,Credit Card,much lower rates i am considering closing this account if the rate is not adjusted
10000639,Credit Card,my citi double cash card from american express suddenly had its credit limit reduced from to without any prior notification i have never missed a payment and my credit score is above when i called to ask why the representative could not give me a clear answer this reduction has negatively affected
10000639,Credit Card,answer this reduction has negatively affected my credit utilization ratio and dropped my score by points
10000303,Credit Card,i have been a loyal capital one venture cardholder with chase for over years recently i noticed my interest rate was increased from to without adequate explanation i have excellent payment history and no late payments other companies are offering much lower rates i am considering closing this
10000303,Credit Card,much lower rates i am considering closing this account if the rate is not adjusted
10000719,Credit Card,my capital one venture card from capital one suddenly had its credit limit reduced from to without any prior notification i have never missed a payment and my credit score is above when i called to ask why the representative could not give me a clear answer this reduction has negatively affected my
10000719,Credit Card,answer this reduction has negatively affected my credit utilization ratio and dropped my score by points
10002133,Money Transfer,venmo charged me a fee for a western union transfer that was advertised as free the fee was hidden in the exchange rate markup and only visible after carefully comparing the rates the actual exchange rate applied was worse than the market rate this is deceptive and the total hidden cost was
10000625,Credit Card,chase charged me a late fee on my amex gold card even though i made my payment on time my bank records show the payment was initiated days before the due date when i called to dispute they said the payment was received one day late due to processing time this is unacceptable i should not be
10000625,Credit Card,time this is unacceptable i should not be penalized for their slow processing system
10000008,Credit Card,capital one charged me a late fee on my amex gold card even though i made my payment on time my bank records show the payment was initiated days before the due date when i called to dispute they said the payment was received one day late due to processing time this is unacceptable i should not be
10000008,Credit Card,time this is unacceptable i should not be penalized for their slow processing system
10001281,Savings Account,i opened a ally savings with chase because they advertised a apy after three months the rate was quietly dropped to without notification when i called they said the promotional rate had expired but this was never clearly communicated at account opening i moved into this account specifically for the
10001281,Savings Account,i moved into this account specifically for the higher rate
10001050,Personal Loan,the total cost of my marcus loan from upstart ended up being which is nearly times the original loan amount of the interest rate of combined with various processing fees and insurance charges that were added without my clear consent have made this loan predatory in my opinion
10000337,Credit Card,i noticed a charge of on my capital one venture statement from i did not authorize this transaction and have been trying to resolve it with american express for weeks they keep transferring me between departments and no one takes responsibility i have provided documentation proving i was not at the
10000337,Credit Card,provided documentation proving i was not at the merchant location this is extremely frustrating and i need this resolved immediately
10000048,Credit Card,my amex gold card from citibank suddenly had its credit limit reduced from to without any prior notification i have never missed a payment and my credit score is above when i called to ask why the representative could not give me a clear answer this reduction has negatively affected my credit
10000048,Credit Card,this reduction has negatively affected my credit utilization ratio and dropped my score by points
10001933,Money Transfer,my account was frozen by paypal after i made a paypal transfer of they claimed the transaction was flagged for suspicious activity but i was simply sending money to my family overseas which i do every month it took weeks to get my account unfrozen and i had to provide extensive documentation
10001933,Money Transfer,and i had to provide extensive documentation including pay stubs and tax returns
10000107,Credit Card,i noticed a charge of on my citi double cash statement from i did not authorize this transaction and have been trying to resolve it with citibank for weeks they keep transferring me between departments and no one takes responsibility i have provided documentation proving i was not at the merchant
10000107,Credit Card,documentation proving i was not at the merchant location this is extremely frustrating and i need this resolved immediately
10000350,Credit Card,i have been a loyal amex gold cardholder with capital one for over years recently i noticed my interest rate was increased from to without adequate explanation i have excellent payment history and no late payments other companies are offering much lower rates i am considering closing this account if
10000350,Credit Card,rates i am considering closing this account if the rate is not adjusted
10001080,Personal Loan,i applied for a prosper loan with prosper and was denied despite having a credit score of and a stable income of per year the denial letter was vague citing insufficient credit history i have years of credit history with no delinquencies i believe this decision was made unfairly and request a proper
10001080,Personal Loan,decision was made unfairly and request a proper review
10000239,Credit Card,i noticed a charge of on my citi double cash statement from i did not authorize this transaction and have been trying to resolve it with chase for weeks they keep transferring me between departments and no one takes responsibility i have provided documentation proving i was not at the merchant
10000239,Credit Card,documentation proving i was not at the merchant location this is extremely frustrating and i need this resolved immediately
10000214,Credit Card,i applied for the citi double cash card specifically for the point signup bonus i met all the spending requirements within the specified timeframe but citibank has refused to credit my bonus points i have called times over the past months and each representative tells me something different i have
10000214,Credit Card,tells me something different i have all receipts and statements showing i qualified
10001145,Personal Loan,the total cost of my lendingclub loan from upstart ended up being which is nearly times the original loan amount of the interest rate of combined with various processing fees and insurance charges that were added without my clear consent have made this loan predatory in my opinion
10002139,Money Transfer,venmo charged me a fee for a wire transfer transfer that was advertised as free the fee was hidden in the exchange rate markup and only visible after carefully comparing the rates the actual exchange rate applied was worse than the market rate this is deceptive and the total hidden cost was
10001481,Savings Account,i tried to withdraw from my ally savings at synchrony and was told my account was frozen pending a security review no one informed me of any issues beforehand i had bills due and no access to my own money for weeks the customer service was unhelpful and could not tell me when the review would be
10001481,Savings Account,and could not tell me when the review would be completed
10000794,Credit Card,i applied for the amex gold card specifically for the point signup bonus i met all the spending requirements within the specified timeframe but american express has refused to credit my bonus points i have called times over the past months and each representative tells me something different i have
10000794,Credit Card,tells me something different i have all receipts and statements showing i qualified
10001097,Personal Loan,i have been making regular payments on my sofi personal loan from lendingclub for months last month they claimed they did not receive my payment even though my bank shows it was debited they charged me a late fee and reported a missed payment to the credit bureaus dropping my score by points i need
10001097,Personal Loan,credit bureaus dropping my score by points i need this corrected immediately
10001653,Savings Account,ally bank closed my marcus savings account without warning citing business reasons i had in the account and it took weeks to receive a cashiers check no explanation was ever provided for the closure i have been a customer for years with no suspicious activity on the account
10001462,Savings Account,synchrony closed my chase savings account without warning citing business reasons i had in the account and it took weeks to receive a cashiers check no explanation was ever provided for the closure i have been a customer for years with no suspicious activity on the account
10002058,Money Transfer,my account was frozen by paypal after i made a western union transfer of they claimed the transaction was flagged for suspicious activity but i was simply sending money to my family overseas which i do every month it took weeks to get my account unfrozen and i had to provide extensive documentation
10002058,Money Transfer,and i had to provide extensive documentation including pay stubs and tax returns
10000346,Credit Card,the rewards program on my amex gold card was changed without notice chase devalued the points by nearly making the annual fee of no longer worth it i specifically chose this card for its rewards structure and feel this is a baitandswitch tactic longtime customers should be grandfathered into the
10000346,Credit Card,customers should be grandfathered into the original rewards program
10000524,Credit Card,i have been a loyal citi double cash cardholder with chase for over years recently i noticed my interest rate was increased from to without adequate explanation i have excellent payment history and no late payments other companies are offering much lower rates i am considering closing this account
10000524,Credit Card,lower rates i am considering closing this account if the rate is not adjusted
10000233,Credit Card,my amex gold card from discover suddenly had its credit limit reduced from to without any prior notification i have never missed a payment and my credit score is above when i called to ask why the representative could not give me a clear answer this reduction has negatively affected my credit
10000233,Credit Card,this reduction has negatively affected my credit utilization ratio and dropped my score by points
10000645,Credit Card,my citi double cash card from chase suddenly had its credit limit reduced from to without any prior notification i have never missed a payment and my credit score is above when i called to ask why the representative could not give me a clear answer this reduction has negatively affected my credit
10000645,Credit Card,this reduction has negatively affected my credit utilization ratio and dropped my score by points
10002244,Money Transfer,i sent via western union through zelle to pay my landlord the money was deducted from my account but never received by the recipient it has been weeks and zelle has not been able to locate the funds or provide a refund i am now at risk of eviction because my rent appears unpaid
10001429,Savings Account,i tried to withdraw from my ally savings at synchrony and was told my account was frozen pending a security review no one informed me of any issues beforehand i had bills due and no access to my own money for weeks the customer service was unhelpful and could not tell me when the review would be
10001429,Savings Account,and could not tell me when the review would be completed
10000534,Credit Card,my capital one venture card from chase suddenly had its credit limit reduced from to without any prior notification i have never missed a payment and my credit score is above when i called to ask why the representative could not give me a clear answer this reduction has negatively affected my credit
10000534,Credit Card,this reduction has negatively affected my credit utilization ratio and dropped my score by points
10001968,Money Transfer,i initiated an international transfer of through venmos zelle service the estimated delivery was days but after weeks the money has still not arrived each time i call they say it is being processed meanwhile the exchange rate has changed significantly costing me an additional in value
10000604,Credit Card,i have been a loyal citi double cash cardholder with citibank for over years recently i noticed my interest rate was increased from to without adequate explanation i have excellent payment history and no late payments other companies are offering much lower rates i am considering closing this
10000604,Credit Card,much lower rates i am considering closing this account if the rate is not adjusted
10001568,Savings Account,ally bank closed my synchrony savings account without warning citing business reasons i had in the account and it took weeks to receive a cashiers check no explanation was ever provided for the closure i have been a customer for years with no suspicious activity on the account
10001427,Savings Account,discover charged me a monthly maintenance fee on my marcus savings that was supposed to be free when i called to dispute they said i did not maintain the minimum balance of even though my statements show i was always above that threshold i want all fees refunded and a guarantee this will not happen
10001427,Savings Account,refunded and a guarantee this will not happen again
10001075,Personal Loan,sofi sold my sofi personal loan loan to a thirdparty debt collector without notifying me the collector is now adding additional fees and interest that were not part of my original agreement they call me times per day including on weekends and have been rude and threatening this is harassment and a
10001075,Personal Loan,rude and threatening this is harassment and a violation of fair debt collection practices
10001701,Savings Account,ally bank closed my synchrony savings account without warning citing business reasons i had in the account and it took weeks to receive a cashiers check no explanation was ever provided for the closure i have been a customer for years with no suspicious activity on the account
10000061,Credit Card,i applied for the capital one venture card specifically for the point signup bonus i met all the spending requirements within the specified timeframe but citibank has refused to credit my bonus points i have called times over the past months and each representative tells me something different i
10000061,Credit Card,representative tells me something different i have all receipts and statements showing i qualified
10001642,Savings Account,i tried to withdraw from my chase savings at ally bank and was told my account was frozen pending a security review no one informed me of any issues beforehand i had bills due and no access to my own money for weeks the customer service was unhelpful and could not tell me when the review would be
10001642,Savings Account,and could not tell me when the review would be completed
10000093,Credit Card,i applied for the amex gold card specifically for the point signup bonus i met all the spending requirements within the specified timeframe but chase has refused to credit my bonus points i have called times over the past months and each representative tells me something different i have all
10000093,Credit Card,tells me something different i have all receipts and statements showing i qualified
10000667,Credit Card,i applied for the capital one venture card specifically for the point signup bonus i met all the spending requirements within the specified timeframe but discover has refused to credit my bonus points i have called times over the past months and each representative tells me something different i
10000667,Credit Card,representative tells me something different i have all receipts and statements showing i qualified
10001447,Savings Account,i have been trying to reach ally banks customer service about an issue with my marcus savings for weeks wait times exceed minutes and i have been disconnected times after waiting when i finally got through the representative could not resolve my issue and told me to call back this level of service
10001447,Savings Account,and told me to call back this level of service is completely unacceptable for a bank holding my savings
10002079,Money Transfer,my account was frozen by zelle after i made a zelle transfer of they claimed the transaction was flagged for suspicious activity but i was simply sending money to my family overseas which i do every month it took weeks to get my account unfrozen and i had to provide extensive documentation including
10002079,Money Transfer,had to provide extensive documentation including pay stubs and tax returns
10000281,Credit Card,i have been a loyal discover it cardholder with american express for over years recently i noticed my interest rate was increased from to without adequate explanation i have excellent payment history and no late payments other companies are offering much lower rates i am considering closing this
10000281,Credit Card,much lower rates i am considering closing this account if the rate is not adjusted
10002015,Money Transfer,i sent via zelle through venmo to pay my landlord the money was deducted from my account but never received by the recipient it has been weeks and venmo has not been able to locate the funds or provide a refund i am now at risk of eviction because my rent appears unpaid
10000360,Credit Card,the rewards program on my capital one venture card was changed without notice american express devalued the points by nearly making the annual fee of no longer worth it i specifically chose this card for its rewards structure and feel this is a baitandswitch tactic longtime customers should be
10000360,Credit Card,baitandswitch tactic longtime customers should be grandfathered into the original rewards program
10001526,Savings Account,i tried to withdraw from my synchrony savings at goldman sachs and was told my account was frozen pending a security review no one informed me of any issues beforehand i had bills due and no access to my own money for weeks the customer service was unhelpful and could not tell me when the review
10001526,Savings Account,unhelpful and could not tell me when the review would be completed
10001398,Savings Account,my chase savings with chase was accessed by someone who changed my contact information and attempted to transfer out of my account when i reported this chase took weeks to investigate and temporarily restricted my access i am concerned about the security of their online banking platform and how this
10001398,Savings Account,of their online banking platform and how this person gained access
10001693,Savings Account,my ally savings with goldman sachs was accessed by someone who changed my contact information and attempted to transfer out of my account when i reported this goldman sachs took weeks to investigate and temporarily restricted my access i am concerned about the security of their online banking
10001693,Savings Account,about the security of their online banking platform and how this person gained access
10002135,Money Transfer,i sent via zelle through venmo to pay my landlord the money was deducted from my account but never received by the recipient it has been weeks and venmo has not been able to locate the funds or provide a refund i am now at risk of eviction because my rent appears unpaid
10000111,Credit Card,i applied for the capital one venture card specifically for the point signup bonus i met all the spending requirements within the specified timeframe but capital one has refused to credit my bonus points i have called times over the past months and each representative tells me something different i
10000111,Credit Card,representative tells me something different i have all receipts and statements showing i qualified
10000043,Credit Card,my amex gold card from citibank suddenly had its credit limit reduced from to without any prior notification i have never missed a payment and my credit score is above when i called to ask why the representative could not give me a clear answer this reduction has negatively affected my credit
10000043,Credit Card,this reduction has negatively affected my credit utilization ratio and dropped my score by points
10000126,Credit Card,i have been a loyal discover it cardholder with discover for over years recently i noticed my interest rate was increased from to without adequate explanation i have excellent payment history and no late payments other companies are offering much lower rates i am considering closing this account if
10000126,Credit Card,rates i am considering closing this account if the rate is not adjusted
10000205,Credit Card,american express charged me a late fee on my amex gold card even though i made my payment on time my bank records show the payment was initiated days before the due date when i called to dispute they said the payment was received one day late due to processing time this is unacceptable i should not
10000205,Credit Card,processing time this is unacceptable i should not be penalized for their slow processing system
10000053,Credit Card,i noticed a charge of on my citi double cash statement from i did not authorize this transaction and have been trying to resolve it with american express for weeks they keep transferring me between departments and no one takes responsibility i have provided documentation proving i was not at the
10000053,Credit Card,provided documentation proving i was not at the merchant location this is extremely frustrating and i need this resolved immediately
10000546,Credit Card,someone made fraudulent purchases on my capital one venture card totaling i reported this to capital one immediately and they opened an investigation after weeks they denied my fraud claim saying the transactions appeared legitimate i have filed a police report and have evidence that i was in a
10000546,Credit Card,a police report and have evidence that i was in a different state when these transactions occurred
10000069,Credit Card,the rewards program on my amex gold card was changed without notice discover devalued the points by nearly making the annual fee of no longer worth it i specifically chose this card for its rewards structure and feel this is a baitandswitch tactic longtime customers should be grandfathered into the
10000069,Credit Card,customers should be grandfathered into the original rewards program
10002268,Money Transfer,i initiated an international transfer of through zelles wire transfer service the estimated delivery was days but after weeks the money has still not arrived each time i call they say it is being processed meanwhile the exchange rate has changed significantly costing me an additional in value
10002019,Money Transfer,my account was frozen by western union after i made a western union transfer of they claimed the transaction was flagged for suspicious activity but i was simply sending money to my family overseas which i do every month it took weeks to get my account unfrozen and i had to provide extensive
10002019,Money Transfer,account unfrozen and i had to provide extensive documentation including pay stubs and tax returns
10001614,Savings Account,i opened a discover savings with discover because they advertised a apy after three months the rate was quietly dropped to without notification when i called they said the promotional rate had expired but this was never clearly communicated at account opening i moved into this account specifically
10001614,Savings Account,opening i moved into this account specifically for the higher rate
10001425,Savings Account,i opened a ally savings with chase because they advertised a apy after three months the rate was quietly dropped to without notification when i called they said the promotional rate had expired but this was never clearly communicated at account opening i moved into this account specifically for the
10001425,Savings Account,i moved into this account specifically for the higher rate
10000184,Credit Card,someone made fraudulent purchases on my chase sapphire card totaling i reported this to capital one immediately and they opened an investigation after weeks they denied my fraud claim saying the transactions appeared legitimate i have filed a police report and have evidence that i was in a different
10000184,Credit Card,and have evidence that i was in a different state when these transactions occurred
10000138,Credit Card,someone made fraudulent purchases on my amex gold card totaling i reported this to chase immediately and they opened an investigation after weeks they denied my fraud claim saying the transactions appeared legitimate i have filed a police report and have evidence that i was in a different state when
10000138,Credit Card,evidence that i was in a different state when these transactions occurred
10000900,Personal Loan,i took out a personal loan of with upstart through their prosper loan program the advertised rate was but after approval i was given the terms were buried in fine print and the loan officer rushed me through the signing process i am now paying per month which is more than what was originally quoted
10000797,Credit Card,the rewards program on my citi double cash card was changed without notice chase devalued the points by nearly making the annual fee of no longer worth it i specifically chose this card for its rewards structure and feel this is a baitandswitch tactic longtime customers should be grandfathered into
10000797,Credit Card,longtime customers should be grandfathered into the original rewards program
10000133,Credit Card,i applied for the amex gold card specifically for the point signup bonus i met all the spending requirements within the specified timeframe but american express has refused to credit my bonus points i have called times over the past months and each representative tells me something different i have
10000133,Credit Card,tells me something different i have all receipts and statements showing i qualified
10000081,Credit Card,i noticed a charge of on my citi double cash statement from i did not authorize this transaction and have been trying to resolve it with discover for weeks they keep transferring me between departments and no one takes responsibility i have provided documentation proving i was not at the merchant
10000081,Credit Card,documentation proving i was not at the merchant location this is extremely frustrating and i need this resolved immediately
10001938,Money Transfer,i accidentally sent to the wrong person through venmo via western union i realized the error within minutes and immediately contacted them to cancel they said the transaction was already completed and they cannot reverse it they suggested i ask the recipient nicely to send it back this is an
10001938,Money Transfer,the recipient nicely to send it back this is an unacceptable response for such a large amount
10002009,Money Transfer,western union charged me a fee for a zelle transfer that was advertised as free the fee was hidden in the exchange rate markup and only visible after carefully comparing the rates the actual exchange rate applied was worse than the market rate this is deceptive and the total hidden cost was
10000542,Credit Card,the rewards program on my capital one venture card was changed without notice american express devalued the points by nearly making the annual fee of no longer worth it i specifically chose this card for its rewards structure and feel this is a baitandswitch tactic longtime customers should be
10000542,Credit Card,baitandswitch tactic longtime customers should be grandfathered into the original rewards program
10001020,Personal Loan,i tried to make an extra payment on my sofi personal loan from lendingclub to pay down the principal faster their system automatically applied it to future payments instead of the principal balance after calling times each representative gave me different instructions i am paying more interest than
10001020,Personal Loan,instructions i am paying more interest than necessary because they will not properly apply my payments
10000984,Personal Loan,i took out a personal loan of with goldman sachs through their marcus loan program the advertised rate was but after approval i was given the terms were buried in fine print and the loan officer rushed me through the signing process i am now paying per month which is more than what was originally
10000984,Personal Loan,per month which is more than what was originally quoted
10000166,Credit Card,my citi double cash card from chase suddenly had its credit limit reduced from to without any prior notification i have never missed a payment and my credit score is above when i called to ask why the representative could not give me a clear answer this reduction has negatively affected my credit
10000166,Credit Card,this reduction has negatively affected my credit utilization ratio and dropped my score by points
10000249,Credit Card,citibank charged me a late fee on my discover it card even though i made my payment on time my bank records show the payment was initiated days before the due date when i called to dispute they said the payment was received one day late due to processing time this is unacceptable i should not be
10000249,Credit Card,time this is unacceptable i should not be penalized for their slow processing system
10001332,Savings Account,i have been trying to reach goldman sachss customer service about an issue with my synchrony savings for weeks wait times exceed minutes and i have been disconnected times after waiting when i finally got through the representative could not resolve my issue and told me to call back this level of
10001332,Savings Account,my issue and told me to call back this level of service is completely unacceptable for a bank holding my savings
10000447,Credit Card,i have been a loyal chase sapphire cardholder with discover for over years recently i noticed my interest rate was increased from to without adequate explanation i have excellent payment history and no late payments other companies are offering much lower rates i am considering closing this account
10000447,Credit Card,lower rates i am considering closing this account if the rate is not adjusted
10001495,Savings Account,i opened a discover savings with synchrony because they advertised a apy after three months the rate was quietly dropped to without notification when i called they said the promotional rate had expired but this was never clearly communicated at account opening i moved into this account specifically
10001495,Savings Account,opening i moved into this account specifically for the higher rate
10001359,Savings Account,my marcus savings with chase was accessed by someone who changed my contact information and attempted to transfer out of my account when i reported this chase took weeks to investigate and temporarily restricted my access i am concerned about the security of their online banking platform and how
10001359,Savings Account,security of their online banking platform and how this person gained access
10000098,Credit Card,i applied for the discover it card specifically for the point signup bonus i met all the spending requirements within the specified timeframe but chase has refused to credit my bonus points i have called times over the past months and each representative tells me something different i have all
10000098,Credit Card,tells me something different i have all receipts and statements showing i qualified
10001512,Savings Account,i tried to withdraw from my ally savings at discover and was told my account was frozen pending a security review no one informed me of any issues beforehand i had bills due and no access to my own money for weeks the customer service was unhelpful and could not tell me when the review would be
10001512,Savings Account,and could not tell me when the review would be completed
10000738,Credit Card,chase charged me a late fee on my capital one venture card even though i made my payment on time my bank records show the payment was initiated days before the due date when i called to dispute they said the payment was received one day late due to processing time this is unacceptable i should not
10000738,Credit Card,processing time this is unacceptable i should not be penalized for their slow processing system
10001634,Savings Account,i have been trying to reach goldman sachss customer service about an issue with my synchrony savings for weeks wait times exceed minutes and i have been disconnected times after waiting when i finally got through the representative could not resolve my issue and told me to call back this level of
10001634,Savings Account,my issue and told me to call back this level of service is completely unacceptable for a bank holding my savings
10002149,Money Transfer,my account was frozen by bank of america after i made a zelle transfer of they claimed the transaction was flagged for suspicious activity but i was simply sending money to my family overseas which i do every month it took weeks to get my account unfrozen and i had to provide extensive documentation
10002149,Money Transfer,and i had to provide extensive documentation including pay stubs and tax returns
10000103,Credit Card,the rewards program on my amex gold card was changed without notice american express devalued the points by nearly making the annual fee of no longer worth it i specifically chose this card for its rewards structure and feel this is a baitandswitch tactic longtime customers should be grandfathered
10000103,Credit Card,tactic longtime customers should be grandfathered into the original rewards program
10000435,Credit Card,i have been a loyal amex gold cardholder with capital one for over years recently i noticed my interest rate was increased from to without adequate explanation i have excellent payment history and no late payments other companies are offering much lower rates i am considering closing this account if
10000435,Credit Card,rates i am considering closing this account if the rate is not adjusted
10000075,Credit Card,i applied for the citi double cash card specifically for the point signup bonus i met all the spending requirements within the specified timeframe but citibank has refused to credit my bonus points i have called times over the past months and each representative tells me something different i have
10000075,Credit Card,tells me something different i have all receipts and statements showing i qualified
10000578,Credit Card,capital one charged me a late fee on my discover it card even though i made my payment on time my bank records show the payment was initiated days before the due date when i called to dispute they said the payment was received one day late due to processing time this is unacceptable i should not be
10000578,Credit Card,time this is unacceptable i should not be penalized for their slow processing system
10001559,Savings Account,i tried to withdraw from my chase savings at ally bank and was told my account was frozen pending a security review no one informed me of any issues beforehand i had bills due and no access to my own money for weeks the customer service was unhelpful and could not tell me when the review would be
10001559,Savings Account,and could not tell me when the review would be completed
10001633,Savings Account,i opened a synchrony savings with discover because they advertised a apy after three months the rate was quietly dropped to without notification when i called they said the promotional rate had expired but this was never clearly communicated at account opening i moved into this account specifically
10001633,Savings Account,opening i moved into this account specifically for the higher rate
10001231,Savings Account,goldman sachs closed my chase savings account without warning citing business reasons i had in the account and it took weeks to receive a cashiers check no explanation was ever provided for the closure i have been a customer for years with no suspicious activity on the account
10000919,Personal Loan,i took out a personal loan of with sofi through their prosper loan program the advertised rate was but after approval i was given the terms were buried in fine print and the loan officer rushed me through the signing process i am now paying per month which is more than what was originally quoted
10001327,Savings Account,i have been trying to reach chases customer service about an issue with my discover savings for weeks wait times exceed minutes and i have been disconnected times after waiting when i finally got through the representative could not resolve my issue and told me to call back this level of service is
10001327,Savings Account,and told me to call back this level of service is completely unacceptable for a bank holding my savings
10002142,Money Transfer,western union charged me a fee for a zelle transfer that was advertised as free the fee was hidden in the exchange rate markup and only visible after carefully comparing the rates the actual exchange rate applied was worse than the market rate this is deceptive and the total hidden cost was
10002116,Money Transfer,i was contacted by someone claiming to be from my banks fraud department they convinced me to send via paypal to secure my account i later realized this was a scam and immediately contacted paypal they refused to reverse the transaction saying paypal transfers are final i believe paypal should have
10002116,Money Transfer,transfers are final i believe paypal should have better fraud protection mechanisms
10002078,Money Transfer,i accidentally sent to the wrong person through wire transfer via paypal i realized the error within minutes and immediately contacted them to cancel they said the transaction was already completed and they cannot reverse it they suggested i ask the recipient nicely to send it back this is an
10002078,Money Transfer,the recipient nicely to send it back this is an unacceptable response for such a large amount
10000763,Credit Card,i applied for the amex gold card specifically for the point signup bonus i met all the spending requirements within the specified timeframe but chase has refused to credit my bonus points i have called times over the past months and each representative tells me something different i have all
10000763,Credit Card,tells me something different i have all receipts and statements showing i qualified
10000990,Personal Loan,i took out a personal loan of with lendingclub through their upstart loan program the advertised rate was but after approval i was given the terms were buried in fine print and the loan officer rushed me through the signing process i am now paying per month which is more than what was originally
10000990,Personal Loan,per month which is more than what was originally quoted
10000389,Credit Card,the rewards program on my chase sapphire card was changed without notice citibank devalued the points by nearly making the annual fee of no longer worth it i specifically chose this card for its rewards structure and feel this is a baitandswitch tactic longtime customers should be grandfathered into
10000389,Credit Card,longtime customers should be grandfathered into the original rewards program
10000236,Credit Card,i noticed a charge of on my citi double cash statement from i did not authorize this transaction and have been trying to resolve it with discover for weeks they keep transferring me between departments and no one takes responsibility i have provided documentation proving i was not at the merchant
10000236,Credit Card,documentation proving i was not at the merchant location this is extremely frustrating and i need this resolved immediately
10001965,Money Transfer,i sent via western union through paypal to pay my landlord the money was deducted from my account but never received by the recipient it has been weeks and paypal has not been able to locate the funds or provide a refund i am now at risk of eviction because my rent appears unpaid
10000268,Credit Card,my amex gold card from citibank suddenly had its credit limit reduced from to without any prior notification i have never missed a payment and my credit score is above when i called to ask why the representative could not give me a clear answer this reduction has negatively affected my credit
10000268,Credit Card,this reduction has negatively affected my credit utilization ratio and dropped my score by points
10001330,Savings Account,my discover savings with goldman sachs was accessed by someone who changed my contact information and attempted to transfer out of my account when i reported this goldman sachs took weeks to investigate and temporarily restricted my access i am concerned about the security of their online banking
10001330,Savings Account,about the security of their online banking platform and how this person gained access
10001542,Savings Account,i tried to withdraw from my discover savings at goldman sachs and was told my account was frozen pending a security review no one informed me of any issues beforehand i had bills due and no access to my own money for weeks the customer service was unhelpful and could not tell me when the review
10001542,Savings Account,unhelpful and could not tell me when the review would be completed
10000118,Credit Card,i noticed a charge of on my discover it statement from i did not authorize this transaction and have been trying to resolve it with discover for weeks they keep transferring me between departments and no one takes responsibility i have provided documentation proving i was not at the merchant
10000118,Credit Card,documentation proving i was not at the merchant location this is extremely frustrating and i need this resolved immediately
10000438,Credit Card,i noticed a charge of on my citi double cash statement from i did not authorize this transaction and have been trying to resolve it with chase for weeks they keep transferring me between departments and no one takes responsibility i have provided documentation proving i was not at the merchant
10000438,Credit Card,documentation proving i was not at the merchant location this is extremely frustrating and i need this resolved immediately
10000674,Credit Card,i applied for the capital one venture card specifically for the point signup bonus i met all the spending requirements within the specified timeframe but citibank has refused to credit my bonus points i have called times over the past months and each representative tells me something different i
10000674,Credit Card,representative tells me something different i have all receipts and statements showing i qualified
10000250,Credit Card,my capital one venture card from capital one suddenly had its credit limit reduced from to without any prior notification i have never missed a payment and my credit score is above when i called to ask why the representative could not give me a clear answer this reduction has negatively affected my
10000250,Credit Card,answer this reduction has negatively affected my credit utilization ratio and dropped my score by points
10001897,Money Transfer,i was contacted by someone claiming to be from my banks fraud department they convinced me to send via zelle to secure my account i later realized this was a scam and immediately contacted western union they refused to reverse the transaction saying zelle transfers are final i believe western union
10001897,Money Transfer,zelle transfers are final i believe western union should have better fraud protection mechanisms
10000095,Credit Card,i have been a loyal discover it cardholder with discover for over years recently i noticed my interest rate was increased from to without adequate explanation i have excellent payment history and no late payments other companies are offering much lower rates i am considering closing this account if
10000095,Credit Card,rates i am considering closing this account if the rate is not adjusted
10001603,Savings Account,i opened a ally savings with synchrony because they advertised a apy after three months the rate was quietly dropped to without notification when i called they said the promotional rate had expired but this was never clearly communicated at account opening i moved into this account specifically for
10001603,Savings Account,i moved into this account specifically for the higher rate
10000034,Credit Card,i applied for the amex gold card specifically for the point signup bonus i met all the spending requirements within the specified timeframe but discover has refused to credit my bonus points i have called times over the past months and each representative tells me something different i have all
10000034,Credit Card,tells me something different i have all receipts and statements showing i qualified
10001909,Money Transfer,i accidentally sent to the wrong person through zelle via venmo i realized the error within minutes and immediately contacted them to cancel they said the transaction was already completed and they cannot reverse it they suggested i ask the recipient nicely to send it back this is an unacceptable
10001909,Money Transfer,nicely to send it back this is an unacceptable response for such a large amount
10002114,Money Transfer,i initiated an international transfer of through bank of americas venmo service the estimated delivery was days but after weeks the money has still not arrived each time i call they say it is being processed meanwhile the exchange rate has changed significantly costing me an additional in value
10000449,Credit Card,someone made fraudulent purchases on my capital one venture card totaling i reported this to capital one immediately and they opened an investigation after weeks they denied my fraud claim saying the transactions appeared legitimate i have filed a police report and have evidence that i was in a
10000449,Credit Card,a police report and have evidence that i was in a different state when these transactions occurred
10001470,Savings Account,i have been trying to reach ally banks customer service about an issue with my marcus savings for weeks wait times exceed minutes and i have been disconnected times after waiting when i finally got through the representative could not resolve my issue and told me to call back this level of service
10001470,Savings Account,and told me to call back this level of service is completely unacceptable for a bank holding my savings
10000717,Credit Card,someone made fraudulent purchases on my amex gold card totaling i reported this to capital one immediately and they opened an investigation after weeks they denied my fraud claim saying the transactions appeared legitimate i have filed a police report and have evidence that i was in a different
10000717,Credit Card,and have evidence that i was in a different state when these transactions occurred
10001643,Savings Account,discover charged me a monthly maintenance fee on my discover savings that was supposed to be free when i called to dispute they said i did not maintain the minimum balance of even though my statements show i was always above that threshold i want all fees refunded and a guarantee this will not
10001643,Savings Account,all fees refunded and a guarantee this will not happen again
10001980,Money Transfer,bank of america charged me a fee for a wire transfer transfer that was advertised as free the fee was hidden in the exchange rate markup and only visible after carefully comparing the rates the actual exchange rate applied was worse than the market rate this is deceptive and the total hidden cost
10001980,Money Transfer,rate this is deceptive and the total hidden cost was
10000001,Credit Card,someone made fraudulent purchases on my chase sapphire card totaling i reported this to chase immediately and they opened an investigation after weeks they denied my fraud claim saying the transactions appeared legitimate i have filed a police report and have evidence that i was in a different state
10000001,Credit Card,and have evidence that i was in a different state when these transactions occurred
10001792,Savings Account,synchrony closed my discover savings account without warning citing business reasons i had in the account and it took weeks to receive a cashiers check no explanation was ever provided for the closure i have been a customer for years with no suspicious activity on the account
10001102,Personal Loan,i tried to make an extra payment on my marcus loan from lendingclub to pay down the principal faster their system automatically applied it to future payments instead of the principal balance after calling times each representative gave me different instructions i am paying more interest than
10001102,Personal Loan,instructions i am paying more interest than necessary because they will not properly apply my payments
10001109,Personal Loan,the total cost of my sofi personal loan from upstart ended up being which is nearly times the original loan amount of the interest rate of combined with various processing fees and insurance charges that were added without my clear consent have made this loan predatory in my opinion
10001620,Savings Account,chase charged me a monthly maintenance fee on my marcus savings that was supposed to be free when i called to dispute they said i did not maintain the minimum balance of even though my statements show i was always above that threshold i want all fees refunded and a guarantee this will not happen
10001620,Savings Account,refunded and a guarantee this will not happen again
10000083,Credit Card,the rewards program on my capital one venture card was changed without notice citibank devalued the points by nearly making the annual fee of no longer worth it i specifically chose this card for its rewards structure and feel this is a baitandswitch tactic longtime customers should be grandfathered
10000083,Credit Card,tactic longtime customers should be grandfathered into the original rewards program
10001482,Savings Account,i tried to withdraw from my synchrony savings at discover and was told my account was frozen pending a security review no one informed me of any issues beforehand i had bills due and no access to my own money for weeks the customer service was unhelpful and could not tell me when the review would be
10001482,Savings Account,and could not tell me when the review would be completed
10001675,Savings Account,i tried to withdraw from my ally savings at synchrony and was told my account was frozen pending a security review no one informed me of any issues beforehand i had bills due and no access to my own money for weeks the customer service was unhelpful and could not tell me when the review would be
10001675,Savings Account,and could not tell me when the review would be completed
10000677,Credit Card,someone made fraudulent purchases on my citi double cash card totaling i reported this to american express immediately and they opened an investigation after weeks they denied my fraud claim saying the transactions appeared legitimate i have filed a police report and have evidence that i was in a
10000677,Credit Card,a police report and have evidence that i was in a different state when these transactions occurred
10001894,Money Transfer,i sent via venmo through paypal to pay my landlord the money was deducted from my account but never received by the recipient it has been weeks and paypal has not been able to locate the funds or provide a refund i am now at risk of eviction because my rent appears unpaid
10001047,Personal Loan,i tried to make an extra payment on my marcus loan from prosper to pay down the principal faster their system automatically applied it to future payments instead of the principal balance after calling times each representative gave me different instructions i am paying more interest than necessary
10001047,Personal Loan,i am paying more interest than necessary because they will not properly apply my payments
10001461,Savings Account,i opened a synchrony savings with goldman sachs because they advertised a apy after three months the rate was quietly dropped to without notification when i called they said the promotional rate had expired but this was never clearly communicated at account opening i moved into this account
10001461,Savings Account,at account opening i moved into this account specifically for the higher rate
10000771,Credit Card,someone made fraudulent purchases on my discover it card totaling i reported this to chase immediately and they opened an investigation after weeks they denied my fraud claim saying the transactions appeared legitimate i have filed a police report and have evidence that i was in a different state
10000771,Credit Card,and have evidence that i was in a different state when these transactions occurred
10001576,Savings Account,i tried to withdraw from my discover savings at discover and was told my account was frozen pending a security review no one informed me of any issues beforehand i had bills due and no access to my own money for weeks the customer service was unhelpful and could not tell me when the review would be
10001576,Savings Account,and could not tell me when the review would be completed
10002124,Money Transfer,my account was frozen by western union after i made a zelle transfer of they claimed the transaction was flagged for suspicious activity but i was simply sending money to my family overseas which i do every month it took weeks to get my account unfrozen and i had to provide extensive documentation
10002124,Money Transfer,and i had to provide extensive documentation including pay stubs and tax returns
10000518,Credit Card,the rewards program on my chase sapphire card was changed without notice american express devalued the points by nearly making the annual fee of no longer worth it i specifically chose this card for its rewards structure and feel this is a baitandswitch tactic longtime customers should be
10000518,Credit Card,baitandswitch tactic longtime customers should be grandfathered into the original rewards program
10001945,Money Transfer,my account was frozen by zelle after i made a wire transfer transfer of they claimed the transaction was flagged for suspicious activity but i was simply sending money to my family overseas which i do every month it took weeks to get my account unfrozen and i had to provide extensive documentation
10001945,Money Transfer,and i had to provide extensive documentation including pay stubs and tax returns
10000405,Credit Card,discover charged me a late fee on my amex gold card even though i made my payment on time my bank records show the payment was initiated days before the due date when i called to dispute they said the payment was received one day late due to processing time this is unacceptable i should not be
10000405,Credit Card,time this is unacceptable i should not be penalized for their slow processing system
10000385,Credit Card,the rewards program on my capital one venture card was changed without notice capital one devalued the points by nearly making the annual fee of no longer worth it i specifically chose this card for its rewards structure and feel this is a baitandswitch tactic longtime customers should be
10000385,Credit Card,baitandswitch tactic longtime customers should be grandfathered into the original rewards program
10001744,Savings Account,i opened a marcus savings with discover because they advertised a apy after three months the rate was quietly dropped to without notification when i called they said the promotional rate had expired but this was never clearly communicated at account opening i moved into this account specifically for
10001744,Savings Account,i moved into this account specifically for the higher rate
10000105,Credit Card,i applied for the discover it card specifically for the point signup bonus i met all the spending requirements within the specified timeframe but american express has refused to credit my bonus points i have called times over the past months and each representative tells me something different i
10000105,Credit Card,representative tells me something different i have all receipts and statements showing i qualified
10002206,Money Transfer,my account was frozen by zelle after i made a paypal transfer of they claimed the transaction was flagged for suspicious activity but i was simply sending money to my family overseas which i do every month it took weeks to get my account unfrozen and i had to provide extensive documentation
10002206,Money Transfer,and i had to provide extensive documentation including pay stubs and tax returns
10000689,Credit Card,the rewards program on my citi double cash card was changed without notice citibank devalued the points by nearly making the annual fee of no longer worth it i specifically chose this card for its rewards structure and feel this is a baitandswitch tactic longtime customers should be grandfathered
10000689,Credit Card,tactic longtime customers should be grandfathered into the original rewards program
10001702,Savings Account,i opened a ally savings with ally bank because they advertised a apy after three months the rate was quietly dropped to without notification when i called they said the promotional rate had expired but this was never clearly communicated at account opening i moved into this account specifically for
10001702,Savings Account,i moved into this account specifically for the higher rate
10001241,Savings Account,i have been trying to reach goldman sachss customer service about an issue with my ally savings for weeks wait times exceed minutes and i have been disconnected times after waiting when i finally got through the representative could not resolve my issue and told me to call back this level of service
10001241,Savings Account,and told me to call back this level of service is completely unacceptable for a bank holding my savings
10000063,Credit Card,i have been a loyal capital one venture cardholder with american express for over years recently i noticed my interest rate was increased from to without adequate explanation i have excellent payment history and no late payments other companies are offering much lower rates i am considering closing
10000063,Credit Card,much lower rates i am considering closing this account if the rate is not adjusted
10001306,Savings Account,i have been trying to reach goldman sachss customer service about an issue with my chase savings for weeks wait times exceed minutes and i have been disconnected times after waiting when i finally got through the representative could not resolve my issue and told me to call back this level of
10001306,Savings Account,my issue and told me to call back this level of service is completely unacceptable for a bank holding my savings
10001762,Savings Account,my marcus savings with discover was accessed by someone who changed my contact information and attempted to transfer out of my account when i reported this discover took weeks to investigate and temporarily restricted my access i am concerned about the security of their online banking platform and
10001762,Savings Account,the security of their online banking platform and how this person gained access
10001263,Savings Account,i tried to withdraw from my discover savings at ally bank and was told my account was frozen pending a security review no one informed me of any issues beforehand i had bills due and no access to my own money for weeks the customer service was unhelpful and could not tell me when the review would be
10001263,Savings Account,and could not tell me when the review would be completed
10000224,Credit Card,my discover it card from citibank suddenly had its credit limit reduced from to without any prior notification i have never missed a payment and my credit score is above when i called to ask why the representative could not give me a clear answer this reduction has negatively affected my credit
10000224,Credit Card,this reduction has negatively affected my credit utilization ratio and dropped my score by points
10000146,Credit Card,i applied for the discover it card specifically for the point signup bonus i met all the spending requirements within the specified timeframe but citibank has refused to credit my bonus points i have called times over the past months and each representative tells me something different i have all
10000146,Credit Card,tells me something different i have all receipts and statements showing i qualified
10001089,Personal Loan,i applied for a sofi personal loan with lendingclub and was denied despite having a credit score of and a stable income of per year the denial letter was vague citing insufficient credit history i have years of credit history with no delinquencies i believe this decision was made unfairly and
10001089,Personal Loan,i believe this decision was made unfairly and request a proper review
10000374,Credit Card,the rewards program on my amex gold card was changed without notice american express devalued the points by nearly making the annual fee of no longer worth it i specifically chose this card for its rewards structure and feel this is a baitandswitch tactic longtime customers should be grandfathered
10000374,Credit Card,tactic longtime customers should be grandfathered into the original rewards program
10001143,Personal Loan,i applied for a marcus loan with goldman sachs and was denied despite having a credit score of and a stable income of per year the denial letter was vague citing insufficient credit history i have years of credit history with no delinquencies i believe this decision was made unfairly and request a
10001143,Personal Loan,this decision was made unfairly and request a proper review
10002214,Money Transfer,i sent via venmo through bank of america to pay my landlord the money was deducted from my account but never received by the recipient it has been weeks and bank of america has not been able to locate the funds or provide a refund i am now at risk of eviction because my rent appears unpaid
10001951,Money Transfer,i sent via western union through western union to pay my landlord the money was deducted from my account but never received by the recipient it has been weeks and western union has not been able to locate the funds or provide a refund i am now at risk of eviction because my rent appears unpaid
10001275,Savings Account,synchrony charged me a monthly maintenance fee on my ally savings that was supposed to be free when i called to dispute they said i did not maintain the minimum balance of even though my statements show i was always above that threshold i want all fees refunded and a guarantee this will not happen
10001275,Savings Account,refunded and a guarantee this will not happen again
10001266,Savings Account,i have been trying to reach ally banks customer service about an issue with my synchrony savings for weeks wait times exceed minutes and i have been disconnected times after waiting when i finally got through the representative could not resolve my issue and told me to call back this level of
10001266,Savings Account,my issue and told me to call back this level of service is completely unacceptable for a bank holding my savings
10002068,Money Transfer,i sent via wire transfer through paypal to pay my landlord the money was deducted from my account but never received by the recipient it has been weeks and paypal has not been able to locate the funds or provide a refund i am now at risk of eviction because my rent appears unpaid
10001804,Savings Account,my marcus savings with ally bank was accessed by someone who changed my contact information and attempted to transfer out of my account when i reported this ally bank took weeks to investigate and temporarily restricted my access i am concerned about the security of their online banking platform and
10001804,Savings Account,the security of their online banking platform and how this person gained access
10000010,Credit Card,someone made fraudulent purchases on my citi double cash card totaling i reported this to american express immediately and they opened an investigation after weeks they denied my fraud claim saying the transactions appeared legitimate i have filed a police report and have evidence that i was in a
10000010,Credit Card,a police report and have evidence that i was in a different state when these transactions occurred
10000450,Credit Card,my citi double cash card from discover suddenly had its credit limit reduced from to without any prior notification i have never missed a payment and my credit score is above when i called to ask why the representative could not give me a clear answer this reduction has negatively affected my credit
10000450,Credit Card,this reduction has negatively affected my credit utilization ratio and dropped my score by points
10000709,Credit Card,i applied for the amex gold card specifically for the point signup bonus i met all the spending requirements within the specified timeframe but chase has refused to credit my bonus points i have called times over the past months and each representative tells me something different i have all
10000709,Credit Card,tells me something different i have all receipts and statements showing i qualified
10000256,Credit Card,someone made fraudulent purchases on my discover it card totaling i reported this to capital one immediately and they opened an investigation after weeks they denied my fraud claim saying the transactions appeared legitimate i have filed a police report and have evidence that i was in a different
10000256,Credit Card,and have evidence that i was in a different state when these transactions occurred
10000883,Personal Loan,i tried to make an extra payment on my lendingclub loan from prosper to pay down the principal faster their system automatically applied it to future payments instead of the principal balance after calling times each representative gave me different instructions i am paying more interest than
10000883,Personal Loan,instructions i am paying more interest than necessary because they will not properly apply my payments
10000390,Credit Card,someone made fraudulent purchases on my amex gold card totaling i reported this to citibank immediately and they opened an investigation after weeks they denied my fraud claim saying the transactions appeared legitimate i have filed a police report and have evidence that i was in a different state
10000390,Credit Card,and have evidence that i was in a different state when these transactions occurred
10001711,Savings Account,my chase savings with synchrony was accessed by someone who changed my contact information and attempted to transfer out of my account when i reported this synchrony took weeks to investigate and temporarily restricted my access i am concerned about the security of their online banking platform and
10001711,Savings Account,the security of their online banking platform and how this person gained access
10002217,Money Transfer,i sent via venmo through zelle to pay my landlord the money was deducted from my account but never received by the recipient it has been weeks and zelle has not been able to locate the funds or provide a refund i am now at risk of eviction because my rent appears unpaid
10001582,Savings Account,discover charged me a monthly maintenance fee on my chase savings that was supposed to be free when i called to dispute they said i did not maintain the minimum balance of even though my statements show i was always above that threshold i want all fees refunded and a guarantee this will not happen
10001582,Savings Account,refunded and a guarantee this will not happen again
10000909,Personal Loan,sofi sold my lendingclub loan loan to a thirdparty debt collector without notifying me the collector is now adding additional fees and interest that were not part of my original agreement they call me times per day including on weekends and have been rude and threatening this is harassment and a
10000909,Personal Loan,rude and threatening this is harassment and a violation of fair debt collection practices
10000925,Personal Loan,upstart sold my lendingclub loan loan to a thirdparty debt collector without notifying me the collector is now adding additional fees and interest that were not part of my original agreement they call me times per day including on weekends and have been rude and threatening this is harassment and a
10000925,Personal Loan,rude and threatening this is harassment and a violation of fair debt collection practices
10000752,Credit Card,someone made fraudulent purchases on my amex gold card totaling i reported this to chase immediately and they opened an investigation after weeks they denied my fraud claim saying the transactions appeared legitimate i have filed a police report and have evidence that i was in a different state when
10000752,Credit Card,evidence that i was in a different state when these transactions occurred
10001958,Money Transfer,i sent via zelle through western union to pay my landlord the money was deducted from my account but never received by the recipient it has been weeks and western union has not been able to locate the funds or provide a refund i am now at risk of eviction because my rent appears unpaid
10000461,Credit Card,i noticed a charge of on my capital one venture statement from i did not authorize this transaction and have been trying to resolve it with citibank for weeks they keep transferring me between departments and no one takes responsibility i have provided documentation proving i was not at the merchant
10000461,Credit Card,documentation proving i was not at the merchant location this is extremely frustrating and i need this resolved immediately
10002101,Money Transfer,bank of america charged me a fee for a venmo transfer that was advertised as free the fee was hidden in the exchange rate markup and only visible after carefully comparing the rates the actual exchange rate applied was worse than the market rate this is deceptive and the total hidden cost was
10001225,Savings Account,i opened a marcus savings with discover because they advertised a apy after three months the rate was quietly dropped to without notification when i called they said the promotional rate had expired but this was never clearly communicated at account opening i moved into this account specifically for
10001225,Savings Account,i moved into this account specifically for the higher rate
10001169,Personal Loan,i tried to make an extra payment on my upstart loan from upstart to pay down the principal faster their system automatically applied it to future payments instead of the principal balance after calling times each representative gave me different instructions i am paying more interest than necessary
10001169,Personal Loan,i am paying more interest than necessary because they will not properly apply my payments
10000959,Personal Loan,i have been making regular payments on my sofi personal loan from goldman sachs for months last month they claimed they did not receive my payment even though my bank shows it was debited they charged me a late fee and reported a missed payment to the credit bureaus dropping my score by points i
10000959,Personal Loan,the credit bureaus dropping my score by points i need this corrected immediately
10000502,Credit Card,the rewards program on my citi double cash card was changed without notice capital one devalued the points by nearly making the annual fee of no longer worth it i specifically chose this card for its rewards structure and feel this is a baitandswitch tactic longtime customers should be grandfathered
10000502,Credit Card,tactic longtime customers should be grandfathered into the original rewards program
10000740,Credit Card,someone made fraudulent purchases on my capital one venture card totaling i reported this to chase immediately and they opened an investigation after weeks they denied my fraud claim saying the transactions appeared legitimate i have filed a police report and have evidence that i was in a different
10000740,Credit Card,and have evidence that i was in a different state when these transactions occurred
10000041,Credit Card,i applied for the chase sapphire card specifically for the point signup bonus i met all the spending requirements within the specified timeframe but citibank has refused to credit my bonus points i have called times over the past months and each representative tells me something different i have all
10000041,Credit Card,tells me something different i have all receipts and statements showing i qualified
10000732,Credit Card,american express charged me a late fee on my citi double cash card even though i made my payment on time my bank records show the payment was initiated days before the due date when i called to dispute they said the payment was received one day late due to processing time this is unacceptable i
10000732,Credit Card,due to processing time this is unacceptable i should not be penalized for their slow processing system
10000540,Credit Card,american express charged me a late fee on my discover it card even though i made my payment on time my bank records show the payment was initiated days before the due date when i called to dispute they said the payment was received one day late due to processing time this is unacceptable i should
10000540,Credit Card,to processing time this is unacceptable i should not be penalized for their slow processing system
10001340,Savings Account,chase closed my chase savings account without warning citing business reasons i had in the account and it took weeks to receive a cashiers check no explanation was ever provided for the closure i have been a customer for years with no suspicious activity on the account
10000698,Credit Card,i noticed a charge of on my capital one venture statement from i did not authorize this transaction and have been trying to resolve it with chase for weeks they keep transferring me between departments and no one takes responsibility i have provided documentation proving i was not at the merchant
10000698,Credit Card,documentation proving i was not at the merchant location this is extremely frustrating and i need this resolved immediately
10002031,Money Transfer,venmo charged me a fee for a venmo transfer that was advertised as free the fee was hidden in the exchange rate markup and only visible after carefully comparing the rates the actual exchange rate applied was worse than the market rate this is deceptive and the total hidden cost was
10001794,Savings Account,goldman sachs charged me a monthly maintenance fee on my synchrony savings that was supposed to be free when i called to dispute they said i did not maintain the minimum balance of even though my statements show i was always above that threshold i want all fees refunded and a guarantee this will not
10001794,Savings Account,all fees refunded and a guarantee this will not happen again
10001372,Savings Account,discover charged me a monthly maintenance fee on my ally savings that was supposed to be free when i called to dispute they said i did not maintain the minimum balance of even though my statements show i was always above that threshold i want all fees refunded and a guarantee this will not happen
10001372,Savings Account,refunded and a guarantee this will not happen again
10001146,Personal Loan,i tried to make an extra payment on my upstart loan from sofi to pay down the principal faster their system automatically applied it to future payments instead of the principal balance after calling times each representative gave me different instructions i am paying more interest than necessary
10001146,Personal Loan,i am paying more interest than necessary because they will not properly apply my payments
10001032,Personal Loan,goldman sachs sold my marcus loan loan to a thirdparty debt collector without notifying me the collector is now adding additional fees and interest that were not part of my original agreement they call me times per day including on weekends and have been rude and threatening this is harassment and a
10001032,Personal Loan,rude and threatening this is harassment and a violation of fair debt collection practices
10000373,Credit Card,i applied for the chase sapphire card specifically for the point signup bonus i met all the spending requirements within the specified timeframe but chase has refused to credit my bonus points i have called times over the past months and each representative tells me something different i have all
10000373,Credit Card,tells me something different i have all receipts and statements showing i qualified
10000668,Credit Card,discover charged me a late fee on my citi double cash card even though i made my payment on time my bank records show the payment was initiated days before the due date when i called to dispute they said the payment was received one day late due to processing time this is unacceptable i should not
10000668,Credit Card,processing time this is unacceptable i should not be penalized for their slow processing system
10001432,Savings Account,i opened a discover savings with ally bank because they advertised a apy after three months the rate was quietly dropped to without notification when i called they said the promotional rate had expired but this was never clearly communicated at account opening i moved into this account specifically
10001432,Savings Account,opening i moved into this account specifically for the higher rate
10001990,Money Transfer,paypal charged me a fee for a venmo transfer that was advertised as free the fee was hidden in the exchange rate markup and only visible after carefully comparing the rates the actual exchange rate applied was worse than the market rate this is deceptive and the total hidden cost was
10000358,Credit Card,i noticed a charge of on my amex gold statement from i did not authorize this transaction and have been trying to resolve it with citibank for weeks they keep transferring me between departments and no one takes responsibility i have provided documentation proving i was not at the merchant location
10000358,Credit Card,proving i was not at the merchant location this is extremely frustrating and i need this resolved immediately
10000968,Personal Loan,i tried to make an extra payment on my marcus loan from sofi to pay down the principal faster their system automatically applied it to future payments instead of the principal balance after calling times each representative gave me different instructions i am paying more interest than necessary
10000968,Personal Loan,i am paying more interest than necessary because they will not properly apply my payments
10000784,Credit Card,i have been a loyal chase sapphire cardholder with capital one for over years recently i noticed my interest rate was increased from to without adequate explanation i have excellent payment history and no late payments other companies are offering much lower rates i am considering closing this
10000784,Credit Card,much lower rates i am considering closing this account if the rate is not adjusted
10000736,Credit Card,i have been a loyal chase sapphire cardholder with chase for over years recently i noticed my interest rate was increased from to without adequate explanation i have excellent payment history and no late payments other companies are offering much lower rates i am considering closing this account if
10000736,Credit Card,rates i am considering closing this account if the rate is not adjusted
10001354,Savings Account,i opened a chase savings with synchrony because they advertised a apy after three months the rate was quietly dropped to without notification when i called they said the promotional rate had expired but this was never clearly communicated at account opening i moved into this account specifically for
10001354,Savings Account,i moved into this account specifically for the higher rate
10001036,Personal Loan,i applied for a sofi personal loan with upstart and was denied despite having a credit score of and a stable income of per year the denial letter was vague citing insufficient credit history i have years of credit history with no delinquencies i believe this decision was made unfairly and request a
10001036,Personal Loan,this decision was made unfairly and request a proper review
10000971,Personal Loan,the total cost of my upstart loan from upstart ended up being which is nearly times the original loan amount of the interest rate of combined with various processing fees and insurance charges that were added without my clear consent have made this loan predatory in my opinion
10001988,Money Transfer,i was contacted by someone claiming to be from my banks fraud department they convinced me to send via wire transfer to secure my account i later realized this was a scam and immediately contacted paypal they refused to reverse the transaction saying wire transfer transfers are final i believe
10001988,Money Transfer,wire transfer transfers are final i believe paypal should have better fraud protection mechanisms
10001942,Money Transfer,i sent via paypal through paypal to pay my landlord the money was deducted from my account but never received by the recipient it has been weeks and paypal has not been able to locate the funds or provide a refund i am now at risk of eviction because my rent appears unpaid
10002177,Money Transfer,i initiated an international transfer of through western unions venmo service the estimated delivery was days but after weeks the money has still not arrived each time i call they say it is being processed meanwhile the exchange rate has changed significantly costing me an additional in value
10002156,Money Transfer,i accidentally sent to the wrong person through western union via zelle i realized the error within minutes and immediately contacted them to cancel they said the transaction was already completed and they cannot reverse it they suggested i ask the recipient nicely to send it back this is an
10002156,Money Transfer,the recipient nicely to send it back this is an unacceptable response for such a large amount
10001397,Savings Account,discover charged me a monthly maintenance fee on my synchrony savings that was supposed to be free when i called to dispute they said i did not maintain the minimum balance of even though my statements show i was always above that threshold i want all fees refunded and a guarantee this will not
10001397,Savings Account,all fees refunded and a guarantee this will not happen again
10001537,Savings Account,i opened a ally savings with chase because they advertised a apy after three months the rate was quietly dropped to without notification when i called they said the promotional rate had expired but this was never clearly communicated at account opening i moved into this account specifically for the
10001537,Savings Account,i moved into this account specifically for the higher rate
10001979,Money Transfer,paypal charged me a fee for a wire transfer transfer that was advertised as free the fee was hidden in the exchange rate markup and only visible after carefully comparing the rates the actual exchange rate applied was worse than the market rate this is deceptive and the total hidden cost was
10002131,Money Transfer,i initiated an international transfer of through western unions venmo service the estimated delivery was days but after weeks the money has still not arrived each time i call they say it is being processed meanwhile the exchange rate has changed significantly costing me an additional in value
10001550,Savings Account,i opened a synchrony savings with ally bank because they advertised a apy after three months the rate was quietly dropped to without notification when i called they said the promotional rate had expired but this was never clearly communicated at account opening i moved into this account specifically
10001550,Savings Account,opening i moved into this account specifically for the higher rate
10001329,Savings Account,i have been trying to reach chases customer service about an issue with my chase savings for weeks wait times exceed minutes and i have been disconnected times after waiting when i finally got through the representative could not resolve my issue and told me to call back this level of service is
10001329,Savings Account,and told me to call back this level of service is completely unacceptable for a bank holding my savings
10001871,Money Transfer,western union charged me a fee for a venmo transfer that was advertised as free the fee was hidden in the exchange rate markup and only visible after carefully comparing the rates the actual exchange rate applied was worse than the market rate this is deceptive and the total hidden cost was
10001947,Money Transfer,my account was frozen by western union after i made a wire transfer transfer of they claimed the transaction was flagged for suspicious activity but i was simply sending money to my family overseas which i do every month it took weeks to get my account unfrozen and i had to provide extensive
10001947,Money Transfer,account unfrozen and i had to provide extensive documentation including pay stubs and tax returns
10001426,Savings Account,i have been trying to reach goldman sachss customer service about an issue with my synchrony savings for weeks wait times exceed minutes and i have been disconnected times after waiting when i finally got through the representative could not resolve my issue and told me to call back this level of
10001426,Savings Account,my issue and told me to call back this level of service is completely unacceptable for a bank holding my savings
10001465,Savings Account,goldman sachs charged me a monthly maintenance fee on my chase savings that was supposed to be free when i called to dispute they said i did not maintain the minimum balance of even though my statements show i was always above that threshold i want all fees refunded and a guarantee this will not
10001465,Savings Account,all fees refunded and a guarantee this will not happen again
10001556,Savings Account,i tried to withdraw from my discover savings at ally bank and was told my account was frozen pending a security review no one informed me of any issues beforehand i had bills due and no access to my own money for weeks the customer service was unhelpful and could not tell me when the review would be
10001556,Savings Account,and could not tell me when the review would be completed
10001251,Savings Account,i tried to withdraw from my synchrony savings at synchrony and was told my account was frozen pending a security review no one informed me of any issues beforehand i had bills due and no access to my own money for weeks the customer service was unhelpful and could not tell me when the review would
10001251,Savings Account,and could not tell me when the review would be completed
10001253,Savings Account,i have been trying to reach discovers customer service about an issue with my discover savings for weeks wait times exceed minutes and i have been disconnected times after waiting when i finally got through the representative could not resolve my issue and told me to call back this level of service
10001253,Savings Account,and told me to call back this level of service is completely unacceptable for a bank holding my savings
10002245,Money Transfer,my account was frozen by zelle after i made a western union transfer of they claimed the transaction was flagged for suspicious activity but i was simply sending money to my family overseas which i do every month it took weeks to get my account unfrozen and i had to provide extensive documentation
10002245,Money Transfer,and i had to provide extensive documentation including pay stubs and tax returns
10002145,Money Transfer,i initiated an international transfer of through zelles venmo service the estimated delivery was days but after weeks the money has still not arrived each time i call they say it is being processed meanwhile the exchange rate has changed significantly costing me an additional in value
10001237,Savings Account,goldman sachs charged me a monthly maintenance fee on my chase savings that was supposed to be free when i called to dispute they said i did not maintain the minimum balance of even though my statements show i was always above that threshold i want all fees refunded and a guarantee this will not
10001237,Savings Account,all fees refunded and a guarantee this will not happen again
10000886,Personal Loan,i tried to make an extra payment on my sofi personal loan from prosper to pay down the principal faster their system automatically applied it to future payments instead of the principal balance after calling times each representative gave me different instructions i am paying more interest than
10000886,Personal Loan,instructions i am paying more interest than necessary because they will not properly apply my payments
10000080,Credit Card,my discover it card from capital one suddenly had its credit limit reduced from to without any prior notification i have never missed a payment and my credit score is above when i called to ask why the representative could not give me a clear answer this reduction has negatively affected my credit
10000080,Credit Card,this reduction has negatively affected my credit utilization ratio and dropped my score by points
10001173,Personal Loan,i applied for a prosper loan with prosper and was denied despite having a credit score of and a stable income of per year the denial letter was vague citing insufficient credit history i have years of credit history with no delinquencies i believe this decision was made unfairly and request a proper
10001173,Personal Loan,decision was made unfairly and request a proper review
10001670,Savings Account,chase charged me a monthly maintenance fee on my chase savings that was supposed to be free when i called to dispute they said i did not maintain the minimum balance of even though my statements show i was always above that threshold i want all fees refunded and a guarantee this will not happen
10001670,Savings Account,refunded and a guarantee this will not happen again
10000672,Credit Card,my chase sapphire card from capital one suddenly had its credit limit reduced from to without any prior notification i have never missed a payment and my credit score is above when i called to ask why the representative could not give me a clear answer this reduction has negatively affected my
10000672,Credit Card,answer this reduction has negatively affected my credit utilization ratio and dropped my score by points
10001997,Money Transfer,i was contacted by someone claiming to be from my banks fraud department they convinced me to send via paypal to secure my account i later realized this was a scam and immediately contacted zelle they refused to reverse the transaction saying paypal transfers are final i believe zelle should have
10001997,Money Transfer,transfers are final i believe zelle should have better fraud protection mechanisms
10000058,Credit Card,i applied for the amex gold card specifically for the point signup bonus i met all the spending requirements within the specified timeframe but discover has refused to credit my bonus points i have called times over the past months and each representative tells me something different i have all
10000058,Credit Card,tells me something different i have all receipts and statements showing i qualified
10000134,Credit Card,the rewards program on my discover it card was changed without notice discover devalued the points by nearly making the annual fee of no longer worth it i specifically chose this card for its rewards structure and feel this is a baitandswitch tactic longtime customers should be grandfathered into
10000134,Credit Card,longtime customers should be grandfathered into the original rewards program
10001141,Personal Loan,i have been making regular payments on my marcus loan from prosper for months last month they claimed they did not receive my payment even though my bank shows it was debited they charged me a late fee and reported a missed payment to the credit bureaus dropping my score by points i need this
10001141,Personal Loan,bureaus dropping my score by points i need this corrected immediately
10000934,Personal Loan,i applied for a sofi personal loan with goldman sachs and was denied despite having a credit score of and a stable income of per year the denial letter was vague citing insufficient credit history i have years of credit history with no delinquencies i believe this decision was made unfairly and
10000934,Personal Loan,i believe this decision was made unfairly and request a proper review
10000929,Personal Loan,sofi sold my lendingclub loan loan to a thirdparty debt collector without notifying me the collector is now adding additional fees and interest that were not part of my original agreement they call me times per day including on weekends and have been rude and threatening this is harassment and a
10000929,Personal Loan,rude and threatening this is harassment and a violation of fair debt collection practices
10001433,Savings Account,my ally savings with ally bank was accessed by someone who changed my contact information and attempted to transfer out of my account when i reported this ally bank took weeks to investigate and temporarily restricted my access i am concerned about the security of their online banking platform and
10001433,Savings Account,the security of their online banking platform and how this person gained access
10001777,Savings Account,goldman sachs charged me a monthly maintenance fee on my marcus savings that was supposed to be free when i called to dispute they said i did not maintain the minimum balance of even though my statements show i was always above that threshold i want all fees refunded and a guarantee this will not
10001777,Savings Account,all fees refunded and a guarantee this will not happen again
10001532,Savings Account,discover charged me a monthly maintenance fee on my marcus savings that was supposed to be free when i called to dispute they said i did not maintain the minimum balance of even though my statements show i was always above that threshold i want all fees refunded and a guarantee this will not happen
10001532,Savings Account,refunded and a guarantee this will not happen again
10001215,Savings Account,i tried to withdraw from my discover savings at chase and was told my account was frozen pending a security review no one informed me of any issues beforehand i had bills due and no access to my own money for weeks the customer service was unhelpful and could not tell me when the review would be
10001215,Savings Account,and could not tell me when the review would be completed
10000505,Credit Card,i applied for the discover it card specifically for the point signup bonus i met all the spending requirements within the specified timeframe but discover has refused to credit my bonus points i have called times over the past months and each representative tells me something different i have all
10000505,Credit Card,tells me something different i have all receipts and statements showing i qualified
10000348,Credit Card,capital one charged me a late fee on my amex gold card even though i made my payment on time my bank records show the payment was initiated days before the due date when i called to dispute they said the payment was received one day late due to processing time this is unacceptable i should not be
10000348,Credit Card,time this is unacceptable i should not be penalized for their slow processing system
10000387,Credit Card,someone made fraudulent purchases on my citi double cash card totaling i reported this to citibank immediately and they opened an investigation after weeks they denied my fraud claim saying the transactions appeared legitimate i have filed a police report and have evidence that i was in a different
10000387,Credit Card,and have evidence that i was in a different state when these transactions occurred
10001025,Personal Loan,i tried to make an extra payment on my upstart loan from goldman sachs to pay down the principal faster their system automatically applied it to future payments instead of the principal balance after calling times each representative gave me different instructions i am paying more interest than
10001025,Personal Loan,instructions i am paying more interest than necessary because they will not properly apply my payments
10001385,Savings Account,i opened a marcus savings with ally bank because they advertised a apy after three months the rate was quietly dropped to without notification when i called they said the promotional rate had expired but this was never clearly communicated at account opening i moved into this account specifically
10001385,Savings Account,opening i moved into this account specifically for the higher rate
10000895,Personal Loan,prosper sold my marcus loan loan to a thirdparty debt collector without notifying me the collector is now adding additional fees and interest that were not part of my original agreement they call me times per day including on weekends and have been rude and threatening this is harassment and a
10000895,Personal Loan,rude and threatening this is harassment and a violation of fair debt collection practices
10002252,Money Transfer,i initiated an international transfer of through venmos wire transfer service the estimated delivery was days but after weeks the money has still not arrived each time i call they say it is being processed meanwhile the exchange rate has changed significantly costing me an additional in value
10000476,Credit Card,i noticed a charge of on my capital one venture statement from i did not authorize this transaction and have been trying to resolve it with citibank for weeks they keep transferring me between departments and no one takes responsibility i have provided documentation proving i was not at the merchant
10000476,Credit Card,documentation proving i was not at the merchant location this is extremely frustrating and i need this resolved immediately
10001919,Money Transfer,venmo charged me a fee for a western union transfer that was advertised as free the fee was hidden in the exchange rate markup and only visible after carefully comparing the rates the actual exchange rate applied was worse than the market rate this is deceptive and the total hidden cost was
10001913,Money Transfer,i sent via western union through zelle to pay my landlord the money was deducted from my account but never received by the recipient it has been weeks and zelle has not been able to locate the funds or provide a refund i am now at risk of eviction because my rent appears unpaid
10001890,Money Transfer,bank of america charged me a fee for a zelle transfer that was advertised as free the fee was hidden in the exchange rate markup and only visible after carefully comparing the rates the actual exchange rate applied was worse than the market rate this is deceptive and the total hidden cost was
10002194,Money Transfer,paypal charged me a fee for a wire transfer transfer that was advertised as free the fee was hidden in the exchange rate markup and only visible after carefully comparing the rates the actual exchange rate applied was worse than the market rate this is deceptive and the total hidden cost was
10000653,Credit Card,the rewards program on my capital one venture card was changed without notice american express devalued the points by nearly making the annual fee of no longer worth it i specifically chose this card for its rewards structure and feel this is a baitandswitch tactic longtime customers should be
10000653,Credit Card,baitandswitch tactic longtime customers should be grandfathered into the original rewards program
10000173,Credit Card,i have been a loyal amex gold cardholder with american express for over years recently i noticed my interest rate was increased from to without adequate explanation i have excellent payment history and no late payments other companies are offering much lower rates i am considering closing this
10000173,Credit Card,much lower rates i am considering closing this account if the rate is not adjusted
10001475,Savings Account,ally bank closed my synchrony savings account without warning citing business reasons i had in the account and it took weeks to receive a cashiers check no explanation was ever provided for the closure i have been a customer for years with no suspicious activity on the account
10001150,Personal Loan,i applied for a prosper loan with lendingclub and was denied despite having a credit score of and a stable income of per year the denial letter was vague citing insufficient credit history i have years of credit history with no delinquencies i believe this decision was made unfairly and request a
10001150,Personal Loan,this decision was made unfairly and request a proper review
10000039,Credit Card,chase charged me a late fee on my capital one venture card even though i made my payment on time my bank records show the payment was initiated days before the due date when i called to dispute they said the payment was received one day late due to processing time this is unacceptable i should not
10000039,Credit Card,processing time this is unacceptable i should not be penalized for their slow processing system
10001555,Savings Account,discover closed my ally savings account without warning citing business reasons i had in the account and it took weeks to receive a cashiers check no explanation was ever provided for the closure i have been a customer for years with no suspicious activity on the account
10000714,Credit Card,discover charged me a late fee on my amex gold card even though i made my payment on time my bank records show the payment was initiated days before the due date when i called to dispute they said the payment was received one day late due to processing time this is unacceptable i should not be
10000714,Credit Card,time this is unacceptable i should not be penalized for their slow processing system
10000091,Credit Card,the rewards program on my amex gold card was changed without notice american express devalued the points by nearly making the annual fee of no longer worth it i specifically chose this card for its rewards structure and feel this is a baitandswitch tactic longtime customers should be grandfathered
10000091,Credit Card,tactic longtime customers should be grandfathered into the original rewards program
10000167,Credit Card,someone made fraudulent purchases on my discover it card totaling i reported this to chase immediately and they opened an investigation after weeks they denied my fraud claim saying the transactions appeared legitimate i have filed a police report and have evidence that i was in a different state
10000167,Credit Card,and have evidence that i was in a different state when these transactions occurred
10002037,Money Transfer,venmo charged me a fee for a paypal transfer that was advertised as free the fee was hidden in the exchange rate markup and only visible after carefully comparing the rates the actual exchange rate applied was worse than the market rate this is deceptive and the total hidden cost was
10002120,Money Transfer,i was contacted by someone claiming to be from my banks fraud department they convinced me to send via wire transfer to secure my account i later realized this was a scam and immediately contacted paypal they refused to reverse the transaction saying wire transfer transfers are final i believe
10002120,Money Transfer,wire transfer transfers are final i believe paypal should have better fraud protection mechanisms
10002251,Money Transfer,i was contacted by someone claiming to be from my banks fraud department they convinced me to send via western union to secure my account i later realized this was a scam and immediately contacted zelle they refused to reverse the transaction saying western union transfers are final i believe zelle
10002251,Money Transfer,western union transfers are final i believe zelle should have better fraud protection mechanisms
10001094,Personal Loan,i took out a personal loan of with lendingclub through their marcus loan program the advertised rate was but after approval i was given the terms were buried in fine print and the loan officer rushed me through the signing process i am now paying per month which is more than what was originally
10001094,Personal Loan,per month which is more than what was originally quoted
10001156,Personal Loan,i applied for a marcus loan with upstart and was denied despite having a credit score of and a stable income of per year the denial letter was vague citing insufficient credit history i have years of credit history with no delinquencies i believe this decision was made unfairly and request a proper
10001156,Personal Loan,decision was made unfairly and request a proper review
10001325,Savings Account,my ally savings with goldman sachs was accessed by someone who changed my contact information and attempted to transfer out of my account when i reported this goldman sachs took weeks to investigate and temporarily restricted my access i am concerned about the security of their online banking
10001325,Savings Account,about the security of their online banking platform and how this person gained access
10001773,Savings Account,my discover savings with discover was accessed by someone who changed my contact information and attempted to transfer out of my account when i reported this discover took weeks to investigate and temporarily restricted my access i am concerned about the security of their online banking platform and
10001773,Savings Account,the security of their online banking platform and how this person gained access
10001351,Savings Account,discover closed my synchrony savings account without warning citing business reasons i had in the account and it took weeks to receive a cashiers check no explanation was ever provided for the closure i have been a customer for years with no suspicious activity on the account
10000511,Credit Card,citibank charged me a late fee on my chase sapphire card even though i made my payment on time my bank records show the payment was initiated days before the due date when i called to dispute they said the payment was received one day late due to processing time this is unacceptable i should not be
10000511,Credit Card,time this is unacceptable i should not be penalized for their slow processing system
10001681,Savings Account,ally bank closed my marcus savings account without warning citing business reasons i had in the account and it took weeks to receive a cashiers check no explanation was ever provided for the closure i have been a customer for years with no suspicious activity on the account
10000500,Credit Card,i have been a loyal citi double cash cardholder with discover for over years recently i noticed my interest rate was increased from to without adequate explanation i have excellent payment history and no late payments other companies are offering much lower rates i am considering closing this
10000500,Credit Card,much lower rates i am considering closing this account if the rate is not adjusted
10001766,Savings Account,my marcus savings with goldman sachs was accessed by someone who changed my contact information and attempted to transfer out of my account when i reported this goldman sachs took weeks to investigate and temporarily restricted my access i am concerned about the security of their online banking
10001766,Savings Account,about the security of their online banking platform and how this person gained access
10001389,Savings Account,i opened a synchrony savings with synchrony because they advertised a apy after three months the rate was quietly dropped to without notification when i called they said the promotional rate had expired but this was never clearly communicated at account opening i moved into this account specifically
10001389,Savings Account,opening i moved into this account specifically for the higher rate
10001520,Savings Account,goldman sachs closed my discover savings account without warning citing business reasons i had in the account and it took weeks to receive a cashiers check no explanation was ever provided for the closure i have been a customer for years with no suspicious activity on the account
10001672,Savings Account,chase charged me a monthly maintenance fee on my chase savings that was supposed to be free when i called to dispute they said i did not maintain the minimum balance of even though my statements show i was always above that threshold i want all fees refunded and a guarantee this will not happen
10001672,Savings Account,refunded and a guarantee this will not happen again
10000339,Credit Card,someone made fraudulent purchases on my discover it card totaling i reported this to chase immediately and they opened an investigation after weeks they denied my fraud claim saying the transactions appeared legitimate i have filed a police report and have evidence that i was in a different state
10000339,Credit Card,and have evidence that i was in a different state when these transactions occurred
10002099,Money Transfer,my account was frozen by venmo after i made a western union transfer of they claimed the transaction was flagged for suspicious activity but i was simply sending money to my family overseas which i do every month it took weeks to get my account unfrozen and i had to provide extensive documentation
10002099,Money Transfer,and i had to provide extensive documentation including pay stubs and tax returns
10000029,Credit Card,i noticed a charge of on my discover it statement from i did not authorize this transaction and have been trying to resolve it with capital one for weeks they keep transferring me between departments and no one takes responsibility i have provided documentation proving i was not at the merchant
10000029,Credit Card,documentation proving i was not at the merchant location this is extremely frustrating and i need this resolved immediately
10001541,Savings Account,my marcus savings with ally bank was accessed by someone who changed my contact information and attempted to transfer out of my account when i reported this ally bank took weeks to investigate and temporarily restricted my access i am concerned about the security of their online banking platform and
10001541,Savings Account,the security of their online banking platform and how this person gained access
10001218,Savings Account,my marcus savings with synchrony was accessed by someone who changed my contact information and attempted to transfer out of my account when i reported this synchrony took weeks to investigate and temporarily restricted my access i am concerned about the security of their online banking platform and
10001218,Savings Account,the security of their online banking platform and how this person gained access
10001725,Savings Account,i have been trying to reach chases customer service about an issue with my chase savings for weeks wait times exceed minutes and i have been disconnected times after waiting when i finally got through the representative could not resolve my issue and told me to call back this level of service is
10001725,Savings Account,and told me to call back this level of service is completely unacceptable for a bank holding my savings
10000795,Credit Card,the rewards program on my amex gold card was changed without notice american express devalued the points by nearly making the annual fee of no longer worth it i specifically chose this card for its rewards structure and feel this is a baitandswitch tactic longtime customers should be grandfathered
10000795,Credit Card,tactic longtime customers should be grandfathered into the original rewards program
10000946,Personal Loan,i tried to make an extra payment on my upstart loan from lendingclub to pay down the principal faster their system automatically applied it to future payments instead of the principal balance after calling times each representative gave me different instructions i am paying more interest than
10000946,Personal Loan,instructions i am paying more interest than necessary because they will not properly apply my payments
10001922,Money Transfer,i sent via wire transfer through bank of america to pay my landlord the money was deducted from my account but never received by the recipient it has been weeks and bank of america has not been able to locate the funds or provide a refund i am now at risk of eviction because my rent appears unpaid
10000170,Credit Card,the rewards program on my citi double cash card was changed without notice chase devalued the points by nearly making the annual fee of no longer worth it i specifically chose this card for its rewards structure and feel this is a baitandswitch tactic longtime customers should be grandfathered into
10000170,Credit Card,longtime customers should be grandfathered into the original rewards program
10001677,Savings Account,i opened a ally savings with goldman sachs because they advertised a apy after three months the rate was quietly dropped to without notification when i called they said the promotional rate had expired but this was never clearly communicated at account opening i moved into this account specifically
10001677,Savings Account,opening i moved into this account specifically for the higher rate
10001543,Savings Account,i opened a synchrony savings with chase because they advertised a apy after three months the rate was quietly dropped to without notification when i called they said the promotional rate had expired but this was never clearly communicated at account opening i moved into this account specifically for
10001543,Savings Account,i moved into this account specifically for the higher rate
10001254,Savings Account,synchrony closed my ally savings account without warning citing business reasons i had in the account and it took weeks to receive a cashiers check no explanation was ever provided for the closure i have been a customer for years with no suspicious activity on the account
10000913,Personal Loan,i applied for a sofi personal loan with sofi and was denied despite having a credit score of and a stable income of per year the denial letter was vague citing insufficient credit history i have years of credit history with no delinquencies i believe this decision was made unfairly and request a
10000913,Personal Loan,this decision was made unfairly and request a proper review
10000492,Credit Card,i have been a loyal capital one venture cardholder with discover for over years recently i noticed my interest rate was increased from to without adequate explanation i have excellent payment history and no late payments other companies are offering much lower rates i am considering closing this
10000492,Credit Card,much lower rates i am considering closing this account if the rate is not adjusted
10000954,Personal Loan,prosper sold my lendingclub loan loan to a thirdparty debt collector without notifying me the collector is now adding additional fees and interest that were not part of my original agreement they call me times per day including on weekends and have been rude and threatening this is harassment and a
10000954,Personal Loan,rude and threatening this is harassment and a violation of fair debt collection practices
10001098,Personal Loan,i took out a personal loan of with lendingclub through their lendingclub loan program the advertised rate was but after approval i was given the terms were buried in fine print and the loan officer rushed me through the signing process i am now paying per month which is more than what was originally
10001098,Personal Loan,per month which is more than what was originally quoted
10001033,Personal Loan,upstart sold my lendingclub loan loan to a thirdparty debt collector without notifying me the collector is now adding additional fees and interest that were not part of my original agreement they call me times per day including on weekends and have been rude and threatening this is harassment and a
10001033,Personal Loan,rude and threatening this is harassment and a violation of fair debt collection practices
10000588,Credit Card,i noticed a charge of on my amex gold statement from i did not authorize this transaction and have been trying to resolve it with discover for weeks they keep transferring me between departments and no one takes responsibility i have provided documentation proving i was not at the merchant location
10000588,Credit Card,proving i was not at the merchant location this is extremely frustrating and i need this resolved immediately
10000751,Credit Card,someone made fraudulent purchases on my chase sapphire card totaling i reported this to citibank immediately and they opened an investigation after weeks they denied my fraud claim saying the transactions appeared legitimate i have filed a police report and have evidence that i was in a different
10000751,Credit Card,and have evidence that i was in a different state when these transactions occurred
10000658,Credit Card,someone made fraudulent purchases on my chase sapphire card totaling i reported this to citibank immediately and they opened an investigation after weeks they denied my fraud claim saying the transactions appeared legitimate i have filed a police report and have evidence that i was in a different
10000658,Credit Card,and have evidence that i was in a different state when these transactions occurred
10000235,Credit Card,capital one charged me a late fee on my amex gold card even though i made my payment on time my bank records show the payment was initiated days before the due date when i called to dispute they said the payment was received one day late due to processing time this is unacceptable i should not be
10000235,Credit Card,time this is unacceptable i should not be penalized for their slow processing system
10000733,Credit Card,i noticed a charge of on my capital one venture statement from i did not authorize this transaction and have been trying to resolve it with citibank for weeks they keep transferring me between departments and no one takes responsibility i have provided documentation proving i was not at the merchant
10000733,Credit Card,documentation proving i was not at the merchant location this is extremely frustrating and i need this resolved immediately
10001157,Personal Loan,i tried to make an extra payment on my prosper loan from goldman sachs to pay down the principal faster their system automatically applied it to future payments instead of the principal balance after calling times each representative gave me different instructions i am paying more interest than
10001157,Personal Loan,instructions i am paying more interest than necessary because they will not properly apply my payments
10001918,Money Transfer,my account was frozen by zelle after i made a western union transfer of they claimed the transaction was flagged for suspicious activity but i was simply sending money to my family overseas which i do every month it took weeks to get my account unfrozen and i had to provide extensive documentation
10001918,Money Transfer,and i had to provide extensive documentation including pay stubs and tax returns
10002086,Money Transfer,i sent via paypal through zelle to pay my landlord the money was deducted from my account but never received by the recipient it has been weeks and zelle has not been able to locate the funds or provide a refund i am now at risk of eviction because my rent appears unpaid
10000935,Personal Loan,i took out a personal loan of with lendingclub through their sofi personal loan program the advertised rate was but after approval i was given the terms were buried in fine print and the loan officer rushed me through the signing process i am now paying per month which is more than what was
10000935,Personal Loan,now paying per month which is more than what was originally quoted
10001066,Personal Loan,lendingclub sold my sofi personal loan loan to a thirdparty debt collector without notifying me the collector is now adding additional fees and interest that were not part of my original agreement they call me times per day including on weekends and have been rude and threatening this is harassment
10001066,Personal Loan,have been rude and threatening this is harassment and a violation of fair debt collection practices
10001717,Savings Account,ally bank closed my discover savings account without warning citing business reasons i had in the account and it took weeks to receive a cashiers check no explanation was ever provided for the closure i have been a customer for years with no suspicious activity on the account
10000109,Credit Card,the rewards program on my chase sapphire card was changed without notice citibank devalued the points by nearly making the annual fee of no longer worth it i specifically chose this card for its rewards structure and feel this is a baitandswitch tactic longtime customers should be grandfathered into
10000109,Credit Card,longtime customers should be grandfathered into the original rewards program
10002012,Money Transfer,i accidentally sent to the wrong person through zelle via bank of america i realized the error within minutes and immediately contacted them to cancel they said the transaction was already completed and they cannot reverse it they suggested i ask the recipient nicely to send it back this is an
10002012,Money Transfer,the recipient nicely to send it back this is an unacceptable response for such a large amount
10000569,Credit Card,i have been a loyal citi double cash cardholder with capital one for over years recently i noticed my interest rate was increased from to without adequate explanation i have excellent payment history and no late payments other companies are offering much lower rates i am considering closing this
10000569,Credit Card,much lower rates i am considering closing this account if the rate is not adjusted
10001168,Personal Loan,i took out a personal loan of with lendingclub through their marcus loan program the advertised rate was but after approval i was given the terms were buried in fine print and the loan officer rushed me through the signing process i am now paying per month which is more than what was originally
10001168,Personal Loan,per month which is more than what was originally quoted
10001175,Personal Loan,i took out a personal loan of with prosper through their sofi personal loan program the advertised rate was but after approval i was given the terms were buried in fine print and the loan officer rushed me through the signing process i am now paying per month which is more than what was originally
10001175,Personal Loan,per month which is more than what was originally quoted
10001589,Savings Account,i have been trying to reach discovers customer service about an issue with my discover savings for weeks wait times exceed minutes and i have been disconnected times after waiting when i finally got through the representative could not resolve my issue and told me to call back this level of service
10001589,Savings Account,and told me to call back this level of service is completely unacceptable for a bank holding my savings
10001508,Savings Account,ally bank charged me a monthly maintenance fee on my marcus savings that was supposed to be free when i called to dispute they said i did not maintain the minimum balance of even though my statements show i was always above that threshold i want all fees refunded and a guarantee this will not happen
10001508,Savings Account,refunded and a guarantee this will not happen again
10001493,Savings Account,discover closed my discover savings account without warning citing business reasons i had in the account and it took weeks to receive a cashiers check no explanation was ever provided for the closure i have been a customer for years with no suspicious activity on the account
10000891,Personal Loan,i took out a personal loan of with sofi through their lendingclub loan program the advertised rate was but after approval i was given the terms were buried in fine print and the loan officer rushed me through the signing process i am now paying per month which is more than what was originally quoted
10000948,Personal Loan,i took out a personal loan of with prosper through their lendingclub loan program the advertised rate was but after approval i was given the terms were buried in fine print and the loan officer rushed me through the signing process i am now paying per month which is more than what was originally
10000948,Personal Loan,per month which is more than what was originally quoted
10001049,Personal Loan,i applied for a sofi personal loan with goldman sachs and was denied despite having a credit score of and a stable income of per year the denial letter was vague citing insufficient credit history i have years of credit history with no delinquencies i believe this decision was made unfairly and
10001049,Personal Loan,i believe this decision was made unfairly and request a proper review
10001779,Savings Account,synchrony closed my ally savings account without warning citing business reasons i had in the account and it took weeks to receive a cashiers check no explanation was ever provided for the closure i have been a customer for years with no suspicious activity on the account
10001787,Savings Account,i have been trying to reach chases customer service about an issue with my marcus savings for weeks wait times exceed minutes and i have been disconnected times after waiting when i finally got through the representative could not resolve my issue and told me to call back this level of service is
10001787,Savings Account,and told me to call back this level of service is completely unacceptable for a bank holding my savings
10001889,Money Transfer,i was contacted by someone claiming to be from my banks fraud department they convinced me to send via zelle to secure my account i later realized this was a scam and immediately contacted paypal they refused to reverse the transaction saying zelle transfers are final i believe paypal should have
10001889,Money Transfer,transfers are final i believe paypal should have better fraud protection mechanisms
10000885,Personal Loan,upstart sold my marcus loan loan to a thirdparty debt collector without notifying me the collector is now adding additional fees and interest that were not part of my original agreement they call me times per day including on weekends and have been rude and threatening this is harassment and a
10000885,Personal Loan,rude and threatening this is harassment and a violation of fair debt collection practices
10000144,Credit Card,the rewards program on my discover it card was changed without notice capital one devalued the points by nearly making the annual fee of no longer worth it i specifically chose this card for its rewards structure and feel this is a baitandswitch tactic longtime customers should be grandfathered into
10000144,Credit Card,longtime customers should be grandfathered into the original rewards program
10002269,Money Transfer,western union charged me a fee for a zelle transfer that was advertised as free the fee was hidden in the exchange rate markup and only visible after carefully comparing the rates the actual exchange rate applied was worse than the market rate this is deceptive and the total hidden cost was
10002001,Money Transfer,my account was frozen by western union after i made a venmo transfer of they claimed the transaction was flagged for suspicious activity but i was simply sending money to my family overseas which i do every month it took weeks to get my account unfrozen and i had to provide extensive documentation
10002001,Money Transfer,and i had to provide extensive documentation including pay stubs and tax returns
10001588,Savings Account,i have been trying to reach ally banks customer service about an issue with my synchrony savings for weeks wait times exceed minutes and i have been disconnected times after waiting when i finally got through the representative could not resolve my issue and told me to call back this level of
10001588,Savings Account,my issue and told me to call back this level of service is completely unacceptable for a bank holding my savings
10001408,Savings Account,discover closed my discover savings account without warning citing business reasons i had in the account and it took weeks to receive a cashiers check no explanation was ever provided for the closure i have been a customer for years with no suspicious activity on the account
10000735,Credit Card,the rewards program on my discover it card was changed without notice citibank devalued the points by nearly making the annual fee of no longer worth it i specifically chose this card for its rewards structure and feel this is a baitandswitch tactic longtime customers should be grandfathered into
10000735,Credit Card,longtime customers should be grandfathered into the original rewards program
10000718,Credit Card,i have been a loyal amex gold cardholder with american express for over years recently i noticed my interest rate was increased from to without adequate explanation i have excellent payment history and no late payments other companies are offering much lower rates i am considering closing this
10000718,Credit Card,much lower rates i am considering closing this account if the rate is not adjusted
10000455,Credit Card,citibank charged me a late fee on my chase sapphire card even though i made my payment on time my bank records show the payment was initiated days before the due date when i called to dispute they said the payment was received one day late due to processing time this is unacceptable i should not be
10000455,Credit Card,time this is unacceptable i should not be penalized for their slow processing system
10000265,Credit Card,i noticed a charge of on my chase sapphire statement from i did not authorize this transaction and have been trying to resolve it with chase for weeks they keep transferring me between departments and no one takes responsibility i have provided documentation proving i was not at the merchant
10000265,Credit Card,documentation proving i was not at the merchant location this is extremely frustrating and i need this resolved immediately
10000076,Credit Card,american express charged me a late fee on my capital one venture card even though i made my payment on time my bank records show the payment was initiated days before the due date when i called to dispute they said the payment was received one day late due to processing time this is unacceptable i
10000076,Credit Card,due to processing time this is unacceptable i should not be penalized for their slow processing system
10001257,Savings Account,my chase savings with discover was accessed by someone who changed my contact information and attempted to transfer out of my account when i reported this discover took weeks to investigate and temporarily restricted my access i am concerned about the security of their online banking platform and
10001257,Savings Account,the security of their online banking platform and how this person gained access
10000445,Credit Card,i have been a loyal citi double cash cardholder with chase for over years recently i noticed my interest rate was increased from to without adequate explanation i have excellent payment history and no late payments other companies are offering much lower rates i am considering closing this account
10000445,Credit Card,lower rates i am considering closing this account if the rate is not adjusted
10000396,Credit Card,chase charged me a late fee on my discover it card even though i made my payment on time my bank records show the payment was initiated days before the due date when i called to dispute they said the payment was received one day late due to processing time this is unacceptable i should not be
10000396,Credit Card,time this is unacceptable i should not be penalized for their slow processing system
10001874,Money Transfer,my account was frozen by western union after i made a zelle transfer of they claimed the transaction was flagged for suspicious activity but i was simply sending money to my family overseas which i do every month it took weeks to get my account unfrozen and i had to provide extensive documentation
10001874,Money Transfer,and i had to provide extensive documentation including pay stubs and tax returns
10000177,Credit Card,someone made fraudulent purchases on my amex gold card totaling i reported this to chase immediately and they opened an investigation after weeks they denied my fraud claim saying the transactions appeared legitimate i have filed a police report and have evidence that i was in a different state when
10000177,Credit Card,evidence that i was in a different state when these transactions occurred
10001043,Personal Loan,i have been making regular payments on my upstart loan from sofi for months last month they claimed they did not receive my payment even though my bank shows it was debited they charged me a late fee and reported a missed payment to the credit bureaus dropping my score by points i need this
10001043,Personal Loan,bureaus dropping my score by points i need this corrected immediately
10002159,Money Transfer,my account was frozen by zelle after i made a paypal transfer of they claimed the transaction was flagged for suspicious activity but i was simply sending money to my family overseas which i do every month it took weeks to get my account unfrozen and i had to provide extensive documentation
10002159,Money Transfer,and i had to provide extensive documentation including pay stubs and tax returns
10001971,Money Transfer,my account was frozen by bank of america after i made a western union transfer of they claimed the transaction was flagged for suspicious activity but i was simply sending money to my family overseas which i do every month it took weeks to get my account unfrozen and i had to provide extensive
10001971,Money Transfer,account unfrozen and i had to provide extensive documentation including pay stubs and tax returns
10001798,Savings Account,i tried to withdraw from my chase savings at synchrony and was told my account was frozen pending a security review no one informed me of any issues beforehand i had bills due and no access to my own money for weeks the customer service was unhelpful and could not tell me when the review would be
10001798,Savings Account,and could not tell me when the review would be completed
10000596,Credit Card,someone made fraudulent purchases on my chase sapphire card totaling i reported this to discover immediately and they opened an investigation after weeks they denied my fraud claim saying the transactions appeared legitimate i have filed a police report and have evidence that i was in a different
10000596,Credit Card,and have evidence that i was in a different state when these transactions occurred
10000062,Credit Card,the rewards program on my capital one venture card was changed without notice discover devalued the points by nearly making the annual fee of no longer worth it i specifically chose this card for its rewards structure and feel this is a baitandswitch tactic longtime customers should be grandfathered
10000062,Credit Card,tactic longtime customers should be grandfathered into the original rewards program
10001297,Savings Account,my discover savings with synchrony was accessed by someone who changed my contact information and attempted to transfer out of my account when i reported this synchrony took weeks to investigate and temporarily restricted my access i am concerned about the security of their online banking platform
10001297,Savings Account,the security of their online banking platform and how this person gained access
10001946,Money Transfer,paypal charged me a fee for a zelle transfer that was advertised as free the fee was hidden in the exchange rate markup and only visible after carefully comparing the rates the actual exchange rate applied was worse than the market rate this is deceptive and the total hidden cost was
10000217,Credit Card,the rewards program on my citi double cash card was changed without notice citibank devalued the points by nearly making the annual fee of no longer worth it i specifically chose this card for its rewards structure and feel this is a baitandswitch tactic longtime customers should be grandfathered
10000217,Credit Card,tactic longtime customers should be grandfathered into the original rewards program
10000279,Credit Card,i noticed a charge of on my discover it statement from i did not authorize this transaction and have been trying to resolve it with american express for weeks they keep transferring me between departments and no one takes responsibility i have provided documentation proving i was not at the merchant
10000279,Credit Card,documentation proving i was not at the merchant location this is extremely frustrating and i need this resolved immediately
10001549,Savings Account,i have been trying to reach goldman sachss customer service about an issue with my ally savings for weeks wait times exceed minutes and i have been disconnected times after waiting when i finally got through the representative could not resolve my issue and told me to call back this level of service
10001549,Savings Account,and told me to call back this level of service is completely unacceptable for a bank holding my savings
10001719,Savings Account,i have been trying to reach chases customer service about an issue with my marcus savings for weeks wait times exceed minutes and i have been disconnected times after waiting when i finally got through the representative could not resolve my issue and told me to call back this level of service is
10001719,Savings Account,and told me to call back this level of service is completely unacceptable for a bank holding my savings
10001393,Savings Account,i tried to withdraw from my chase savings at ally bank and was told my account was frozen pending a security review no one informed me of any issues beforehand i had bills due and no access to my own money for weeks the customer service was unhelpful and could not tell me when the review would be
10001393,Savings Account,and could not tell me when the review would be completed
10000037,Credit Card,i applied for the chase sapphire card specifically for the point signup bonus i met all the spending requirements within the specified timeframe but citibank has refused to credit my bonus points i have called times over the past months and each representative tells me something different i have all
10000037,Credit Card,tells me something different i have all receipts and statements showing i qualified
10002154,Money Transfer,i sent via zelle through paypal to pay my landlord the money was deducted from my account but never received by the recipient it has been weeks and paypal has not been able to locate the funds or provide a refund i am now at risk of eviction because my rent appears unpaid
10001976,Money Transfer,i was contacted by someone claiming to be from my banks fraud department they convinced me to send via zelle to secure my account i later realized this was a scam and immediately contacted western union they refused to reverse the transaction saying zelle transfers are final i believe western union
10001976,Money Transfer,zelle transfers are final i believe western union should have better fraud protection mechanisms
10000663,Credit Card,i noticed a charge of on my discover it statement from i did not authorize this transaction and have been trying to resolve it with american express for weeks they keep transferring me between departments and no one takes responsibility i have provided documentation proving i was not at the merchant
10000663,Credit Card,documentation proving i was not at the merchant location this is extremely frustrating and i need this resolved immediately
10002006,Money Transfer,venmo charged me a fee for a zelle transfer that was advertised as free the fee was hidden in the exchange rate markup and only visible after carefully comparing the rates the actual exchange rate applied was worse than the market rate this is deceptive and the total hidden cost was
10002202,Money Transfer,my account was frozen by western union after i made a zelle transfer of they claimed the transaction was flagged for suspicious activity but i was simply sending money to my family overseas which i do every month it took weeks to get my account unfrozen and i had to provide extensive documentation
10002202,Money Transfer,and i had to provide extensive documentation including pay stubs and tax returns
10001887,Money Transfer,i initiated an international transfer of through western unions wire transfer service the estimated delivery was days but after weeks the money has still not arrived each time i call they say it is being processed meanwhile the exchange rate has changed significantly costing me an additional in
10001887,Money Transfer,changed significantly costing me an additional in value
10000978,Personal Loan,goldman sachs sold my upstart loan loan to a thirdparty debt collector without notifying me the collector is now adding additional fees and interest that were not part of my original agreement they call me times per day including on weekends and have been rude and threatening this is harassment and
10000978,Personal Loan,been rude and threatening this is harassment and a violation of fair debt collection practices
10001572,Savings Account,synchrony closed my discover savings account without warning citing business reasons i had in the account and it took weeks to receive a cashiers check no explanation was ever provided for the closure i have been a customer for years with no suspicious activity on the account
10001123,Personal Loan,i have been making regular payments on my upstart loan from upstart for months last month they claimed they did not receive my payment even though my bank shows it was debited they charged me a late fee and reported a missed payment to the credit bureaus dropping my score by points i need this
10001123,Personal Loan,bureaus dropping my score by points i need this corrected immediately
10001713,Savings Account,i opened a marcus savings with chase because they advertised a apy after three months the rate was quietly dropped to without notification when i called they said the promotional rate had expired but this was never clearly communicated at account opening i moved into this account specifically for
10001713,Savings Account,i moved into this account specifically for the higher rate
10000739,Credit Card,discover charged me a late fee on my discover it card even though i made my payment on time my bank records show the payment was initiated days before the due date when i called to dispute they said the payment was received one day late due to processing time this is unacceptable i should not be
10000739,Credit Card,time this is unacceptable i should not be penalized for their slow processing system
10000192,Credit Card,i have been a loyal chase sapphire cardholder with american express for over years recently i noticed my interest rate was increased from to without adequate explanation i have excellent payment history and no late payments other companies are offering much lower rates i am considering closing this
10000192,Credit Card,much lower rates i am considering closing this account if the rate is not adjusted
10000920,Personal Loan,i have been making regular payments on my marcus loan from upstart for months last month they claimed they did not receive my payment even though my bank shows it was debited they charged me a late fee and reported a missed payment to the credit bureaus dropping my score by points i need this
10000920,Personal Loan,bureaus dropping my score by points i need this corrected immediately
10000457,Credit Card,someone made fraudulent purchases on my chase sapphire card totaling i reported this to american express immediately and they opened an investigation after weeks they denied my fraud claim saying the transactions appeared legitimate i have filed a police report and have evidence that i was in a
10000457,Credit Card,a police report and have evidence that i was in a different state when these transactions occurred
10001418,Savings Account,i opened a ally savings with synchrony because they advertised a apy after three months the rate was quietly dropped to without notification when i called they said the promotional rate had expired but this was never clearly communicated at account opening i moved into this account specifically for
10001418,Savings Account,i moved into this account specifically for the higher rate
10000676,Credit Card,chase charged me a late fee on my discover it card even though i made my payment on time my bank records show the payment was initiated days before the due date when i called to dispute they said the payment was received one day late due to processing time this is unacceptable i should not be
10000676,Credit Card,time this is unacceptable i should not be penalized for their slow processing system
10000761,Credit Card,the rewards program on my capital one venture card was changed without notice capital one devalued the points by nearly making the annual fee of no longer worth it i specifically chose this card for its rewards structure and feel this is a baitandswitch tactic longtime customers should be
10000761,Credit Card,baitandswitch tactic longtime customers should be grandfathered into the original rewards program
10002203,Money Transfer,my account was frozen by venmo after i made a zelle transfer of they claimed the transaction was flagged for suspicious activity but i was simply sending money to my family overseas which i do every month it took weeks to get my account unfrozen and i had to provide extensive documentation including
10002203,Money Transfer,had to provide extensive documentation including pay stubs and tax returns
10002085,Money Transfer,my account was frozen by venmo after i made a venmo transfer of they claimed the transaction was flagged for suspicious activity but i was simply sending money to my family overseas which i do every month it took weeks to get my account unfrozen and i had to provide extensive documentation including
10002085,Money Transfer,had to provide extensive documentation including pay stubs and tax returns
10000729,Credit Card,my citi double cash card from citibank suddenly had its credit limit reduced from to without any prior notification i have never missed a payment and my credit score is above when i called to ask why the representative could not give me a clear answer this reduction has negatively affected my credit
10000729,Credit Card,this reduction has negatively affected my credit utilization ratio and dropped my score by points
10002100,Money Transfer,i sent via paypal through paypal to pay my landlord the money was deducted from my account but never received by the recipient it has been weeks and paypal has not been able to locate the funds or provide a refund i am now at risk of eviction because my rent appears unpaid
10001400,Savings Account,discover closed my synchrony savings account without warning citing business reasons i had in the account and it took weeks to receive a cashiers check no explanation was ever provided for the closure i have been a customer for years with no suspicious activity on the account
10000413,Credit Card,i applied for the amex gold card specifically for the point signup bonus i met all the spending requirements within the specified timeframe but american express has refused to credit my bonus points i have called times over the past months and each representative tells me something different i have
10000413,Credit Card,tells me something different i have all receipts and statements showing i qualified
10001099,Personal Loan,i took out a personal loan of with lendingclub through their sofi personal loan program the advertised rate was but after approval i was given the terms were buried in fine print and the loan officer rushed me through the signing process i am now paying per month which is more than what was
10001099,Personal Loan,now paying per month which is more than what was originally quoted
10001517,Savings Account,i opened a ally savings with discover because they advertised a apy after three months the rate was quietly dropped to without notification when i called they said the promotional rate had expired but this was never clearly communicated at account opening i moved into this account specifically for
10001517,Savings Account,i moved into this account specifically for the higher rate
10001650,Savings Account,i opened a discover savings with discover because they advertised a apy after three months the rate was quietly dropped to without notification when i called they said the promotional rate had expired but this was never clearly communicated at account opening i moved into this account specifically
10001650,Savings Account,opening i moved into this account specifically for the higher rate
10001525,Savings Account,discover closed my discover savings account without warning citing business reasons i had in the account and it took weeks to receive a cashiers check no explanation was ever provided for the closure i have been a customer for years with no suspicious activity on the account
10002017,Money Transfer,i initiated an international transfer of through venmos zelle service the estimated delivery was days but after weeks the money has still not arrived each time i call they say it is being processed meanwhile the exchange rate has changed significantly costing me an additional in value
10000617,Credit Card,the rewards program on my amex gold card was changed without notice american express devalued the points by nearly making the annual fee of no longer worth it i specifically chose this card for its rewards structure and feel this is a baitandswitch tactic longtime customers should be grandfathered
10000617,Credit Card,tactic longtime customers should be grandfathered into the original rewards program
10000115,Credit Card,the rewards program on my amex gold card was changed without notice chase devalued the points by nearly making the annual fee of no longer worth it i specifically chose this card for its rewards structure and feel this is a baitandswitch tactic longtime customers should be grandfathered into the
10000115,Credit Card,customers should be grandfathered into the original rewards program
10000418,Credit Card,i applied for the capital one venture card specifically for the point signup bonus i met all the spending requirements within the specified timeframe but discover has refused to credit my bonus points i have called times over the past months and each representative tells me something different i
10000418,Credit Card,representative tells me something different i have all receipts and statements showing i qualified
10002262,Money Transfer,bank of america charged me a fee for a western union transfer that was advertised as free the fee was hidden in the exchange rate markup and only visible after carefully comparing the rates the actual exchange rate applied was worse than the market rate this is deceptive and the total hidden cost
10002262,Money Transfer,rate this is deceptive and the total hidden cost was
10001626,Savings Account,ally bank charged me a monthly maintenance fee on my ally savings that was supposed to be free when i called to dispute they said i did not maintain the minimum balance of even though my statements show i was always above that threshold i want all fees refunded and a guarantee this will not happen
10001626,Savings Account,refunded and a guarantee this will not happen again
10000970,Personal Loan,the total cost of my prosper loan from prosper ended up being which is nearly times the original loan amount of the interest rate of combined with various processing fees and insurance charges that were added without my clear consent have made this loan predatory in my opinion
10000605,Credit Card,i applied for the chase sapphire card specifically for the point signup bonus i met all the spending requirements within the specified timeframe but american express has refused to credit my bonus points i have called times over the past months and each representative tells me something different i
10000605,Credit Card,representative tells me something different i have all receipts and statements showing i qualified
10002267,Money Transfer,i was contacted by someone claiming to be from my banks fraud department they convinced me to send via paypal to secure my account i later realized this was a scam and immediately contacted zelle they refused to reverse the transaction saying paypal transfers are final i believe zelle should have
10002267,Money Transfer,transfers are final i believe zelle should have better fraud protection mechanisms
10000090,Credit Card,my amex gold card from discover suddenly had its credit limit reduced from to without any prior notification i have never missed a payment and my credit score is above when i called to ask why the representative could not give me a clear answer this reduction has negatively affected my credit
10000090,Credit Card,this reduction has negatively affected my credit utilization ratio and dropped my score by points
10002188,Money Transfer,i was contacted by someone claiming to be from my banks fraud department they convinced me to send via zelle to secure my account i later realized this was a scam and immediately contacted zelle they refused to reverse the transaction saying zelle transfers are final i believe zelle should have
10002188,Money Transfer,transfers are final i believe zelle should have better fraud protection mechanisms
10002266,Money Transfer,i sent via western union through bank of america to pay my landlord the money was deducted from my account but never received by the recipient it has been weeks and bank of america has not been able to locate the funds or provide a refund i am now at risk of eviction because my rent appears unpaid
10000754,Credit Card,my chase sapphire card from capital one suddenly had its credit limit reduced from to without any prior notification i have never missed a payment and my credit score is above when i called to ask why the representative could not give me a clear answer this reduction has negatively affected my
10000754,Credit Card,answer this reduction has negatively affected my credit utilization ratio and dropped my score by points
10000499,Credit Card,i noticed a charge of on my chase sapphire statement from i did not authorize this transaction and have been trying to resolve it with american express for weeks they keep transferring me between departments and no one takes responsibility i have provided documentation proving i was not at the
10000499,Credit Card,provided documentation proving i was not at the merchant location this is extremely frustrating and i need this resolved immediately
10001277,Savings Account,ally bank charged me a monthly maintenance fee on my chase savings that was supposed to be free when i called to dispute they said i did not maintain the minimum balance of even though my statements show i was always above that threshold i want all fees refunded and a guarantee this will not happen
10001277,Savings Account,refunded and a guarantee this will not happen again
10001326,Savings Account,chase closed my marcus savings account without warning citing business reasons i had in the account and it took weeks to receive a cashiers check no explanation was ever provided for the closure i have been a customer for years with no suspicious activity on the account
10001631,Savings Account,ally bank charged me a monthly maintenance fee on my synchrony savings that was supposed to be free when i called to dispute they said i did not maintain the minimum balance of even though my statements show i was always above that threshold i want all fees refunded and a guarantee this will not
10001631,Savings Account,all fees refunded and a guarantee this will not happen again
10000012,Credit Card,my discover it card from chase suddenly had its credit limit reduced from to without any prior notification i have never missed a payment and my credit score is above when i called to ask why the representative could not give me a clear answer this reduction has negatively affected my credit
10000012,Credit Card,this reduction has negatively affected my credit utilization ratio and dropped my score by points
10000397,Credit Card,the rewards program on my discover it card was changed without notice citibank devalued the points by nearly making the annual fee of no longer worth it i specifically chose this card for its rewards structure and feel this is a baitandswitch tactic longtime customers should be grandfathered into
10000397,Credit Card,longtime customers should be grandfathered into the original rewards program
10000285,Credit Card,discover charged me a late fee on my discover it card even though i made my payment on time my bank records show the payment was initiated days before the due date when i called to dispute they said the payment was received one day late due to processing time this is unacceptable i should not be
10000285,Credit Card,time this is unacceptable i should not be penalized for their slow processing system
10002258,Money Transfer,i was contacted by someone claiming to be from my banks fraud department they convinced me to send via western union to secure my account i later realized this was a scam and immediately contacted zelle they refused to reverse the transaction saying western union transfers are final i believe zelle
10002258,Money Transfer,western union transfers are final i believe zelle should have better fraud protection mechanisms
10001067,Personal Loan,i have been making regular payments on my lendingclub loan from lendingclub for months last month they claimed they did not receive my payment even though my bank shows it was debited they charged me a late fee and reported a missed payment to the credit bureaus dropping my score by points i need
10001067,Personal Loan,credit bureaus dropping my score by points i need this corrected immediately
10001441,Savings Account,i have been trying to reach discovers customer service about an issue with my ally savings for weeks wait times exceed minutes and i have been disconnected times after waiting when i finally got through the representative could not resolve my issue and told me to call back this level of service is
10001441,Savings Account,and told me to call back this level of service is completely unacceptable for a bank holding my savings
10001601,Savings Account,i have been trying to reach chases customer service about an issue with my marcus savings for weeks wait times exceed minutes and i have been disconnected times after waiting when i finally got through the representative could not resolve my issue and told me to call back this level of service is
10001601,Savings Account,and told me to call back this level of service is completely unacceptable for a bank holding my savings
10002161,Money Transfer,i initiated an international transfer of through paypals paypal service the estimated delivery was days but after weeks the money has still not arrived each time i call they say it is being processed meanwhile the exchange rate has changed significantly costing me an additional in value
10002160,Money Transfer,i accidentally sent to the wrong person through zelle via bank of america i realized the error within minutes and immediately contacted them to cancel they said the transaction was already completed and they cannot reverse it they suggested i ask the recipient nicely to send it back this is an
10002160,Money Transfer,the recipient nicely to send it back this is an unacceptable response for such a large amount
10001451,Savings Account,goldman sachs charged me a monthly maintenance fee on my marcus savings that was supposed to be free when i called to dispute they said i did not maintain the minimum balance of even though my statements show i was always above that threshold i want all fees refunded and a guarantee this will not
10001451,Savings Account,all fees refunded and a guarantee this will not happen again
10000691,Credit Card,discover charged me a late fee on my citi double cash card even though i made my payment on time my bank records show the payment was initiated days before the due date when i called to dispute they said the payment was received one day late due to processing time this is unacceptable i should not
10000691,Credit Card,processing time this is unacceptable i should not be penalized for their slow processing system
10002090,Money Transfer,i initiated an international transfer of through zelles venmo service the estimated delivery was days but after weeks the money has still not arrived each time i call they say it is being processed meanwhile the exchange rate has changed significantly costing me an additional in value
10001569,Savings Account,ally bank closed my chase savings account without warning citing business reasons i had in the account and it took weeks to receive a cashiers check no explanation was ever provided for the closure i have been a customer for years with no suspicious activity on the account
10002243,Money Transfer,i initiated an international transfer of through western unions venmo service the estimated delivery was days but after weeks the money has still not arrived each time i call they say it is being processed meanwhile the exchange rate has changed significantly costing me an additional in value
10002231,Money Transfer,i was contacted by someone claiming to be from my banks fraud department they convinced me to send via zelle to secure my account i later realized this was a scam and immediately contacted western union they refused to reverse the transaction saying zelle transfers are final i believe western union
10002231,Money Transfer,zelle transfers are final i believe western union should have better fraud protection mechanisms
10000690,Credit Card,i applied for the chase sapphire card specifically for the point signup bonus i met all the spending requirements within the specified timeframe but american express has refused to credit my bonus points i have called times over the past months and each representative tells me something different i
10000690,Credit Card,representative tells me something different i have all receipts and statements showing i qualified
10001688,Savings Account,i have been trying to reach ally banks customer service about an issue with my synchrony savings for weeks wait times exceed minutes and i have been disconnected times after waiting when i finally got through the representative could not resolve my issue and told me to call back this level of
10001688,Savings Account,my issue and told me to call back this level of service is completely unacceptable for a bank holding my savings
10001499,Savings Account,i tried to withdraw from my discover savings at goldman sachs and was told my account was frozen pending a security review no one informed me of any issues beforehand i had bills due and no access to my own money for weeks the customer service was unhelpful and could not tell me when the review
10001499,Savings Account,unhelpful and could not tell me when the review would be completed
10000160,Credit Card,my capital one venture card from chase suddenly had its credit limit reduced from to without any prior notification i have never missed a payment and my credit score is above when i called to ask why the representative could not give me a clear answer this reduction has negatively affected my credit
10000160,Credit Card,this reduction has negatively affected my credit utilization ratio and dropped my score by points
10000896,Personal Loan,i tried to make an extra payment on my upstart loan from upstart to pay down the principal faster their system automatically applied it to future payments instead of the principal balance after calling times each representative gave me different instructions i am paying more interest than necessary
10000896,Personal Loan,i am paying more interest than necessary because they will not properly apply my payments
10000497,Credit Card,citibank charged me a late fee on my capital one venture card even though i made my payment on time my bank records show the payment was initiated days before the due date when i called to dispute they said the payment was received one day late due to processing time this is unacceptable i should
10000497,Credit Card,to processing time this is unacceptable i should not be penalized for their slow processing system
10000258,Credit Card,my discover it card from american express suddenly had its credit limit reduced from to without any prior notification i have never missed a payment and my credit score is above when i called to ask why the representative could not give me a clear answer this reduction has negatively affected my
10000258,Credit Card,answer this reduction has negatively affected my credit utilization ratio and dropped my score by points
10001783,Savings Account,i tried to withdraw from my chase savings at discover and was told my account was frozen pending a security review no one informed me of any issues beforehand i had bills due and no access to my own money for weeks the customer service was unhelpful and could not tell me when the review would be
10001783,Savings Account,and could not tell me when the review would be completed
10000336,Credit Card,someone made fraudulent purchases on my citi double cash card totaling i reported this to capital one immediately and they opened an investigation after weeks they denied my fraud claim saying the transactions appeared legitimate i have filed a police report and have evidence that i was in a
10000336,Credit Card,a police report and have evidence that i was in a different state when these transactions occurred
10002246,Money Transfer,i accidentally sent to the wrong person through paypal via western union i realized the error within minutes and immediately contacted them to cancel they said the transaction was already completed and they cannot reverse it they suggested i ask the recipient nicely to send it back this is an
10002246,Money Transfer,the recipient nicely to send it back this is an unacceptable response for such a large amount
10001040,Personal Loan,lendingclub sold my sofi personal loan loan to a thirdparty debt collector without notifying me the collector is now adding additional fees and interest that were not part of my original agreement they call me times per day including on weekends and have been rude and threatening this is harassment
10001040,Personal Loan,have been rude and threatening this is harassment and a violation of fair debt collection practices
10000516,Credit Card,i have been a loyal citi double cash cardholder with chase for over years recently i noticed my interest rate was increased from to without adequate explanation i have excellent payment history and no late payments other companies are offering much lower rates i am considering closing this account
10000516,Credit Card,lower rates i am considering closing this account if the rate is not adjusted
10001349,Savings Account,i tried to withdraw from my discover savings at synchrony and was told my account was frozen pending a security review no one informed me of any issues beforehand i had bills due and no access to my own money for weeks the customer service was unhelpful and could not tell me when the review would be
10001349,Savings Account,and could not tell me when the review would be completed
10001016,Personal Loan,i have been making regular payments on my prosper loan from prosper for months last month they claimed they did not receive my payment even though my bank shows it was debited they charged me a late fee and reported a missed payment to the credit bureaus dropping my score by points i need this
10001016,Personal Loan,bureaus dropping my score by points i need this corrected immediately
10000769,Credit Card,someone made fraudulent purchases on my discover it card totaling i reported this to citibank immediately and they opened an investigation after weeks they denied my fraud claim saying the transactions appeared legitimate i have filed a police report and have evidence that i was in a different state
10000769,Credit Card,and have evidence that i was in a different state when these transactions occurred
10002167,Money Transfer,i was contacted by someone claiming to be from my banks fraud department they convinced me to send via zelle to secure my account i later realized this was a scam and immediately contacted venmo they refused to reverse the transaction saying zelle transfers are final i believe venmo should have
10002167,Money Transfer,transfers are final i believe venmo should have better fraud protection mechanisms
10000442,Credit Card,i have been a loyal chase sapphire cardholder with american express for over years recently i noticed my interest rate was increased from to without adequate explanation i have excellent payment history and no late payments other companies are offering much lower rates i am considering closing this
10000442,Credit Card,much lower rates i am considering closing this account if the rate is not adjusted
10001936,Money Transfer,my account was frozen by paypal after i made a wire transfer transfer of they claimed the transaction was flagged for suspicious activity but i was simply sending money to my family overseas which i do every month it took weeks to get my account unfrozen and i had to provide extensive documentation
10001936,Money Transfer,and i had to provide extensive documentation including pay stubs and tax returns
10000762,Credit Card,i noticed a charge of on my citi double cash statement from i did not authorize this transaction and have been trying to resolve it with chase for weeks they keep transferring me between departments and no one takes responsibility i have provided documentation proving i was not at the merchant
10000762,Credit Card,documentation proving i was not at the merchant location this is extremely frustrating and i need this resolved immediately
10001247,Savings Account,my chase savings with goldman sachs was accessed by someone who changed my contact information and attempted to transfer out of my account when i reported this goldman sachs took weeks to investigate and temporarily restricted my access i am concerned about the security of their online banking
10001247,Savings Account,about the security of their online banking platform and how this person gained access
10001915,Money Transfer,i initiated an international transfer of through venmos venmo service the estimated delivery was days but after weeks the money has still not arrived each time i call they say it is being processed meanwhile the exchange rate has changed significantly costing me an additional in value
10001124,Personal Loan,sofi sold my lendingclub loan loan to a thirdparty debt collector without notifying me the collector is now adding additional fees and interest that were not part of my original agreement they call me times per day including on weekends and have been rude and threatening this is harassment and a
10001124,Personal Loan,rude and threatening this is harassment and a violation of fair debt collection practices
10001782,Savings Account,i tried to withdraw from my discover savings at discover and was told my account was frozen pending a security review no one informed me of any issues beforehand i had bills due and no access to my own money for weeks the customer service was unhelpful and could not tell me when the review would be
10001782,Savings Account,and could not tell me when the review would be completed
10000522,Credit Card,someone made fraudulent purchases on my discover it card totaling i reported this to chase immediately and they opened an investigation after weeks they denied my fraud claim saying the transactions appeared legitimate i have filed a police report and have evidence that i was in a different state
10000522,Credit Card,and have evidence that i was in a different state when these transactions occurred
10001786,Savings Account,ally bank closed my synchrony savings account without warning citing business reasons i had in the account and it took weeks to receive a cashiers check no explanation was ever provided for the closure i have been a customer for years with no suspicious activity on the account
10000023,Credit Card,citibank charged me a late fee on my amex gold card even though i made my payment on time my bank records show the payment was initiated days before the due date when i called to dispute they said the payment was received one day late due to processing time this is unacceptable i should not be
10000023,Credit Card,time this is unacceptable i should not be penalized for their slow processing system
10000357,Credit Card,i noticed a charge of on my citi double cash statement from i did not authorize this transaction and have been trying to resolve it with capital one for weeks they keep transferring me between departments and no one takes responsibility i have provided documentation proving i was not at the merchant
10000357,Credit Card,documentation proving i was not at the merchant location this is extremely frustrating and i need this resolved immediately
10002200,Money Transfer,i sent via western union through western union to pay my landlord the money was deducted from my account but never received by the recipient it has been weeks and western union has not been able to locate the funds or provide a refund i am now at risk of eviction because my rent appears unpaid
10001278,Savings Account,i have been trying to reach discovers customer service about an issue with my ally savings for weeks wait times exceed minutes and i have been disconnected times after waiting when i finally got through the representative could not resolve my issue and told me to call back this level of service is
10001278,Savings Account,and told me to call back this level of service is completely unacceptable for a bank holding my savings
10001313,Savings Account,i tried to withdraw from my synchrony savings at chase and was told my account was frozen pending a security review no one informed me of any issues beforehand i had bills due and no access to my own money for weeks the customer service was unhelpful and could not tell me when the review would be
10001313,Savings Account,and could not tell me when the review would be completed
10001636,Savings Account,i have been trying to reach goldman sachss customer service about an issue with my discover savings for weeks wait times exceed minutes and i have been disconnected times after waiting when i finally got through the representative could not resolve my issue and told me to call back this level of
10001636,Savings Account,my issue and told me to call back this level of service is completely unacceptable for a bank holding my savings
10000551,Credit Card,someone made fraudulent purchases on my amex gold card totaling i reported this to discover immediately and they opened an investigation after weeks they denied my fraud claim saying the transactions appeared legitimate i have filed a police report and have evidence that i was in a different state
10000551,Credit Card,and have evidence that i was in a different state when these transactions occurred
10000341,Credit Card,my discover it card from capital one suddenly had its credit limit reduced from to without any prior notification i have never missed a payment and my credit score is above when i called to ask why the representative could not give me a clear answer this reduction has negatively affected my credit
10000341,Credit Card,this reduction has negatively affected my credit utilization ratio and dropped my score by points
10000432,Credit Card,i applied for the capital one venture card specifically for the point signup bonus i met all the spending requirements within the specified timeframe but chase has refused to credit my bonus points i have called times over the past months and each representative tells me something different i have
10000432,Credit Card,tells me something different i have all receipts and statements showing i qualified
10000474,Credit Card,someone made fraudulent purchases on my chase sapphire card totaling i reported this to american express immediately and they opened an investigation after weeks they denied my fraud claim saying the transactions appeared legitimate i have filed a police report and have evidence that i was in a
10000474,Credit Card,a police report and have evidence that i was in a different state when these transactions occurred
10000218,Credit Card,the rewards program on my amex gold card was changed without notice chase devalued the points by nearly making the annual fee of no longer worth it i specifically chose this card for its rewards structure and feel this is a baitandswitch tactic longtime customers should be grandfathered into the
10000218,Credit Card,customers should be grandfathered into the original rewards program
10000912,Personal Loan,i took out a personal loan of with goldman sachs through their prosper loan program the advertised rate was but after approval i was given the terms were buried in fine print and the loan officer rushed me through the signing process i am now paying per month which is more than what was originally
10000912,Personal Loan,per month which is more than what was originally quoted
10001228,Savings Account,i tried to withdraw from my chase savings at ally bank and was told my account was frozen pending a security review no one informed me of any issues beforehand i had bills due and no access to my own money for weeks the customer service was unhelpful and could not tell me when the review would be
10001228,Savings Account,and could not tell me when the review would be completed
10002065,Money Transfer,i accidentally sent to the wrong person through western union via venmo i realized the error within minutes and immediately contacted them to cancel they said the transaction was already completed and they cannot reverse it they suggested i ask the recipient nicely to send it back this is an
10002065,Money Transfer,the recipient nicely to send it back this is an unacceptable response for such a large amount
10001012,Personal Loan,sofi sold my lendingclub loan loan to a thirdparty debt collector without notifying me the collector is now adding additional fees and interest that were not part of my original agreement they call me times per day including on weekends and have been rude and threatening this is harassment and a
10001012,Personal Loan,rude and threatening this is harassment and a violation of fair debt collection practices
10000958,Personal Loan,i tried to make an extra payment on my lendingclub loan from sofi to pay down the principal faster their system automatically applied it to future payments instead of the principal balance after calling times each representative gave me different instructions i am paying more interest than necessary
10000958,Personal Loan,i am paying more interest than necessary because they will not properly apply my payments
10001774,Savings Account,ally bank charged me a monthly maintenance fee on my synchrony savings that was supposed to be free when i called to dispute they said i did not maintain the minimum balance of even though my statements show i was always above that threshold i want all fees refunded and a guarantee this will not
10001774,Savings Account,all fees refunded and a guarantee this will not happen again
10000094,Credit Card,i applied for the amex gold card specifically for the point signup bonus i met all the spending requirements within the specified timeframe but capital one has refused to credit my bonus points i have called times over the past months and each representative tells me something different i have all
10000094,Credit Card,tells me something different i have all receipts and statements showing i qualified
10001009,Personal Loan,i have been making regular payments on my marcus loan from goldman sachs for months last month they claimed they did not receive my payment even though my bank shows it was debited they charged me a late fee and reported a missed payment to the credit bureaus dropping my score by points i need this
10001009,Personal Loan,bureaus dropping my score by points i need this corrected immediately
10001071,Personal Loan,the total cost of my prosper loan from prosper ended up being which is nearly times the original loan amount of the interest rate of combined with various processing fees and insurance charges that were added without my clear consent have made this loan predatory in my opinion
10001093,Personal Loan,i applied for a prosper loan with lendingclub and was denied despite having a credit score of and a stable income of per year the denial letter was vague citing insufficient credit history i have years of credit history with no delinquencies i believe this decision was made unfairly and request a
10001093,Personal Loan,this decision was made unfairly and request a proper review
10002059,Money Transfer,my account was frozen by paypal after i made a zelle transfer of they claimed the transaction was flagged for suspicious activity but i was simply sending money to my family overseas which i do every month it took weeks to get my account unfrozen and i had to provide extensive documentation
10002059,Money Transfer,and i had to provide extensive documentation including pay stubs and tax returns
10001309,Savings Account,i opened a marcus savings with discover because they advertised a apy after three months the rate was quietly dropped to without notification when i called they said the promotional rate had expired but this was never clearly communicated at account opening i moved into this account specifically for
10001309,Savings Account,i moved into this account specifically for the higher rate
10000697,Credit Card,i noticed a charge of on my amex gold statement from i did not authorize this transaction and have been trying to resolve it with capital one for weeks they keep transferring me between departments and no one takes responsibility i have provided documentation proving i was not at the merchant
10000697,Credit Card,documentation proving i was not at the merchant location this is extremely frustrating and i need this resolved immediately
10001110,Personal Loan,the total cost of my marcus loan from prosper ended up being which is nearly times the original loan amount of the interest rate of combined with various processing fees and insurance charges that were added without my clear consent have made this loan predatory in my opinion
10000997,Personal Loan,i applied for a marcus loan with sofi and was denied despite having a credit score of and a stable income of per year the denial letter was vague citing insufficient credit history i have years of credit history with no delinquencies i believe this decision was made unfairly and request a proper
10000997,Personal Loan,decision was made unfairly and request a proper review
10001459,Savings Account,i have been trying to reach discovers customer service about an issue with my marcus savings for weeks wait times exceed minutes and i have been disconnected times after waiting when i finally got through the representative could not resolve my issue and told me to call back this level of service is
10001459,Savings Account,and told me to call back this level of service is completely unacceptable for a bank holding my savings
10001680,Savings Account,my discover savings with ally bank was accessed by someone who changed my contact information and attempted to transfer out of my account when i reported this ally bank took weeks to investigate and temporarily restricted my access i am concerned about the security of their online banking platform
10001680,Savings Account,the security of their online banking platform and how this person gained access
10000154,Credit Card,the rewards program on my citi double cash card was changed without notice citibank devalued the points by nearly making the annual fee of no longer worth it i specifically chose this card for its rewards structure and feel this is a baitandswitch tactic longtime customers should be grandfathered
10000154,Credit Card,tactic longtime customers should be grandfathered into the original rewards program
10001100,Personal Loan,the total cost of my lendingclub loan from sofi ended up being which is nearly times the original loan amount of the interest rate of combined with various processing fees and insurance charges that were added without my clear consent have made this loan predatory in my opinion
10000247,Credit Card,i have been a loyal amex gold cardholder with chase for over years recently i noticed my interest rate was increased from to without adequate explanation i have excellent payment history and no late payments other companies are offering much lower rates i am considering closing this account if the
10000247,Credit Card,i am considering closing this account if the rate is not adjusted
10000790,Credit Card,i have been a loyal capital one venture cardholder with capital one for over years recently i noticed my interest rate was increased from to without adequate explanation i have excellent payment history and no late payments other companies are offering much lower rates i am considering closing this
10000790,Credit Card,much lower rates i am considering closing this account if the rate is not adjusted
10000581,Credit Card,someone made fraudulent purchases on my amex gold card totaling i reported this to american express immediately and they opened an investigation after weeks they denied my fraud claim saying the transactions appeared legitimate i have filed a police report and have evidence that i was in a different
10000581,Credit Card,and have evidence that i was in a different state when these transactions occurred
10001471,Savings Account,ally bank closed my synchrony savings account without warning citing business reasons i had in the account and it took weeks to receive a cashiers check no explanation was ever provided for the closure i have been a customer for years with no suspicious activity on the account
10000704,Credit Card,i noticed a charge of on my amex gold statement from i did not authorize this transaction and have been trying to resolve it with citibank for weeks they keep transferring me between departments and no one takes responsibility i have provided documentation proving i was not at the merchant location
10000704,Credit Card,proving i was not at the merchant location this is extremely frustrating and i need this resolved immediately
10001213,Savings Account,i tried to withdraw from my discover savings at chase and was told my account was frozen pending a security review no one informed me of any issues beforehand i had bills due and no access to my own money for weeks the customer service was unhelpful and could not tell me when the review would be
10001213,Savings Account,and could not tell me when the review would be completed
10001296,Savings Account,ally bank closed my ally savings account without warning citing business reasons i had in the account and it took weeks to receive a cashiers check no explanation was ever provided for the closure i have been a customer for years with no suspicious activity on the account
10000897,Personal Loan,i have been making regular payments on my prosper loan from sofi for months last month they claimed they did not receive my payment even though my bank shows it was debited they charged me a late fee and reported a missed payment to the credit bureaus dropping my score by points i need this
10000897,Personal Loan,bureaus dropping my score by points i need this corrected immediately
10001261,Savings Account,my chase savings with ally bank was accessed by someone who changed my contact information and attempted to transfer out of my account when i reported this ally bank took weeks to investigate and temporarily restricted my access i am concerned about the security of their online banking platform and
10001261,Savings Account,the security of their online banking platform and how this person gained access
10000488,Credit Card,someone made fraudulent purchases on my capital one venture card totaling i reported this to american express immediately and they opened an investigation after weeks they denied my fraud claim saying the transactions appeared legitimate i have filed a police report and have evidence that i was in a
10000488,Credit Card,a police report and have evidence that i was in a different state when these transactions occurred
10001625,Savings Account,ally bank closed my discover savings account without warning citing business reasons i had in the account and it took weeks to receive a cashiers check no explanation was ever provided for the closure i have been a customer for years with no suspicious activity on the account
10000560,Credit Card,i noticed a charge of on my capital one venture statement from i did not authorize this transaction and have been trying to resolve it with american express for weeks they keep transferring me between departments and no one takes responsibility i have provided documentation proving i was not at the
10000560,Credit Card,provided documentation proving i was not at the merchant location this is extremely frustrating and i need this resolved immediately
10001142,Personal Loan,goldman sachs sold my marcus loan loan to a thirdparty debt collector without notifying me the collector is now adding additional fees and interest that were not part of my original agreement they call me times per day including on weekends and have been rude and threatening this is harassment and a
10001142,Personal Loan,rude and threatening this is harassment and a violation of fair debt collection practices
10002153,Money Transfer,i accidentally sent to the wrong person through wire transfer via paypal i realized the error within minutes and immediately contacted them to cancel they said the transaction was already completed and they cannot reverse it they suggested i ask the recipient nicely to send it back this is an
10002153,Money Transfer,the recipient nicely to send it back this is an unacceptable response for such a large amount
10001120,Personal Loan,i tried to make an extra payment on my prosper loan from sofi to pay down the principal faster their system automatically applied it to future payments instead of the principal balance after calling times each representative gave me different instructions i am paying more interest than necessary
10001120,Personal Loan,i am paying more interest than necessary because they will not properly apply my payments
10001775,Savings Account,synchrony closed my discover savings account without warning citing business reasons i had in the account and it took weeks to receive a cashiers check no explanation was ever provided for the closure i have been a customer for years with no suspicious activity on the account
10000513,Credit Card,i have been a loyal amex gold cardholder with citibank for over years recently i noticed my interest rate was increased from to without adequate explanation i have excellent payment history and no late payments other companies are offering much lower rates i am considering closing this account if
10000513,Credit Card,rates i am considering closing this account if the rate is not adjusted
10000634,Credit Card,citibank charged me a late fee on my chase sapphire card even though i made my payment on time my bank records show the payment was initiated days before the due date when i called to dispute they said the payment was received one day late due to processing time this is unacceptable i should not be
10000634,Credit Card,time this is unacceptable i should not be penalized for their slow processing system
10001930,Money Transfer,zelle charged me a fee for a zelle transfer that was advertised as free the fee was hidden in the exchange rate markup and only visible after carefully comparing the rates the actual exchange rate applied was worse than the market rate this is deceptive and the total hidden cost was
10001665,Savings Account,ally bank closed my ally savings account without warning citing business reasons i had in the account and it took weeks to receive a cashiers check no explanation was ever provided for the closure i have been a customer for years with no suspicious activity on the account
10001013,Personal Loan,i took out a personal loan of with upstart through their sofi personal loan program the advertised rate was but after approval i was given the terms were buried in fine print and the loan officer rushed me through the signing process i am now paying per month which is more than what was originally
10001013,Personal Loan,per month which is more than what was originally quoted
10002016,Money Transfer,my account was frozen by paypal after i made a wire transfer transfer of they claimed the transaction was flagged for suspicious activity but i was simply sending money to my family overseas which i do every month it took weeks to get my account unfrozen and i had to provide extensive documentation
10002016,Money Transfer,and i had to provide extensive documentation including pay stubs and tax returns
10001151,Personal Loan,the total cost of my prosper loan from goldman sachs ended up being which is nearly times the original loan amount of the interest rate of combined with various processing fees and insurance charges that were added without my clear consent have made this loan predatory in my opinion
10000791,Credit Card,american express charged me a late fee on my discover it card even though i made my payment on time my bank records show the payment was initiated days before the due date when i called to dispute they said the payment was received one day late due to processing time this is unacceptable i should
10000791,Credit Card,to processing time this is unacceptable i should not be penalized for their slow processing system
10002164,Money Transfer,i sent via venmo through western union to pay my landlord the money was deducted from my account but never received by the recipient it has been weeks and western union has not been able to locate the funds or provide a refund i am now at risk of eviction because my rent appears unpaid
10000117,Credit Card,i applied for the discover it card specifically for the point signup bonus i met all the spending requirements within the specified timeframe but discover has refused to credit my bonus points i have called times over the past months and each representative tells me something different i have all
10000117,Credit Card,tells me something different i have all receipts and statements showing i qualified
10001498,Savings Account,i opened a discover savings with synchrony because they advertised a apy after three months the rate was quietly dropped to without notification when i called they said the promotional rate had expired but this was never clearly communicated at account opening i moved into this account specifically
10001498,Savings Account,opening i moved into this account specifically for the higher rate
10000741,Credit Card,i have been a loyal amex gold cardholder with capital one for over years recently i noticed my interest rate was increased from to without adequate explanation i have excellent payment history and no late payments other companies are offering much lower rates i am considering closing this account if
10000741,Credit Card,rates i am considering closing this account if the rate is not adjusted
10002132,Money Transfer,i was contacted by someone claiming to be from my banks fraud department they convinced me to send via western union to secure my account i later realized this was a scam and immediately contacted venmo they refused to reverse the transaction saying western union transfers are final i believe venmo
10002132,Money Transfer,western union transfers are final i believe venmo should have better fraud protection mechanisms
10001082,Personal Loan,i took out a personal loan of with goldman sachs through their sofi personal loan program the advertised rate was but after approval i was given the terms were buried in fine print and the loan officer rushed me through the signing process i am now paying per month which is more than what was
10001082,Personal Loan,now paying per month which is more than what was originally quoted
10001628,Savings Account,i tried to withdraw from my ally savings at discover and was told my account was frozen pending a security review no one informed me of any issues beforehand i had bills due and no access to my own money for weeks the customer service was unhelpful and could not tell me when the review would be
10001628,Savings Account,and could not tell me when the review would be completed
10000120,Credit Card,i noticed a charge of on my chase sapphire statement from i did not authorize this transaction and have been trying to resolve it with capital one for weeks they keep transferring me between departments and no one takes responsibility i have provided documentation proving i was not at the merchant
10000120,Credit Card,documentation proving i was not at the merchant location this is extremely frustrating and i need this resolved immediately
10000657,Credit Card,someone made fraudulent purchases on my amex gold card totaling i reported this to chase immediately and they opened an investigation after weeks they denied my fraud claim saying the transactions appeared legitimate i have filed a police report and have evidence that i was in a different state when
10000657,Credit Card,evidence that i was in a different state when these transactions occurred
10002108,Money Transfer,i initiated an international transfer of through bank of americas zelle service the estimated delivery was days but after weeks the money has still not arrived each time i call they say it is being processed meanwhile the exchange rate has changed significantly costing me an additional in value
10002072,Money Transfer,my account was frozen by western union after i made a venmo transfer of they claimed the transaction was flagged for suspicious activity but i was simply sending money to my family overseas which i do every month it took weeks to get my account unfrozen and i had to provide extensive documentation
10002072,Money Transfer,and i had to provide extensive documentation including pay stubs and tax returns
10002261,Money Transfer,i sent via zelle through bank of america to pay my landlord the money was deducted from my account but never received by the recipient it has been weeks and bank of america has not been able to locate the funds or provide a refund i am now at risk of eviction because my rent appears unpaid
10000636,Credit Card,american express charged me a late fee on my capital one venture card even though i made my payment on time my bank records show the payment was initiated days before the due date when i called to dispute they said the payment was received one day late due to processing time this is unacceptable i
10000636,Credit Card,due to processing time this is unacceptable i should not be penalized for their slow processing system
10000370,Credit Card,i have been a loyal capital one venture cardholder with capital one for over years recently i noticed my interest rate was increased from to without adequate explanation i have excellent payment history and no late payments other companies are offering much lower rates i am considering closing this
10000370,Credit Card,much lower rates i am considering closing this account if the rate is not adjusted
10000269,Credit Card,my amex gold card from discover suddenly had its credit limit reduced from to without any prior notification i have never missed a payment and my credit score is above when i called to ask why the representative could not give me a clear answer this reduction has negatively affected my credit
10000269,Credit Card,this reduction has negatively affected my credit utilization ratio and dropped my score by points
10000656,Credit Card,my capital one venture card from american express suddenly had its credit limit reduced from to without any prior notification i have never missed a payment and my credit score is above when i called to ask why the representative could not give me a clear answer this reduction has negatively
10000656,Credit Card,me a clear answer this reduction has negatively affected my credit utilization ratio and dropped my score by points
10002127,Money Transfer,i accidentally sent to the wrong person through wire transfer via paypal i realized the error within minutes and immediately contacted them to cancel they said the transaction was already completed and they cannot reverse it they suggested i ask the recipient nicely to send it back this is an
10002127,Money Transfer,the recipient nicely to send it back this is an unacceptable response for such a large amount
10000936,Personal Loan,i tried to make an extra payment on my prosper loan from upstart to pay down the principal faster their system automatically applied it to future payments instead of the principal balance after calling times each representative gave me different instructions i am paying more interest than necessary
10000936,Personal Loan,i am paying more interest than necessary because they will not properly apply my payments
10000047,Credit Card,the rewards program on my citi double cash card was changed without notice chase devalued the points by nearly making the annual fee of no longer worth it i specifically chose this card for its rewards structure and feel this is a baitandswitch tactic longtime customers should be grandfathered into
10000047,Credit Card,longtime customers should be grandfathered into the original rewards program
10001374,Savings Account,synchrony charged me a monthly maintenance fee on my ally savings that was supposed to be free when i called to dispute they said i did not maintain the minimum balance of even though my statements show i was always above that threshold i want all fees refunded and a guarantee this will not happen
10001374,Savings Account,refunded and a guarantee this will not happen again
10000884,Personal Loan,sofi sold my prosper loan loan to a thirdparty debt collector without notifying me the collector is now adding additional fees and interest that were not part of my original agreement they call me times per day including on weekends and have been rude and threatening this is harassment and a
10000884,Personal Loan,rude and threatening this is harassment and a violation of fair debt collection practices
10000992,Personal Loan,i applied for a upstart loan with prosper and was denied despite having a credit score of and a stable income of per year the denial letter was vague citing insufficient credit history i have years of credit history with no delinquencies i believe this decision was made unfairly and request a proper
10000992,Personal Loan,decision was made unfairly and request a proper review
10000774,Credit Card,my discover it card from discover suddenly had its credit limit reduced from to without any prior notification i have never missed a payment and my credit score is above when i called to ask why the representative could not give me a clear answer this reduction has negatively affected my credit
10000774,Credit Card,this reduction has negatively affected my credit utilization ratio and dropped my score by points
10001220,Savings Account,ally bank charged me a monthly maintenance fee on my marcus savings that was supposed to be free when i called to dispute they said i did not maintain the minimum balance of even though my statements show i was always above that threshold i want all fees refunded and a guarantee this will not happen
10001220,Savings Account,refunded and a guarantee this will not happen again
10001127,Personal Loan,i applied for a sofi personal loan with goldman sachs and was denied despite having a credit score of and a stable income of per year the denial letter was vague citing insufficient credit history i have years of credit history with no delinquencies i believe this decision was made unfairly and
10001127,Personal Loan,i believe this decision was made unfairly and request a proper review
10000005,Credit Card,i applied for the capital one venture card specifically for the point signup bonus i met all the spending requirements within the specified timeframe but american express has refused to credit my bonus points i have called times over the past months and each representative tells me something
10000005,Credit Card,months and each representative tells me something different i have all receipts and statements showing i qualified
10002190,Money Transfer,i accidentally sent to the wrong person through wire transfer via western union i realized the error within minutes and immediately contacted them to cancel they said the transaction was already completed and they cannot reverse it they suggested i ask the recipient nicely to send it back this is an
10002190,Money Transfer,the recipient nicely to send it back this is an unacceptable response for such a large amount
10001004,Personal Loan,i tried to make an extra payment on my marcus loan from lendingclub to pay down the principal faster their system automatically applied it to future payments instead of the principal balance after calling times each representative gave me different instructions i am paying more interest than
10001004,Personal Loan,instructions i am paying more interest than necessary because they will not properly apply my payments
10001596,Savings Account,i have been trying to reach discovers customer service about an issue with my ally savings for weeks wait times exceed minutes and i have been disconnected times after waiting when i finally got through the representative could not resolve my issue and told me to call back this level of service is
10001596,Savings Account,and told me to call back this level of service is completely unacceptable for a bank holding my savings
10002151,Money Transfer,i was contacted by someone claiming to be from my banks fraud department they convinced me to send via venmo to secure my account i later realized this was a scam and immediately contacted paypal they refused to reverse the transaction saying venmo transfers are final i believe paypal should have
10002151,Money Transfer,transfers are final i believe paypal should have better fraud protection mechanisms
10000264,Credit Card,i noticed a charge of on my amex gold statement from i did not authorize this transaction and have been trying to resolve it with chase for weeks they keep transferring me between departments and no one takes responsibility i have provided documentation proving i was not at the merchant location
10000264,Credit Card,proving i was not at the merchant location this is extremely frustrating and i need this resolved immediately
10002051,Money Transfer,i sent via wire transfer through venmo to pay my landlord the money was deducted from my account but never received by the recipient it has been weeks and venmo has not been able to locate the funds or provide a refund i am now at risk of eviction because my rent appears unpaid
10000613,Credit Card,the rewards program on my discover it card was changed without notice discover devalued the points by nearly making the annual fee of no longer worth it i specifically chose this card for its rewards structure and feel this is a baitandswitch tactic longtime customers should be grandfathered into
10000613,Credit Card,longtime customers should be grandfathered into the original rewards program
10000444,Credit Card,i applied for the capital one venture card specifically for the point signup bonus i met all the spending requirements within the specified timeframe but chase has refused to credit my bonus points i have called times over the past months and each representative tells me something different i have
10000444,Credit Card,tells me something different i have all receipts and statements showing i qualified
10001003,Personal Loan,i tried to make an extra payment on my upstart loan from upstart to pay down the principal faster their system automatically applied it to future payments instead of the principal balance after calling times each representative gave me different instructions i am paying more interest than necessary
10001003,Personal Loan,i am paying more interest than necessary because they will not properly apply my payments
10001078,Personal Loan,i took out a personal loan of with prosper through their lendingclub loan program the advertised rate was but after approval i was given the terms were buried in fine print and the loan officer rushed me through the signing process i am now paying per month which is more than what was originally
10001078,Personal Loan,per month which is more than what was originally quoted
10000682,Credit Card,someone made fraudulent purchases on my discover it card totaling i reported this to chase immediately and they opened an investigation after weeks they denied my fraud claim saying the transactions appeared legitimate i have filed a police report and have evidence that i was in a different state
10000682,Credit Card,and have evidence that i was in a different state when these transactions occurred
10001716,Savings Account,i have been trying to reach ally banks customer service about an issue with my marcus savings for weeks wait times exceed minutes and i have been disconnected times after waiting when i finally got through the representative could not resolve my issue and told me to call back this level of service
10001716,Savings Account,and told me to call back this level of service is completely unacceptable for a bank holding my savings
10000305,Credit Card,i noticed a charge of on my chase sapphire statement from i did not authorize this transaction and have been trying to resolve it with citibank for weeks they keep transferring me between departments and no one takes responsibility i have provided documentation proving i was not at the merchant
10000305,Credit Card,documentation proving i was not at the merchant location this is extremely frustrating and i need this resolved immediately
10001366,Savings Account,my ally savings with goldman sachs was accessed by someone who changed my contact information and attempted to transfer out of my account when i reported this goldman sachs took weeks to investigate and temporarily restricted my access i am concerned about the security of their online banking
10001366,Savings Account,about the security of their online banking platform and how this person gained access
10002035,Money Transfer,i sent via paypal through paypal to pay my landlord the money was deducted from my account but never received by the recipient it has been weeks and paypal has not been able to locate the funds or provide a refund i am now at risk of eviction because my rent appears unpaid
10000314,Credit Card,capital one charged me a late fee on my amex gold card even though i made my payment on time my bank records show the payment was initiated days before the due date when i called to dispute they said the payment was received one day late due to processing time this is unacceptable i should not be
10000314,Credit Card,time this is unacceptable i should not be penalized for their slow processing system
10000150,Credit Card,the rewards program on my citi double cash card was changed without notice american express devalued the points by nearly making the annual fee of no longer worth it i specifically chose this card for its rewards structure and feel this is a baitandswitch tactic longtime customers should be
10000150,Credit Card,baitandswitch tactic longtime customers should be grandfathered into the original rewards program
10001149,Personal Loan,i took out a personal loan of with lendingclub through their marcus loan program the advertised rate was but after approval i was given the terms were buried in fine print and the loan officer rushed me through the signing process i am now paying per month which is more than what was originally
10001149,Personal Loan,per month which is more than what was originally quoted
10001214,Savings Account,i opened a chase savings with goldman sachs because they advertised a apy after three months the rate was quietly dropped to without notification when i called they said the promotional rate had expired but this was never clearly communicated at account opening i moved into this account specifically
10001214,Savings Account,opening i moved into this account specifically for the higher rate
10000575,Credit Card,someone made fraudulent purchases on my discover it card totaling i reported this to discover immediately and they opened an investigation after weeks they denied my fraud claim saying the transactions appeared legitimate i have filed a police report and have evidence that i was in a different state
10000575,Credit Card,and have evidence that i was in a different state when these transactions occurred
10001722,Savings Account,i have been trying to reach ally banks customer service about an issue with my ally savings for weeks wait times exceed minutes and i have been disconnected times after waiting when i finally got through the representative could not resolve my issue and told me to call back this level of service is
10001722,Savings Account,and told me to call back this level of service is completely unacceptable for a bank holding my savings
10001689,Savings Account,synchrony charged me a monthly maintenance fee on my discover savings that was supposed to be free when i called to dispute they said i did not maintain the minimum balance of even though my statements show i was always above that threshold i want all fees refunded and a guarantee this will not
10001689,Savings Account,all fees refunded and a guarantee this will not happen again
10000051,Credit Card,i have been a loyal discover it cardholder with capital one for over years recently i noticed my interest rate was increased from to without adequate explanation i have excellent payment history and no late payments other companies are offering much lower rates i am considering closing this account
10000051,Credit Card,lower rates i am considering closing this account if the rate is not adjusted
10002027,Money Transfer,i accidentally sent to the wrong person through wire transfer via western union i realized the error within minutes and immediately contacted them to cancel they said the transaction was already completed and they cannot reverse it they suggested i ask the recipient nicely to send it back this is an
10002027,Money Transfer,the recipient nicely to send it back this is an unacceptable response for such a large amount
10000727,Credit Card,i applied for the citi double cash card specifically for the point signup bonus i met all the spending requirements within the specified timeframe but american express has refused to credit my bonus points i have called times over the past months and each representative tells me something different
10000727,Credit Card,each representative tells me something different i have all receipts and statements showing i qualified
10001378,Savings Account,goldman sachs closed my synchrony savings account without warning citing business reasons i had in the account and it took weeks to receive a cashiers check no explanation was ever provided for the closure i have been a customer for years with no suspicious activity on the account
10001116,Personal Loan,the total cost of my prosper loan from sofi ended up being which is nearly times the original loan amount of the interest rate of combined with various processing fees and insurance charges that were added without my clear consent have made this loan predatory in my opinion
10001167,Personal Loan,i took out a personal loan of with goldman sachs through their prosper loan program the advertised rate was but after approval i was given the terms were buried in fine print and the loan officer rushed me through the signing process i am now paying per month which is more than what was originally
10001167,Personal Loan,per month which is more than what was originally quoted
10000471,Credit Card,my citi double cash card from chase suddenly had its credit limit reduced from to without any prior notification i have never missed a payment and my credit score is above when i called to ask why the representative could not give me a clear answer this reduction has negatively affected my credit
10000471,Credit Card,this reduction has negatively affected my credit utilization ratio and dropped my score by points
10001907,Money Transfer,my account was frozen by venmo after i made a zelle transfer of they claimed the transaction was flagged for suspicious activity but i was simply sending money to my family overseas which i do every month it took weeks to get my account unfrozen and i had to provide extensive documentation including
10001907,Money Transfer,had to provide extensive documentation including pay stubs and tax returns
10000972,Personal Loan,i applied for a upstart loan with goldman sachs and was denied despite having a credit score of and a stable income of per year the denial letter was vague citing insufficient credit history i have years of credit history with no delinquencies i believe this decision was made unfairly and request a
10000972,Personal Loan,this decision was made unfairly and request a proper review
10000654,Credit Card,i have been a loyal chase sapphire cardholder with chase for over years recently i noticed my interest rate was increased from to without adequate explanation i have excellent payment history and no late payments other companies are offering much lower rates i am considering closing this account if
10000654,Credit Card,rates i am considering closing this account if the rate is not adjusted
10000400,Credit Card,american express charged me a late fee on my citi double cash card even though i made my payment on time my bank records show the payment was initiated days before the due date when i called to dispute they said the payment was received one day late due to processing time this is unacceptable i
10000400,Credit Card,due to processing time this is unacceptable i should not be penalized for their slow processing system
10000512,Credit Card,my discover it card from american express suddenly had its credit limit reduced from to without any prior notification i have never missed a payment and my credit score is above when i called to ask why the representative could not give me a clear answer this reduction has negatively affected my
10000512,Credit Card,answer this reduction has negatively affected my credit utilization ratio and dropped my score by points
10002070,Money Transfer,my account was frozen by paypal after i made a wire transfer transfer of they claimed the transaction was flagged for suspicious activity but i was simply sending money to my family overseas which i do every month it took weeks to get my account unfrozen and i had to provide extensive documentation
10002070,Money Transfer,and i had to provide extensive documentation including pay stubs and tax returns
10000321,Credit Card,my capital one venture card from american express suddenly had its credit limit reduced from to without any prior notification i have never missed a payment and my credit score is above when i called to ask why the representative could not give me a clear answer this reduction has negatively
10000321,Credit Card,me a clear answer this reduction has negatively affected my credit utilization ratio and dropped my score by points
10000020,Credit Card,i noticed a charge of on my discover it statement from i did not authorize this transaction and have been trying to resolve it with american express for weeks they keep transferring me between departments and no one takes responsibility i have provided documentation proving i was not at the merchant
10000020,Credit Card,documentation proving i was not at the merchant location this is extremely frustrating and i need this resolved immediately
10000685,Credit Card,my amex gold card from citibank suddenly had its credit limit reduced from to without any prior notification i have never missed a payment and my credit score is above when i called to ask why the representative could not give me a clear answer this reduction has negatively affected my credit
10000685,Credit Card,this reduction has negatively affected my credit utilization ratio and dropped my score by points
10000036,Credit Card,someone made fraudulent purchases on my capital one venture card totaling i reported this to chase immediately and they opened an investigation after weeks they denied my fraud claim saying the transactions appeared legitimate i have filed a police report and have evidence that i was in a different
10000036,Credit Card,and have evidence that i was in a different state when these transactions occurred
10000903,Personal Loan,the total cost of my marcus loan from goldman sachs ended up being which is nearly times the original loan amount of the interest rate of combined with various processing fees and insurance charges that were added without my clear consent have made this loan predatory in my opinion
10002185,Money Transfer,venmo charged me a fee for a wire transfer transfer that was advertised as free the fee was hidden in the exchange rate markup and only visible after carefully comparing the rates the actual exchange rate applied was worse than the market rate this is deceptive and the total hidden cost was
10000525,Credit Card,chase charged me a late fee on my capital one venture card even though i made my payment on time my bank records show the payment was initiated days before the due date when i called to dispute they said the payment was received one day late due to processing time this is unacceptable i should not
10000525,Credit Card,processing time this is unacceptable i should not be penalized for their slow processing system
10000408,Credit Card,the rewards program on my amex gold card was changed without notice discover devalued the points by nearly making the annual fee of no longer worth it i specifically chose this card for its rewards structure and feel this is a baitandswitch tactic longtime customers should be grandfathered into the
10000408,Credit Card,customers should be grandfathered into the original rewards program
10000921,Personal Loan,i have been making regular payments on my upstart loan from goldman sachs for months last month they claimed they did not receive my payment even though my bank shows it was debited they charged me a late fee and reported a missed payment to the credit bureaus dropping my score by points i need this
10000921,Personal Loan,bureaus dropping my score by points i need this corrected immediately
10001891,Money Transfer,i initiated an international transfer of through paypals western union service the estimated delivery was days but after weeks the money has still not arrived each time i call they say it is being processed meanwhile the exchange rate has changed significantly costing me an additional in value
10000538,Credit Card,i noticed a charge of on my capital one venture statement from i did not authorize this transaction and have been trying to resolve it with capital one for weeks they keep transferring me between departments and no one takes responsibility i have provided documentation proving i was not at the
10000538,Credit Card,provided documentation proving i was not at the merchant location this is extremely frustrating and i need this resolved immediately
10000759,Credit Card,i noticed a charge of on my discover it statement from i did not authorize this transaction and have been trying to resolve it with discover for weeks they keep transferring me between departments and no one takes responsibility i have provided documentation proving i was not at the merchant
10000759,Credit Card,documentation proving i was not at the merchant location this is extremely frustrating and i need this resolved immediately
10001706,Savings Account,my marcus savings with ally bank was accessed by someone who changed my contact information and attempted to transfer out of my account when i reported this ally bank took weeks to investigate and temporarily restricted my access i am concerned about the security of their online banking platform and
10001706,Savings Account,the security of their online banking platform and how this person gained access
10002260,Money Transfer,i accidentally sent to the wrong person through venmo via bank of america i realized the error within minutes and immediately contacted them to cancel they said the transaction was already completed and they cannot reverse it they suggested i ask the recipient nicely to send it back this is an
10002260,Money Transfer,the recipient nicely to send it back this is an unacceptable response for such a large amount
10001063,Personal Loan,the total cost of my sofi personal loan from upstart ended up being which is nearly times the original loan amount of the interest rate of combined with various processing fees and insurance charges that were added without my clear consent have made this loan predatory in my opinion
10000246,Credit Card,the rewards program on my capital one venture card was changed without notice american express devalued the points by nearly making the annual fee of no longer worth it i specifically chose this card for its rewards structure and feel this is a baitandswitch tactic longtime customers should be
10000246,Credit Card,baitandswitch tactic longtime customers should be grandfathered into the original rewards program
10001417,Savings Account,i have been trying to reach chases customer service about an issue with my synchrony savings for weeks wait times exceed minutes and i have been disconnected times after waiting when i finally got through the representative could not resolve my issue and told me to call back this level of service is
10001417,Savings Account,and told me to call back this level of service is completely unacceptable for a bank holding my savings
10001953,Money Transfer,my account was frozen by western union after i made a paypal transfer of they claimed the transaction was flagged for suspicious activity but i was simply sending money to my family overseas which i do every month it took weeks to get my account unfrozen and i had to provide extensive documentation
10001953,Money Transfer,and i had to provide extensive documentation including pay stubs and tax returns
10001128,Personal Loan,the total cost of my upstart loan from prosper ended up being which is nearly times the original loan amount of the interest rate of combined with various processing fees and insurance charges that were added without my clear consent have made this loan predatory in my opinion
10000785,Credit Card,someone made fraudulent purchases on my citi double cash card totaling i reported this to chase immediately and they opened an investigation after weeks they denied my fraud claim saying the transactions appeared legitimate i have filed a police report and have evidence that i was in a different
10000785,Credit Card,and have evidence that i was in a different state when these transactions occurred
10002010,Money Transfer,i accidentally sent to the wrong person through venmo via paypal i realized the error within minutes and immediately contacted them to cancel they said the transaction was already completed and they cannot reverse it they suggested i ask the recipient nicely to send it back this is an unacceptable
10002010,Money Transfer,nicely to send it back this is an unacceptable response for such a large amount
10001410,Savings Account,chase closed my discover savings account without warning citing business reasons i had in the account and it took weeks to receive a cashiers check no explanation was ever provided for the closure i have been a customer for years with no suspicious activity on the account
10000490,Credit Card,my chase sapphire card from discover suddenly had its credit limit reduced from to without any prior notification i have never missed a payment and my credit score is above when i called to ask why the representative could not give me a clear answer this reduction has negatively affected my credit
10000490,Credit Card,this reduction has negatively affected my credit utilization ratio and dropped my score by points
10000155,Credit Card,i applied for the amex gold card specifically for the point signup bonus i met all the spending requirements within the specified timeframe but citibank has refused to credit my bonus points i have called times over the past months and each representative tells me something different i have all
10000155,Credit Card,tells me something different i have all receipts and statements showing i qualified
10001663,Savings Account,my synchrony savings with synchrony was accessed by someone who changed my contact information and attempted to transfer out of my account when i reported this synchrony took weeks to investigate and temporarily restricted my access i am concerned about the security of their online banking platform
10001663,Savings Account,the security of their online banking platform and how this person gained access
10000962,Personal Loan,i applied for a lendingclub loan with goldman sachs and was denied despite having a credit score of and a stable income of per year the denial letter was vague citing insufficient credit history i have years of credit history with no delinquencies i believe this decision was made unfairly and
10000962,Personal Loan,i believe this decision was made unfairly and request a proper review
10001687,Savings Account,synchrony closed my synchrony savings account without warning citing business reasons i had in the account and it took weeks to receive a cashiers check no explanation was ever provided for the closure i have been a customer for years with no suspicious activity on the account
10001967,Money Transfer,my account was frozen by venmo after i made a venmo transfer of they claimed the transaction was flagged for suspicious activity but i was simply sending money to my family overseas which i do every month it took weeks to get my account unfrozen and i had to provide extensive documentation including
10001967,Money Transfer,had to provide extensive documentation including pay stubs and tax returns
10001312,Savings Account,i tried to withdraw from my synchrony savings at synchrony and was told my account was frozen pending a security review no one informed me of any issues beforehand i had bills due and no access to my own money for weeks the customer service was unhelpful and could not tell me when the review would
10001312,Savings Account,and could not tell me when the review would be completed
10000626,Credit Card,someone made fraudulent purchases on my capital one venture card totaling i reported this to american express immediately and they opened an investigation after weeks they denied my fraud claim saying the transactions appeared legitimate i have filed a police report and have evidence that i was in a
10000626,Credit Card,a police report and have evidence that i was in a different state when these transactions occurred
10000686,Credit Card,american express charged me a late fee on my citi double cash card even though i made my payment on time my bank records show the payment was initiated days before the due date when i called to dispute they said the payment was received one day late due to processing time this is unacceptable i
10000686,Credit Card,due to processing time this is unacceptable i should not be penalized for their slow processing system
10002218,Money Transfer,my account was frozen by western union after i made a venmo transfer of they claimed the transaction was flagged for suspicious activity but i was simply sending money to my family overseas which i do every month it took weeks to get my account unfrozen and i had to provide extensive documentation
10002218,Money Transfer,and i had to provide extensive documentation including pay stubs and tax returns
10000570,Credit Card,the rewards program on my capital one venture card was changed without notice discover devalued the points by nearly making the annual fee of no longer worth it i specifically chose this card for its rewards structure and feel this is a baitandswitch tactic longtime customers should be grandfathered
10000570,Credit Card,tactic longtime customers should be grandfathered into the original rewards program
10000566,Credit Card,my capital one venture card from citibank suddenly had its credit limit reduced from to without any prior notification i have never missed a payment and my credit score is above when i called to ask why the representative could not give me a clear answer this reduction has negatively affected my
10000566,Credit Card,answer this reduction has negatively affected my credit utilization ratio and dropped my score by points
10001759,Savings Account,i have been trying to reach goldman sachss customer service about an issue with my synchrony savings for weeks wait times exceed minutes and i have been disconnected times after waiting when i finally got through the representative could not resolve my issue and told me to call back this level of
10001759,Savings Account,my issue and told me to call back this level of service is completely unacceptable for a bank holding my savings
10002026,Money Transfer,paypal charged me a fee for a venmo transfer that was advertised as free the fee was hidden in the exchange rate markup and only visible after carefully comparing the rates the actual exchange rate applied was worse than the market rate this is deceptive and the total hidden cost was
10000018,Credit Card,the rewards program on my capital one venture card was changed without notice capital one devalued the points by nearly making the annual fee of no longer worth it i specifically chose this card for its rewards structure and feel this is a baitandswitch tactic longtime customers should be
10000018,Credit Card,baitandswitch tactic longtime customers should be grandfathered into the original rewards program
10000128,Credit Card,someone made fraudulent purchases on my capital one venture card totaling i reported this to chase immediately and they opened an investigation after weeks they denied my fraud claim saying the transactions appeared legitimate i have filed a police report and have evidence that i was in a different
10000128,Credit Card,and have evidence that i was in a different state when these transactions occurred
10001347,Savings Account,goldman sachs closed my ally savings account without warning citing business reasons i had in the account and it took weeks to receive a cashiers check no explanation was ever provided for the closure i have been a customer for years with no suspicious activity on the account
10001280,Savings Account,my marcus savings with goldman sachs was accessed by someone who changed my contact information and attempted to transfer out of my account when i reported this goldman sachs took weeks to investigate and temporarily restricted my access i am concerned about the security of their online banking
10001280,Savings Account,about the security of their online banking platform and how this person gained access
10002007,Money Transfer,i initiated an international transfer of through venmos wire transfer service the estimated delivery was days but after weeks the money has still not arrived each time i call they say it is being processed meanwhile the exchange rate has changed significantly costing me an additional in value
10000928,Personal Loan,i applied for a upstart loan with sofi and was denied despite having a credit score of and a stable income of per year the denial letter was vague citing insufficient credit history i have years of credit history with no delinquencies i believe this decision was made unfairly and request a proper
10000928,Personal Loan,decision was made unfairly and request a proper review
10000981,Personal Loan,i tried to make an extra payment on my prosper loan from upstart to pay down the principal faster their system automatically applied it to future payments instead of the principal balance after calling times each representative gave me different instructions i am paying more interest than necessary
10000981,Personal Loan,i am paying more interest than necessary because they will not properly apply my payments
10000253,Credit Card,someone made fraudulent purchases on my capital one venture card totaling i reported this to american express immediately and they opened an investigation after weeks they denied my fraud claim saying the transactions appeared legitimate i have filed a police report and have evidence that i was in a
10000253,Credit Card,a police report and have evidence that i was in a different state when these transactions occurred
10000191,Credit Card,my capital one venture card from discover suddenly had its credit limit reduced from to without any prior notification i have never missed a payment and my credit score is above when i called to ask why the representative could not give me a clear answer this reduction has negatively affected my
10000191,Credit Card,answer this reduction has negatively affected my credit utilization ratio and dropped my score by points
10001140,Personal Loan,i took out a personal loan of with lendingclub through their upstart loan program the advertised rate was but after approval i was given the terms were buried in fine print and the loan officer rushed me through the signing process i am now paying per month which is more than what was originally
10001140,Personal Loan,per month which is more than what was originally quoted
10000993,Personal Loan,i applied for a lendingclub loan with upstart and was denied despite having a credit score of and a stable income of per year the denial letter was vague citing insufficient credit history i have years of credit history with no delinquencies i believe this decision was made unfairly and request a
10000993,Personal Loan,this decision was made unfairly and request a proper review
10000700,Credit Card,i applied for the amex gold card specifically for the point signup bonus i met all the spending requirements within the specified timeframe but chase has refused to credit my bonus points i have called times over the past months and each representative tells me something different i have all
10000700,Credit Card,tells me something different i have all receipts and statements showing i qualified
10000607,Credit Card,i have been a loyal chase sapphire cardholder with discover for over years recently i noticed my interest rate was increased from to without adequate explanation i have excellent payment history and no late payments other companies are offering much lower rates i am considering closing this account
10000607,Credit Card,lower rates i am considering closing this account if the rate is not adjusted
10000181,Credit Card,i applied for the discover it card specifically for the point signup bonus i met all the spending requirements within the specified timeframe but american express has refused to credit my bonus points i have called times over the past months and each representative tells me something different i
10000181,Credit Card,representative tells me something different i have all receipts and statements showing i qualified
10000302,Credit Card,i noticed a charge of on my citi double cash statement from i did not authorize this transaction and have been trying to resolve it with american express for weeks they keep transferring me between departments and no one takes responsibility i have provided documentation proving i was not at the
10000302,Credit Card,provided documentation proving i was not at the merchant location this is extremely frustrating and i need this resolved immediately
10001061,Personal Loan,i took out a personal loan of with lendingclub through their upstart loan program the advertised rate was but after approval i was given the terms were buried in fine print and the loan officer rushed me through the signing process i am now paying per month which is more than what was originally
10001061,Personal Loan,per month which is more than what was originally quoted
10002178,Money Transfer,my account was frozen by bank of america after i made a western union transfer of they claimed the transaction was flagged for suspicious activity but i was simply sending money to my family overseas which i do every month it took weeks to get my account unfrozen and i had to provide extensive
10002178,Money Transfer,account unfrozen and i had to provide extensive documentation including pay stubs and tax returns
10001070,Personal Loan,lendingclub sold my lendingclub loan loan to a thirdparty debt collector without notifying me the collector is now adding additional fees and interest that were not part of my original agreement they call me times per day including on weekends and have been rude and threatening this is harassment
10001070,Personal Loan,have been rude and threatening this is harassment and a violation of fair debt collection practices
10001244,Savings Account,i opened a marcus savings with discover because they advertised a apy after three months the rate was quietly dropped to without notification when i called they said the promotional rate had expired but this was never clearly communicated at account opening i moved into this account specifically for
10001244,Savings Account,i moved into this account specifically for the higher rate
10000017,Credit Card,i have been a loyal capital one venture cardholder with american express for over years recently i noticed my interest rate was increased from to without adequate explanation i have excellent payment history and no late payments other companies are offering much lower rates i am considering closing
10000017,Credit Card,much lower rates i am considering closing this account if the rate is not adjusted
10000547,Credit Card,i noticed a charge of on my citi double cash statement from i did not authorize this transaction and have been trying to resolve it with capital one for weeks they keep transferring me between departments and no one takes responsibility i have provided documentation proving i was not at the merchant
10000547,Credit Card,documentation proving i was not at the merchant location this is extremely frustrating and i need this resolved immediately
10000659,Credit Card,someone made fraudulent purchases on my chase sapphire card totaling i reported this to discover immediately and they opened an investigation after weeks they denied my fraud claim saying the transactions appeared legitimate i have filed a police report and have evidence that i was in a different
10000659,Credit Card,and have evidence that i was in a different state when these transactions occurred
10002084,Money Transfer,i sent via paypal through zelle to pay my landlord the money was deducted from my account but never received by the recipient it has been weeks and zelle has not been able to locate the funds or provide a refund i am now at risk of eviction because my rent appears unpaid
10002111,Money Transfer,i sent via wire transfer through venmo to pay my landlord the money was deducted from my account but never received by the recipient it has been weeks and venmo has not been able to locate the funds or provide a refund i am now at risk of eviction because my rent appears unpaid
10001505,Savings Account,i tried to withdraw from my chase savings at goldman sachs and was told my account was frozen pending a security review no one informed me of any issues beforehand i had bills due and no access to my own money for weeks the customer service was unhelpful and could not tell me when the review would
10001505,Savings Account,and could not tell me when the review would be completed
10000960,Personal Loan,i tried to make an extra payment on my marcus loan from goldman sachs to pay down the principal faster their system automatically applied it to future payments instead of the principal balance after calling times each representative gave me different instructions i am paying more interest than
10000960,Personal Loan,instructions i am paying more interest than necessary because they will not properly apply my payments
10000798,Credit Card,citibank charged me a late fee on my chase sapphire card even though i made my payment on time my bank records show the payment was initiated days before the due date when i called to dispute they said the payment was received one day late due to processing time this is unacceptable i should not be
10000798,Credit Card,time this is unacceptable i should not be penalized for their slow processing system
10000226,Credit Card,someone made fraudulent purchases on my capital one venture card totaling i reported this to discover immediately and they opened an investigation after weeks they denied my fraud claim saying the transactions appeared legitimate i have filed a police report and have evidence that i was in a
10000226,Credit Card,a police report and have evidence that i was in a different state when these transactions occurred
10001800,Savings Account,synchrony closed my chase savings account without warning citing business reasons i had in the account and it took weeks to receive a cashiers check no explanation was ever provided for the closure i have been a customer for years with no suspicious activity on the account
10001694,Savings Account,i tried to withdraw from my chase savings at chase and was told my account was frozen pending a security review no one informed me of any issues beforehand i had bills due and no access to my own money for weeks the customer service was unhelpful and could not tell me when the review would be
10001694,Savings Account,and could not tell me when the review would be completed
10001046,Personal Loan,i tried to make an extra payment on my lendingclub loan from upstart to pay down the principal faster their system automatically applied it to future payments instead of the principal balance after calling times each representative gave me different instructions i am paying more interest than
10001046,Personal Loan,instructions i am paying more interest than necessary because they will not properly apply my payments
10000470,Credit Card,i noticed a charge of on my capital one venture statement from i did not authorize this transaction and have been trying to resolve it with american express for weeks they keep transferring me between departments and no one takes responsibility i have provided documentation proving i was not at the
10000470,Credit Card,provided documentation proving i was not at the merchant location this is extremely frustrating and i need this resolved immediately
10000955,Personal Loan,the total cost of my upstart loan from sofi ended up being which is nearly times the original loan amount of the interest rate of combined with various processing fees and insurance charges that were added without my clear consent have made this loan predatory in my opinion
10000640,Credit Card,i applied for the citi double cash card specifically for the point signup bonus i met all the spending requirements within the specified timeframe but citibank has refused to credit my bonus points i have called times over the past months and each representative tells me something different i have
10000640,Credit Card,tells me something different i have all receipts and statements showing i qualified
10002143,Money Transfer,my account was frozen by western union after i made a wire transfer transfer of they claimed the transaction was flagged for suspicious activity but i was simply sending money to my family overseas which i do every month it took weeks to get my account unfrozen and i had to provide extensive
10002143,Money Transfer,account unfrozen and i had to provide extensive documentation including pay stubs and tax returns
10001219,Savings Account,goldman sachs closed my synchrony savings account without warning citing business reasons i had in the account and it took weeks to receive a cashiers check no explanation was ever provided for the closure i have been a customer for years with no suspicious activity on the account
10001159,Personal Loan,i took out a personal loan of with sofi through their prosper loan program the advertised rate was but after approval i was given the terms were buried in fine print and the loan officer rushed me through the signing process i am now paying per month which is more than what was originally quoted
10001416,Savings Account,i tried to withdraw from my discover savings at ally bank and was told my account was frozen pending a security review no one informed me of any issues beforehand i had bills due and no access to my own money for weeks the customer service was unhelpful and could not tell me when the review would be
10001416,Savings Account,and could not tell me when the review would be completed
10002093,Money Transfer,i was contacted by someone claiming to be from my banks fraud department they convinced me to send via western union to secure my account i later realized this was a scam and immediately contacted paypal they refused to reverse the transaction saying western union transfers are final i believe
10002093,Money Transfer,western union transfers are final i believe paypal should have better fraud protection mechanisms
10001528,Savings Account,i opened a discover savings with goldman sachs because they advertised a apy after three months the rate was quietly dropped to without notification when i called they said the promotional rate had expired but this was never clearly communicated at account opening i moved into this account
10001528,Savings Account,at account opening i moved into this account specifically for the higher rate
10002253,Money Transfer,bank of america charged me a fee for a zelle transfer that was advertised as free the fee was hidden in the exchange rate markup and only visible after carefully comparing the rates the actual exchange rate applied was worse than the market rate this is deceptive and the total hidden cost was
10001301,Savings Account,i opened a ally savings with goldman sachs because they advertised a apy after three months the rate was quietly dropped to without notification when i called they said the promotional rate had expired but this was never clearly communicated at account opening i moved into this account specifically
10001301,Savings Account,opening i moved into this account specifically for the higher rate
10002212,Money Transfer,i initiated an international transfer of through bank of americas wire transfer service the estimated delivery was days but after weeks the money has still not arrived each time i call they say it is being processed meanwhile the exchange rate has changed significantly costing me an additional in
10002212,Money Transfer,changed significantly costing me an additional in value
10001604,Savings Account,ally bank closed my chase savings account without warning citing business reasons i had in the account and it took weeks to receive a cashiers check no explanation was ever provided for the closure i have been a customer for years with no suspicious activity on the account
10000161,Credit Card,the rewards program on my chase sapphire card was changed without notice american express devalued the points by nearly making the annual fee of no longer worth it i specifically chose this card for its rewards structure and feel this is a baitandswitch tactic longtime customers should be
10000161,Credit Card,baitandswitch tactic longtime customers should be grandfathered into the original rewards program
10001705,Savings Account,i tried to withdraw from my marcus savings at ally bank and was told my account was frozen pending a security review no one informed me of any issues beforehand i had bills due and no access to my own money for weeks the customer service was unhelpful and could not tell me when the review would be
10001705,Savings Account,and could not tell me when the review would be completed
10000957,Personal Loan,the total cost of my lendingclub loan from upstart ended up being which is nearly times the original loan amount of the interest rate of combined with various processing fees and insurance charges that were added without my clear consent have made this loan predatory in my opinion
10002249,Money Transfer,i accidentally sent to the wrong person through wire transfer via bank of america i realized the error within minutes and immediately contacted them to cancel they said the transaction was already completed and they cannot reverse it they suggested i ask the recipient nicely to send it back this is
10002249,Money Transfer,ask the recipient nicely to send it back this is an unacceptable response for such a large amount
10001920,Money Transfer,i initiated an international transfer of through bank of americas wire transfer service the estimated delivery was days but after weeks the money has still not arrived each time i call they say it is being processed meanwhile the exchange rate has changed significantly costing me an additional in
10001920,Money Transfer,changed significantly costing me an additional in value
10001885,Money Transfer,i was contacted by someone claiming to be from my banks fraud department they convinced me to send via western union to secure my account i later realized this was a scam and immediately contacted paypal they refused to reverse the transaction saying western union transfers are final i believe
10001885,Money Transfer,western union transfers are final i believe paypal should have better fraud protection mechanisms
10000099,Credit Card,my citi double cash card from american express suddenly had its credit limit reduced from to without any prior notification i have never missed a payment and my credit score is above when i called to ask why the representative could not give me a clear answer this reduction has negatively affected
10000099,Credit Card,answer this reduction has negatively affected my credit utilization ratio and dropped my score by points
10002226,Money Transfer,i initiated an international transfer of through paypals paypal service the estimated delivery was days but after weeks the money has still not arrived each time i call they say it is being processed meanwhile the exchange rate has changed significantly costing me an additional in value
10000254,Credit Card,citibank charged me a late fee on my chase sapphire card even though i made my payment on time my bank records show the payment was initiated days before the due date when i called to dispute they said the payment was received one day late due to processing time this is unacceptable i should not be
10000254,Credit Card,time this is unacceptable i should not be penalized for their slow processing system
10000104,Credit Card,my citi double cash card from citibank suddenly had its credit limit reduced from to without any prior notification i have never missed a payment and my credit score is above when i called to ask why the representative could not give me a clear answer this reduction has negatively affected my credit
10000104,Credit Card,this reduction has negatively affected my credit utilization ratio and dropped my score by points
10001446,Savings Account,ally bank charged me a monthly maintenance fee on my ally savings that was supposed to be free when i called to dispute they said i did not maintain the minimum balance of even though my statements show i was always above that threshold i want all fees refunded and a guarantee this will not happen
10001446,Savings Account,refunded and a guarantee this will not happen again
10001444,Savings Account,i have been trying to reach discovers customer service about an issue with my ally savings for weeks wait times exceed minutes and i have been disconnected times after waiting when i finally got through the representative could not resolve my issue and told me to call back this level of service is
10001444,Savings Account,and told me to call back this level of service is completely unacceptable for a bank holding my savings
10001649,Savings Account,my synchrony savings with chase was accessed by someone who changed my contact information and attempted to transfer out of my account when i reported this chase took weeks to investigate and temporarily restricted my access i am concerned about the security of their online banking platform and how
10001649,Savings Account,security of their online banking platform and how this person gained access
10000587,Credit Card,citibank charged me a late fee on my capital one venture card even though i made my payment on time my bank records show the payment was initiated days before the due date when i called to dispute they said the payment was received one day late due to processing time this is unacceptable i should
10000587,Credit Card,to processing time this is unacceptable i should not be penalized for their slow processing system
10000628,Credit Card,i noticed a charge of on my citi double cash statement from i did not authorize this transaction and have been trying to resolve it with citibank for weeks they keep transferring me between departments and no one takes responsibility i have provided documentation proving i was not at the merchant
10000628,Credit Card,documentation proving i was not at the merchant location this is extremely frustrating and i need this resolved immediately
10001697,Savings Account,goldman sachs charged me a monthly maintenance fee on my ally savings that was supposed to be free when i called to dispute they said i did not maintain the minimum balance of even though my statements show i was always above that threshold i want all fees refunded and a guarantee this will not
10001697,Savings Account,all fees refunded and a guarantee this will not happen again
10002102,Money Transfer,western union charged me a fee for a zelle transfer that was advertised as free the fee was hidden in the exchange rate markup and only visible after carefully comparing the rates the actual exchange rate applied was worse than the market rate this is deceptive and the total hidden cost was
10000404,Credit Card,i have been a loyal amex gold cardholder with american express for over years recently i noticed my interest rate was increased from to without adequate explanation i have excellent payment history and no late payments other companies are offering much lower rates i am considering closing this
10000404,Credit Card,much lower rates i am considering closing this account if the rate is not adjusted
10001155,Personal Loan,the total cost of my prosper loan from prosper ended up being which is nearly times the original loan amount of the interest rate of combined with various processing fees and insurance charges that were added without my clear consent have made this loan predatory in my opinion
10001683,Savings Account,i have been trying to reach goldman sachss customer service about an issue with my ally savings for weeks wait times exceed minutes and i have been disconnected times after waiting when i finally got through the representative could not resolve my issue and told me to call back this level of service
10001683,Savings Account,and told me to call back this level of service is completely unacceptable for a bank holding my savings
10002057,Money Transfer,i initiated an international transfer of through venmos paypal service the estimated delivery was days but after weeks the money has still not arrived each time i call they say it is being processed meanwhile the exchange rate has changed significantly costing me an additional in value
10002196,Money Transfer,i sent via western union through zelle to pay my landlord the money was deducted from my account but never received by the recipient it has been weeks and zelle has not been able to locate the funds or provide a refund i am now at risk of eviction because my rent appears unpaid
10000453,Credit Card,i applied for the capital one venture card specifically for the point signup bonus i met all the spending requirements within the specified timeframe but american express has refused to credit my bonus points i have called times over the past months and each representative tells me something
10000453,Credit Card,months and each representative tells me something different i have all receipts and statements showing i qualified
10001328,Savings Account,my synchrony savings with synchrony was accessed by someone who changed my contact information and attempted to transfer out of my account when i reported this synchrony took weeks to investigate and temporarily restricted my access i am concerned about the security of their online banking platform
10001328,Savings Account,the security of their online banking platform and how this person gained access
10002050,Money Transfer,i initiated an international transfer of through western unions venmo service the estimated delivery was days but after weeks the money has still not arrived each time i call they say it is being processed meanwhile the exchange rate has changed significantly costing me an additional in value
10000881,Personal Loan,i have been making regular payments on my lendingclub loan from upstart for months last month they claimed they did not receive my payment even though my bank shows it was debited they charged me a late fee and reported a missed payment to the credit bureaus dropping my score by points i need this
10000881,Personal Loan,bureaus dropping my score by points i need this corrected immediately
10002250,Money Transfer,venmo charged me a fee for a venmo transfer that was advertised as free the fee was hidden in the exchange rate markup and only visible after carefully comparing the rates the actual exchange rate applied was worse than the market rate this is deceptive and the total hidden cost was
10000624,Credit Card,i have been a loyal capital one venture cardholder with citibank for over years recently i noticed my interest rate was increased from to without adequate explanation i have excellent payment history and no late payments other companies are offering much lower rates i am considering closing this
10000624,Credit Card,much lower rates i am considering closing this account if the rate is not adjusted
10001788,Savings Account,i have been trying to reach goldman sachss customer service about an issue with my discover savings for weeks wait times exceed minutes and i have been disconnected times after waiting when i finally got through the representative could not resolve my issue and told me to call back this level of
10001788,Savings Account,my issue and told me to call back this level of service is completely unacceptable for a bank holding my savings
10000263,Credit Card,i applied for the citi double cash card specifically for the point signup bonus i met all the spending requirements within the specified timeframe but chase has refused to credit my bonus points i have called times over the past months and each representative tells me something different i have all
10000263,Credit Card,tells me something different i have all receipts and statements showing i qualified
10001635,Savings Account,chase charged me a monthly maintenance fee on my discover savings that was supposed to be free when i called to dispute they said i did not maintain the minimum balance of even though my statements show i was always above that threshold i want all fees refunded and a guarantee this will not happen
10001635,Savings Account,refunded and a guarantee this will not happen again
10001439,Savings Account,chase charged me a monthly maintenance fee on my marcus savings that was supposed to be free when i called to dispute they said i did not maintain the minimum balance of even though my statements show i was always above that threshold i want all fees refunded and a guarantee this will not happen
10001439,Savings Account,refunded and a guarantee this will not happen again
10001970,Money Transfer,my account was frozen by paypal after i made a western union transfer of they claimed the transaction was flagged for suspicious activity but i was simply sending money to my family overseas which i do every month it took weeks to get my account unfrozen and i had to provide extensive documentation
10001970,Money Transfer,and i had to provide extensive documentation including pay stubs and tax returns
10001803,Savings Account,synchrony closed my ally savings account without warning citing business reasons i had in the account and it took weeks to receive a cashiers check no explanation was ever provided for the closure i have been a customer for years with no suspicious activity on the account
10000641,Credit Card,my discover it card from capital one suddenly had its credit limit reduced from to without any prior notification i have never missed a payment and my credit score is above when i called to ask why the representative could not give me a clear answer this reduction has negatively affected my credit
10000641,Credit Card,this reduction has negatively affected my credit utilization ratio and dropped my score by points
10002186,Money Transfer,my account was frozen by zelle after i made a wire transfer transfer of they claimed the transaction was flagged for suspicious activity but i was simply sending money to my family overseas which i do every month it took weeks to get my account unfrozen and i had to provide extensive documentation
10002186,Money Transfer,and i had to provide extensive documentation including pay stubs and tax returns
10001960,Money Transfer,western union charged me a fee for a wire transfer transfer that was advertised as free the fee was hidden in the exchange rate markup and only visible after carefully comparing the rates the actual exchange rate applied was worse than the market rate this is deceptive and the total hidden cost was
10000489,Credit Card,i applied for the citi double cash card specifically for the point signup bonus i met all the spending requirements within the specified timeframe but citibank has refused to credit my bonus points i have called times over the past months and each representative tells me something different i have
10000489,Credit Card,tells me something different i have all receipts and statements showing i qualified
10001735,Savings Account,synchrony charged me a monthly maintenance fee on my chase savings that was supposed to be free when i called to dispute they said i did not maintain the minimum balance of even though my statements show i was always above that threshold i want all fees refunded and a guarantee this will not happen
10001735,Savings Account,refunded and a guarantee this will not happen again
10000147,Credit Card,the rewards program on my chase sapphire card was changed without notice american express devalued the points by nearly making the annual fee of no longer worth it i specifically chose this card for its rewards structure and feel this is a baitandswitch tactic longtime customers should be
10000147,Credit Card,baitandswitch tactic longtime customers should be grandfathered into the original rewards program
10001535,Savings Account,i have been trying to reach goldman sachss customer service about an issue with my synchrony savings for weeks wait times exceed minutes and i have been disconnected times after waiting when i finally got through the representative could not resolve my issue and told me to call back this level of
10001535,Savings Account,my issue and told me to call back this level of service is completely unacceptable for a bank holding my savings
10001987,Money Transfer,i was contacted by someone claiming to be from my banks fraud department they convinced me to send via venmo to secure my account i later realized this was a scam and immediately contacted zelle they refused to reverse the transaction saying venmo transfers are final i believe zelle should have
10001987,Money Transfer,transfers are final i believe zelle should have better fraud protection mechanisms
10001370,Savings Account,i tried to withdraw from my ally savings at synchrony and was told my account was frozen pending a security review no one informed me of any issues beforehand i had bills due and no access to my own money for weeks the customer service was unhelpful and could not tell me when the review would be
10001370,Savings Account,and could not tell me when the review would be completed
10002264,Money Transfer,i sent via paypal through paypal to pay my landlord the money was deducted from my account but never received by the recipient it has been weeks and paypal has not been able to locate the funds or provide a refund i am now at risk of eviction because my rent appears unpaid
10000660,Credit Card,i applied for the chase sapphire card specifically for the point signup bonus i met all the spending requirements within the specified timeframe but capital one has refused to credit my bonus points i have called times over the past months and each representative tells me something different i have
10000660,Credit Card,tells me something different i have all receipts and statements showing i qualified
10001795,Savings Account,i opened a ally savings with goldman sachs because they advertised a apy after three months the rate was quietly dropped to without notification when i called they said the promotional rate had expired but this was never clearly communicated at account opening i moved into this account specifically
10001795,Savings Account,opening i moved into this account specifically for the higher rate
10000187,Credit Card,i noticed a charge of on my citi double cash statement from i did not authorize this transaction and have been trying to resolve it with capital one for weeks they keep transferring me between departments and no one takes responsibility i have provided documentation proving i was not at the merchant
10000187,Credit Card,documentation proving i was not at the merchant location this is extremely frustrating and i need this resolved immediately
10001148,Personal Loan,i have been making regular payments on my sofi personal loan from prosper for months last month they claimed they did not receive my payment even though my bank shows it was debited they charged me a late fee and reported a missed payment to the credit bureaus dropping my score by points i need this
10001148,Personal Loan,bureaus dropping my score by points i need this corrected immediately
10000609,Credit Card,i noticed a charge of on my capital one venture statement from i did not authorize this transaction and have been trying to resolve it with citibank for weeks they keep transferring me between departments and no one takes responsibility i have provided documentation proving i was not at the merchant
10000609,Credit Card,documentation proving i was not at the merchant location this is extremely frustrating and i need this resolved immediately
10001931,Money Transfer,i initiated an international transfer of through bank of americas wire transfer service the estimated delivery was days but after weeks the money has still not arrived each time i call they say it is being processed meanwhile the exchange rate has changed significantly costing me an additional in
10001931,Money Transfer,changed significantly costing me an additional in value
10000198,Credit Card,someone made fraudulent purchases on my citi double cash card totaling i reported this to capital one immediately and they opened an investigation after weeks they denied my fraud claim saying the transactions appeared legitimate i have filed a police report and have evidence that i was in a
10000198,Credit Card,a police report and have evidence that i was in a different state when these transactions occurred
10000294,Credit Card,someone made fraudulent purchases on my discover it card totaling i reported this to capital one immediately and they opened an investigation after weeks they denied my fraud claim saying the transactions appeared legitimate i have filed a police report and have evidence that i was in a different
10000294,Credit Card,and have evidence that i was in a different state when these transactions occurred
10000767,Credit Card,someone made fraudulent purchases on my capital one venture card totaling i reported this to discover immediately and they opened an investigation after weeks they denied my fraud claim saying the transactions appeared legitimate i have filed a police report and have evidence that i was in a
10000767,Credit Card,a police report and have evidence that i was in a different state when these transactions occurred
10000401,Credit Card,i applied for the discover it card specifically for the point signup bonus i met all the spending requirements within the specified timeframe but capital one has refused to credit my bonus points i have called times over the past months and each representative tells me something different i have all
10000401,Credit Card,tells me something different i have all receipts and statements showing i qualified
10000123,Credit Card,i noticed a charge of on my capital one venture statement from i did not authorize this transaction and have been trying to resolve it with american express for weeks they keep transferring me between departments and no one takes responsibility i have provided documentation proving i was not at the
10000123,Credit Card,provided documentation proving i was not at the merchant location this is extremely frustrating and i need this resolved immediately
10000203,Credit Card,i noticed a charge of on my citi double cash statement from i did not authorize this transaction and have been trying to resolve it with citibank for weeks they keep transferring me between departments and no one takes responsibility i have provided documentation proving i was not at the merchant
10000203,Credit Card,documentation proving i was not at the merchant location this is extremely frustrating and i need this resolved immediately
10001440,Savings Account,i opened a ally savings with synchrony because they advertised a apy after three months the rate was quietly dropped to without notification when i called they said the promotional rate had expired but this was never clearly communicated at account opening i moved into this account specifically for
10001440,Savings Account,i moved into this account specifically for the higher rate
10001734,Savings Account,i opened a synchrony savings with synchrony because they advertised a apy after three months the rate was quietly dropped to without notification when i called they said the promotional rate had expired but this was never clearly communicated at account opening i moved into this account specifically
10001734,Savings Account,opening i moved into this account specifically for the higher rate
10001696,Savings Account,my chase savings with chase was accessed by someone who changed my contact information and attempted to transfer out of my account when i reported this chase took weeks to investigate and temporarily restricted my access i am concerned about the security of their online banking platform and how this
10001696,Savings Account,of their online banking platform and how this person gained access
10001708,Savings Account,i tried to withdraw from my synchrony savings at chase and was told my account was frozen pending a security review no one informed me of any issues beforehand i had bills due and no access to my own money for weeks the customer service was unhelpful and could not tell me when the review would be
10001708,Savings Account,and could not tell me when the review would be completed
10002247,Money Transfer,i was contacted by someone claiming to be from my banks fraud department they convinced me to send via venmo to secure my account i later realized this was a scam and immediately contacted venmo they refused to reverse the transaction saying venmo transfers are final i believe venmo should have
10002247,Money Transfer,transfers are final i believe venmo should have better fraud protection mechanisms
10001154,Personal Loan,i took out a personal loan of with upstart through their upstart loan program the advertised rate was but after approval i was given the terms were buried in fine print and the loan officer rushed me through the signing process i am now paying per month which is more than what was originally quoted
10001662,Savings Account,i tried to withdraw from my ally savings at synchrony and was told my account was frozen pending a security review no one informed me of any issues beforehand i had bills due and no access to my own money for weeks the customer service was unhelpful and could not tell me when the review would be
10001662,Savings Account,and could not tell me when the review would be completed
10001760,Savings Account,synchrony charged me a monthly maintenance fee on my chase savings that was supposed to be free when i called to dispute they said i did not maintain the minimum balance of even though my statements show i was always above that threshold i want all fees refunded and a guarantee this will not happen
10001760,Savings Account,refunded and a guarantee this will not happen again
10001590,Savings Account,i opened a marcus savings with chase because they advertised a apy after three months the rate was quietly dropped to without notification when i called they said the promotional rate had expired but this was never clearly communicated at account opening i moved into this account specifically for
10001590,Savings Account,i moved into this account specifically for the higher rate
10000642,Credit Card,i noticed a charge of on my chase sapphire statement from i did not authorize this transaction and have been trying to resolve it with citibank for weeks they keep transferring me between departments and no one takes responsibility i have provided documentation proving i was not at the merchant
10000642,Credit Card,documentation proving i was not at the merchant location this is extremely frustrating and i need this resolved immediately
10000002,Credit Card,i noticed a charge of on my chase sapphire statement from i did not authorize this transaction and have been trying to resolve it with capital one for weeks they keep transferring me between departments and no one takes responsibility i have provided documentation proving i was not at the merchant
10000002,Credit Card,documentation proving i was not at the merchant location this is extremely frustrating and i need this resolved immediately
10000699,Credit Card,someone made fraudulent purchases on my capital one venture card totaling i reported this to chase immediately and they opened an investigation after weeks they denied my fraud claim saying the transactions appeared legitimate i have filed a police report and have evidence that i was in a different
10000699,Credit Card,and have evidence that i was in a different state when these transactions occurred
10001637,Savings Account,i opened a chase savings with goldman sachs because they advertised a apy after three months the rate was quietly dropped to without notification when i called they said the promotional rate had expired but this was never clearly communicated at account opening i moved into this account specifically
10001637,Savings Account,opening i moved into this account specifically for the higher rate
10001292,Savings Account,i opened a synchrony savings with ally bank because they advertised a apy after three months the rate was quietly dropped to without notification when i called they said the promotional rate had expired but this was never clearly communicated at account opening i moved into this account specifically
10001292,Savings Account,opening i moved into this account specifically for the higher rate
10002204,Money Transfer,i accidentally sent to the wrong person through paypal via bank of america i realized the error within minutes and immediately contacted them to cancel they said the transaction was already completed and they cannot reverse it they suggested i ask the recipient nicely to send it back this is an
10002204,Money Transfer,the recipient nicely to send it back this is an unacceptable response for such a large amount
10001521,Savings Account,chase charged me a monthly maintenance fee on my chase savings that was supposed to be free when i called to dispute they said i did not maintain the minimum balance of even though my statements show i was always above that threshold i want all fees refunded and a guarantee this will not happen
10001521,Savings Account,refunded and a guarantee this will not happen again
10001137,Personal Loan,i took out a personal loan of with lendingclub through their prosper loan program the advertised rate was but after approval i was given the terms were buried in fine print and the loan officer rushed me through the signing process i am now paying per month which is more than what was originally
10001137,Personal Loan,per month which is more than what was originally quoted
10002235,Money Transfer,i initiated an international transfer of through western unions venmo service the estimated delivery was days but after weeks the money has still not arrived each time i call they say it is being processed meanwhile the exchange rate has changed significantly costing me an additional in value
10001632,Savings Account,i have been trying to reach goldman sachss customer service about an issue with my ally savings for weeks wait times exceed minutes and i have been disconnected times after waiting when i finally got through the representative could not resolve my issue and told me to call back this level of service
10001632,Savings Account,and told me to call back this level of service is completely unacceptable for a bank holding my savings
10001999,Money Transfer,i sent via venmo through zelle to pay my landlord the money was deducted from my account but never received by the recipient it has been weeks and zelle has not been able to locate the funds or provide a refund i am now at risk of eviction because my rent appears unpaid
10000664,Credit Card,the rewards program on my chase sapphire card was changed without notice american express devalued the points by nearly making the annual fee of no longer worth it i specifically chose this card for its rewards structure and feel this is a baitandswitch tactic longtime customers should be
10000664,Credit Card,baitandswitch tactic longtime customers should be grandfathered into the original rewards program
10000684,Credit Card,someone made fraudulent purchases on my capital one venture card totaling i reported this to chase immediately and they opened an investigation after weeks they denied my fraud claim saying the transactions appeared legitimate i have filed a police report and have evidence that i was in a different
10000684,Credit Card,and have evidence that i was in a different state when these transactions occurred
10001258,Savings Account,discover closed my ally savings account without warning citing business reasons i had in the account and it took weeks to receive a cashiers check no explanation was ever provided for the closure i have been a customer for years with no suspicious activity on the account
10000318,Credit Card,capital one charged me a late fee on my capital one venture card even though i made my payment on time my bank records show the payment was initiated days before the due date when i called to dispute they said the payment was received one day late due to processing time this is unacceptable i should
10000318,Credit Card,to processing time this is unacceptable i should not be penalized for their slow processing system
10000649,Credit Card,my capital one venture card from discover suddenly had its credit limit reduced from to without any prior notification i have never missed a payment and my credit score is above when i called to ask why the representative could not give me a clear answer this reduction has negatively affected my
10000649,Credit Card,answer this reduction has negatively affected my credit utilization ratio and dropped my score by points
10001435,Savings Account,discover closed my discover savings account without warning citing business reasons i had in the account and it took weeks to receive a cashiers check no explanation was ever provided for the closure i have been a customer for years with no suspicious activity on the account
10001480,Savings Account,my marcus savings with synchrony was accessed by someone who changed my contact information and attempted to transfer out of my account when i reported this synchrony took weeks to investigate and temporarily restricted my access i am concerned about the security of their online banking platform and
10001480,Savings Account,the security of their online banking platform and how this person gained access
10000710,Credit Card,i have been a loyal chase sapphire cardholder with american express for over years recently i noticed my interest rate was increased from to without adequate explanation i have excellent payment history and no late payments other companies are offering much lower rates i am considering closing this
10000710,Credit Card,much lower rates i am considering closing this account if the rate is not adjusted
10001283,Savings Account,synchrony charged me a monthly maintenance fee on my ally savings that was supposed to be free when i called to dispute they said i did not maintain the minimum balance of even though my statements show i was always above that threshold i want all fees refunded and a guarantee this will not happen
10001283,Savings Account,refunded and a guarantee this will not happen again
10001769,Savings Account,discover closed my marcus savings account without warning citing business reasons i had in the account and it took weeks to receive a cashiers check no explanation was ever provided for the closure i have been a customer for years with no suspicious activity on the account
10000973,Personal Loan,i have been making regular payments on my marcus loan from prosper for months last month they claimed they did not receive my payment even though my bank shows it was debited they charged me a late fee and reported a missed payment to the credit bureaus dropping my score by points i need this
10000973,Personal Loan,bureaus dropping my score by points i need this corrected immediately
10001307,Savings Account,my marcus savings with discover was accessed by someone who changed my contact information and attempted to transfer out of my account when i reported this discover took weeks to investigate and temporarily restricted my access i am concerned about the security of their online banking platform and
10001307,Savings Account,the security of their online banking platform and how this person gained access
10001401,Savings Account,i tried to withdraw from my discover savings at goldman sachs and was told my account was frozen pending a security review no one informed me of any issues beforehand i had bills due and no access to my own money for weeks the customer service was unhelpful and could not tell me when the review
10001401,Savings Account,unhelpful and could not tell me when the review would be completed
10001409,Savings Account,my synchrony savings with ally bank was accessed by someone who changed my contact information and attempted to transfer out of my account when i reported this ally bank took weeks to investigate and temporarily restricted my access i am concerned about the security of their online banking platform
10001409,Savings Account,the security of their online banking platform and how this person gained access
10001497,Savings Account,ally bank charged me a monthly maintenance fee on my marcus savings that was supposed to be free when i called to dispute they said i did not maintain the minimum balance of even though my statements show i was always above that threshold i want all fees refunded and a guarantee this will not happen
10001497,Savings Account,refunded and a guarantee this will not happen again
10002039,Money Transfer,bank of america charged me a fee for a venmo transfer that was advertised as free the fee was hidden in the exchange rate markup and only visible after carefully comparing the rates the actual exchange rate applied was worse than the market rate this is deceptive and the total hidden cost was
10001530,Savings Account,i tried to withdraw from my synchrony savings at ally bank and was told my account was frozen pending a security review no one informed me of any issues beforehand i had bills due and no access to my own money for weeks the customer service was unhelpful and could not tell me when the review would
10001530,Savings Account,and could not tell me when the review would be completed
10001664,Savings Account,my discover savings with chase was accessed by someone who changed my contact information and attempted to transfer out of my account when i reported this chase took weeks to investigate and temporarily restricted my access i am concerned about the security of their online banking platform and how
10001664,Savings Account,security of their online banking platform and how this person gained access
10001355,Savings Account,my discover savings with discover was accessed by someone who changed my contact information and attempted to transfer out of my account when i reported this discover took weeks to investigate and temporarily restricted my access i am concerned about the security of their online banking platform and
10001355,Savings Account,the security of their online banking platform and how this person gained access
10002255,Money Transfer,i sent via venmo through western union to pay my landlord the money was deducted from my account but never received by the recipient it has been weeks and western union has not been able to locate the funds or provide a refund i am now at risk of eviction because my rent appears unpaid
10001644,Savings Account,goldman sachs charged me a monthly maintenance fee on my synchrony savings that was supposed to be free when i called to dispute they said i did not maintain the minimum balance of even though my statements show i was always above that threshold i want all fees refunded and a guarantee this will not
10001644,Savings Account,all fees refunded and a guarantee this will not happen again
10001052,Personal Loan,i tried to make an extra payment on my upstart loan from lendingclub to pay down the principal faster their system automatically applied it to future payments instead of the principal balance after calling times each representative gave me different instructions i am paying more interest than
10001052,Personal Loan,instructions i am paying more interest than necessary because they will not properly apply my payments
10000796,Credit Card,the rewards program on my citi double cash card was changed without notice chase devalued the points by nearly making the annual fee of no longer worth it i specifically chose this card for its rewards structure and feel this is a baitandswitch tactic longtime customers should be grandfathered into
10000796,Credit Card,longtime customers should be grandfathered into the original rewards program
10001598,Savings Account,my synchrony savings with chase was accessed by someone who changed my contact information and attempted to transfer out of my account when i reported this chase took weeks to investigate and temporarily restricted my access i am concerned about the security of their online banking platform and how
10001598,Savings Account,security of their online banking platform and how this person gained access
10001723,Savings Account,i opened a synchrony savings with chase because they advertised a apy after three months the rate was quietly dropped to without notification when i called they said the promotional rate had expired but this was never clearly communicated at account opening i moved into this account specifically for
10001723,Savings Account,i moved into this account specifically for the higher rate
10001060,Personal Loan,i tried to make an extra payment on my lendingclub loan from upstart to pay down the principal faster their system automatically applied it to future payments instead of the principal balance after calling times each representative gave me different instructions i am paying more interest than
10001060,Personal Loan,instructions i am paying more interest than necessary because they will not properly apply my payments
10000541,Credit Card,i noticed a charge of on my discover it statement from i did not authorize this transaction and have been trying to resolve it with citibank for weeks they keep transferring me between departments and no one takes responsibility i have provided documentation proving i was not at the merchant
10000541,Credit Card,documentation proving i was not at the merchant location this is extremely frustrating and i need this resolved immediately
10001679,Savings Account,i opened a marcus savings with synchrony because they advertised a apy after three months the rate was quietly dropped to without notification when i called they said the promotional rate had expired but this was never clearly communicated at account opening i moved into this account specifically
10001679,Savings Account,opening i moved into this account specifically for the higher rate
10001758,Savings Account,i tried to withdraw from my ally savings at synchrony and was told my account was frozen pending a security review no one informed me of any issues beforehand i had bills due and no access to my own money for weeks the customer service was unhelpful and could not tell me when the review would be
10001758,Savings Account,and could not tell me when the review would be completed
10001924,Money Transfer,i was contacted by someone claiming to be from my banks fraud department they convinced me to send via venmo to secure my account i later realized this was a scam and immediately contacted venmo they refused to reverse the transaction saying venmo transfers are final i believe venmo should have
10001924,Money Transfer,transfers are final i believe venmo should have better fraud protection mechanisms
10000096,Credit Card,someone made fraudulent purchases on my amex gold card totaling i reported this to capital one immediately and they opened an investigation after weeks they denied my fraud claim saying the transactions appeared legitimate i have filed a police report and have evidence that i was in a different
10000096,Credit Card,and have evidence that i was in a different state when these transactions occurred
10001021,Personal Loan,i have been making regular payments on my lendingclub loan from prosper for months last month they claimed they did not receive my payment even though my bank shows it was debited they charged me a late fee and reported a missed payment to the credit bureaus dropping my score by points i need this
10001021,Personal Loan,bureaus dropping my score by points i need this corrected immediately
10000564,Credit Card,the rewards program on my discover it card was changed without notice citibank devalued the points by nearly making the annual fee of no longer worth it i specifically chose this card for its rewards structure and feel this is a baitandswitch tactic longtime customers should be grandfathered into
10000564,Credit Card,longtime customers should be grandfathered into the original rewards program
10001485,Savings Account,my chase savings with synchrony was accessed by someone who changed my contact information and attempted to transfer out of my account when i reported this synchrony took weeks to investigate and temporarily restricted my access i am concerned about the security of their online banking platform and
10001485,Savings Account,the security of their online banking platform and how this person gained access
10001882,Money Transfer,i initiated an international transfer of through paypals paypal service the estimated delivery was days but after weeks the money has still not arrived each time i call they say it is being processed meanwhile the exchange rate has changed significantly costing me an additional in value
10001039,Personal Loan,i took out a personal loan of with sofi through their upstart loan program the advertised rate was but after approval i was given the terms were buried in fine print and the loan officer rushed me through the signing process i am now paying per month which is more than what was originally quoted
10000207,Credit Card,the rewards program on my chase sapphire card was changed without notice capital one devalued the points by nearly making the annual fee of no longer worth it i specifically chose this card for its rewards structure and feel this is a baitandswitch tactic longtime customers should be grandfathered
10000207,Credit Card,tactic longtime customers should be grandfathered into the original rewards program
10000393,Credit Card,discover charged me a late fee on my citi double cash card even though i made my payment on time my bank records show the payment was initiated days before the due date when i called to dispute they said the payment was received one day late due to processing time this is unacceptable i should not
10000393,Credit Card,processing time this is unacceptable i should not be penalized for their slow processing system
10000398,Credit Card,the rewards program on my chase sapphire card was changed without notice discover devalued the points by nearly making the annual fee of no longer worth it i specifically chose this card for its rewards structure and feel this is a baitandswitch tactic longtime customers should be grandfathered into
10000398,Credit Card,longtime customers should be grandfathered into the original rewards program
10002222,Money Transfer,i sent via paypal through venmo to pay my landlord the money was deducted from my account but never received by the recipient it has been weeks and venmo has not been able to locate the funds or provide a refund i am now at risk of eviction because my rent appears unpaid
10001029,Personal Loan,i took out a personal loan of with prosper through their lendingclub loan program the advertised rate was but after approval i was given the terms were buried in fine print and the loan officer rushed me through the signing process i am now paying per month which is more than what was originally
10001029,Personal Loan,per month which is more than what was originally quoted
10001486,Savings Account,i opened a discover savings with goldman sachs because they advertised a apy after three months the rate was quietly dropped to without notification when i called they said the promotional rate had expired but this was never clearly communicated at account opening i moved into this account
10001486,Savings Account,at account opening i moved into this account specifically for the higher rate
10000961,Personal Loan,upstart sold my upstart loan loan to a thirdparty debt collector without notifying me the collector is now adding additional fees and interest that were not part of my original agreement they call me times per day including on weekends and have been rude and threatening this is harassment and a
10000961,Personal Loan,rude and threatening this is harassment and a violation of fair debt collection practices
10001571,Savings Account,discover closed my discover savings account without warning citing business reasons i had in the account and it took weeks to receive a cashiers check no explanation was ever provided for the closure i have been a customer for years with no suspicious activity on the account
10001896,Money Transfer,my account was frozen by western union after i made a wire transfer transfer of they claimed the transaction was flagged for suspicious activity but i was simply sending money to my family overseas which i do every month it took weeks to get my account unfrozen and i had to provide extensive
10001896,Money Transfer,account unfrozen and i had to provide extensive documentation including pay stubs and tax returns
10002147,Money Transfer,venmo charged me a fee for a wire transfer transfer that was advertised as free the fee was hidden in the exchange rate markup and only visible after carefully comparing the rates the actual exchange rate applied was worse than the market rate this is deceptive and the total hidden cost was
10001752,Savings Account,my marcus savings with chase was accessed by someone who changed my contact information and attempted to transfer out of my account when i reported this chase took weeks to investigate and temporarily restricted my access i am concerned about the security of their online banking platform and how
10001752,Savings Account,security of their online banking platform and how this person gained access
10000503,Credit Card,chase charged me a late fee on my chase sapphire card even though i made my payment on time my bank records show the payment was initiated days before the due date when i called to dispute they said the payment was received one day late due to processing time this is unacceptable i should not be
10000503,Credit Card,time this is unacceptable i should not be penalized for their slow processing system
10000780,Credit Card,i have been a loyal citi double cash cardholder with chase for over years recently i noticed my interest rate was increased from to without adequate explanation i have excellent payment history and no late payments other companies are offering much lower rates i am considering closing this account
10000780,Credit Card,lower rates i am considering closing this account if the rate is not adjusted
10000201,Credit Card,the rewards program on my discover it card was changed without notice chase devalued the points by nearly making the annual fee of no longer worth it i specifically chose this card for its rewards structure and feel this is a baitandswitch tactic longtime customers should be grandfathered into the
10000201,Credit Card,customers should be grandfathered into the original rewards program
10002183,Money Transfer,i was contacted by someone claiming to be from my banks fraud department they convinced me to send via paypal to secure my account i later realized this was a scam and immediately contacted bank of america they refused to reverse the transaction saying paypal transfers are final i believe bank of
10002183,Money Transfer,paypal transfers are final i believe bank of america should have better fraud protection mechanisms
10002089,Money Transfer,my account was frozen by bank of america after i made a western union transfer of they claimed the transaction was flagged for suspicious activity but i was simply sending money to my family overseas which i do every month it took weeks to get my account unfrozen and i had to provide extensive
10002089,Money Transfer,account unfrozen and i had to provide extensive documentation including pay stubs and tax returns
10001797,Savings Account,i have been trying to reach synchronys customer service about an issue with my ally savings for weeks wait times exceed minutes and i have been disconnected times after waiting when i finally got through the representative could not resolve my issue and told me to call back this level of service is
10001797,Savings Account,and told me to call back this level of service is completely unacceptable for a bank holding my savings
10000379,Credit Card,chase charged me a late fee on my discover it card even though i made my payment on time my bank records show the payment was initiated days before the due date when i called to dispute they said the payment was received one day late due to processing time this is unacceptable i should not be
10000379,Credit Card,time this is unacceptable i should not be penalized for their slow processing system
10000419,Credit Card,i have been a loyal discover it cardholder with chase for over years recently i noticed my interest rate was increased from to without adequate explanation i have excellent payment history and no late payments other companies are offering much lower rates i am considering closing this account if the
10000419,Credit Card,i am considering closing this account if the rate is not adjusted
10001699,Savings Account,discover charged me a monthly maintenance fee on my marcus savings that was supposed to be free when i called to dispute they said i did not maintain the minimum balance of even though my statements show i was always above that threshold i want all fees refunded and a guarantee this will not happen
10001699,Savings Account,refunded and a guarantee this will not happen again
10000392,Credit Card,the rewards program on my chase sapphire card was changed without notice american express devalued the points by nearly making the annual fee of no longer worth it i specifically chose this card for its rewards structure and feel this is a baitandswitch tactic longtime customers should be
10000392,Credit Card,baitandswitch tactic longtime customers should be grandfathered into the original rewards program
10001523,Savings Account,my synchrony savings with chase was accessed by someone who changed my contact information and attempted to transfer out of my account when i reported this chase took weeks to investigate and temporarily restricted my access i am concerned about the security of their online banking platform and how
10001523,Savings Account,security of their online banking platform and how this person gained access
10001163,Personal Loan,sofi sold my prosper loan loan to a thirdparty debt collector without notifying me the collector is now adding additional fees and interest that were not part of my original agreement they call me times per day including on weekends and have been rude and threatening this is harassment and a
10001163,Personal Loan,rude and threatening this is harassment and a violation of fair debt collection practices
10001496,Savings Account,discover closed my discover savings account without warning citing business reasons i had in the account and it took weeks to receive a cashiers check no explanation was ever provided for the closure i have been a customer for years with no suspicious activity on the account
10002028,Money Transfer,paypal charged me a fee for a zelle transfer that was advertised as free the fee was hidden in the exchange rate markup and only visible after carefully comparing the rates the actual exchange rate applied was worse than the market rate this is deceptive and the total hidden cost was
10001153,Personal Loan,i applied for a marcus loan with sofi and was denied despite having a credit score of and a stable income of per year the denial letter was vague citing insufficient credit history i have years of credit history with no delinquencies i believe this decision was made unfairly and request a proper
10001153,Personal Loan,decision was made unfairly and request a proper review
10001368,Savings Account,i have been trying to reach goldman sachss customer service about an issue with my chase savings for weeks wait times exceed minutes and i have been disconnected times after waiting when i finally got through the representative could not resolve my issue and told me to call back this level of
10001368,Savings Account,my issue and told me to call back this level of service is completely unacceptable for a bank holding my savings
10000065,Credit Card,i applied for the chase sapphire card specifically for the point signup bonus i met all the spending requirements within the specified timeframe but citibank has refused to credit my bonus points i have called times over the past months and each representative tells me something different i have all
10000065,Credit Card,tells me something different i have all receipts and statements showing i qualified
10002063,Money Transfer,i initiated an international transfer of through zelles wire transfer service the estimated delivery was days but after weeks the money has still not arrived each time i call they say it is being processed meanwhile the exchange rate has changed significantly costing me an additional in value
10000493,Credit Card,i have been a loyal amex gold cardholder with citibank for over years recently i noticed my interest rate was increased from to without adequate explanation i have excellent payment history and no late payments other companies are offering much lower rates i am considering closing this account if
10000493,Credit Card,rates i am considering closing this account if the rate is not adjusted
10000380,Credit Card,my capital one venture card from citibank suddenly had its credit limit reduced from to without any prior notification i have never missed a payment and my credit score is above when i called to ask why the representative could not give me a clear answer this reduction has negatively affected my
10000380,Credit Card,answer this reduction has negatively affected my credit utilization ratio and dropped my score by points
10002236,Money Transfer,my account was frozen by western union after i made a zelle transfer of they claimed the transaction was flagged for suspicious activity but i was simply sending money to my family overseas which i do every month it took weeks to get my account unfrozen and i had to provide extensive documentation
10002236,Money Transfer,and i had to provide extensive documentation including pay stubs and tax returns
10000764,Credit Card,i have been a loyal chase sapphire cardholder with discover for over years recently i noticed my interest rate was increased from to without adequate explanation i have excellent payment history and no late payments other companies are offering much lower rates i am considering closing this account
10000764,Credit Card,lower rates i am considering closing this account if the rate is not adjusted
10000792,Credit Card,someone made fraudulent purchases on my citi double cash card totaling i reported this to chase immediately and they opened an investigation after weeks they denied my fraud claim saying the transactions appeared legitimate i have filed a police report and have evidence that i was in a different
10000792,Credit Card,and have evidence that i was in a different state when these transactions occurred
10001077,Personal Loan,i tried to make an extra payment on my lendingclub loan from upstart to pay down the principal faster their system automatically applied it to future payments instead of the principal balance after calling times each representative gave me different instructions i am paying more interest than
10001077,Personal Loan,instructions i am paying more interest than necessary because they will not properly apply my payments
10000338,Credit Card,my discover it card from chase suddenly had its credit limit reduced from to without any prior notification i have never missed a payment and my credit score is above when i called to ask why the representative could not give me a clear answer this reduction has negatively affected my credit
10000338,Credit Card,this reduction has negatively affected my credit utilization ratio and dropped my score by points
10001017,Personal Loan,i have been making regular payments on my marcus loan from lendingclub for months last month they claimed they did not receive my payment even though my bank shows it was debited they charged me a late fee and reported a missed payment to the credit bureaus dropping my score by points i need this
10001017,Personal Loan,bureaus dropping my score by points i need this corrected immediately
10001276,Savings Account,my synchrony savings with goldman sachs was accessed by someone who changed my contact information and attempted to transfer out of my account when i reported this goldman sachs took weeks to investigate and temporarily restricted my access i am concerned about the security of their online banking
10001276,Savings Account,about the security of their online banking platform and how this person gained access
10000456,Credit Card,my chase sapphire card from american express suddenly had its credit limit reduced from to without any prior notification i have never missed a payment and my credit score is above when i called to ask why the representative could not give me a clear answer this reduction has negatively affected my
10000456,Credit Card,answer this reduction has negatively affected my credit utilization ratio and dropped my score by points
10000996,Personal Loan,i took out a personal loan of with goldman sachs through their prosper loan program the advertised rate was but after approval i was given the terms were buried in fine print and the loan officer rushed me through the signing process i am now paying per month which is more than what was originally
10000996,Personal Loan,per month which is more than what was originally quoted
10001982,Money Transfer,i was contacted by someone claiming to be from my banks fraud department they convinced me to send via venmo to secure my account i later realized this was a scam and immediately contacted venmo they refused to reverse the transaction saying venmo transfers are final i believe venmo should have
10001982,Money Transfer,transfers are final i believe venmo should have better fraud protection mechanisms
10000202,Credit Card,i have been a loyal chase sapphire cardholder with american express for over years recently i noticed my interest rate was increased from to without adequate explanation i have excellent payment history and no late payments other companies are offering much lower rates i am considering closing this
10000202,Credit Card,much lower rates i am considering closing this account if the rate is not adjusted
10000162,Credit Card,i applied for the citi double cash card specifically for the point signup bonus i met all the spending requirements within the specified timeframe but capital one has refused to credit my bonus points i have called times over the past months and each representative tells me something different i
10000162,Credit Card,representative tells me something different i have all receipts and statements showing i qualified
10001580,Savings Account,i have been trying to reach ally banks customer service about an issue with my chase savings for weeks wait times exceed minutes and i have been disconnected times after waiting when i finally got through the representative could not resolve my issue and told me to call back this level of service is
10001580,Savings Account,and told me to call back this level of service is completely unacceptable for a bank holding my savings
10000703,Credit Card,discover charged me a late fee on my amex gold card even though i made my payment on time my bank records show the payment was initiated days before the due date when i called to dispute they said the payment was received one day late due to processing time this is unacceptable i should not be
10000703,Credit Card,time this is unacceptable i should not be penalized for their slow processing system
10001501,Savings Account,i have been trying to reach goldman sachss customer service about an issue with my chase savings for weeks wait times exceed minutes and i have been disconnected times after waiting when i finally got through the representative could not resolve my issue and told me to call back this level of
10001501,Savings Account,my issue and told me to call back this level of service is completely unacceptable for a bank holding my savings
10001130,Personal Loan,i tried to make an extra payment on my lendingclub loan from lendingclub to pay down the principal faster their system automatically applied it to future payments instead of the principal balance after calling times each representative gave me different instructions i am paying more interest than
10001130,Personal Loan,instructions i am paying more interest than necessary because they will not properly apply my payments
10001022,Personal Loan,i took out a personal loan of with goldman sachs through their upstart loan program the advertised rate was but after approval i was given the terms were buried in fine print and the loan officer rushed me through the signing process i am now paying per month which is more than what was originally
10001022,Personal Loan,per month which is more than what was originally quoted
10001586,Savings Account,goldman sachs closed my discover savings account without warning citing business reasons i had in the account and it took weeks to receive a cashiers check no explanation was ever provided for the closure i have been a customer for years with no suspicious activity on the account
10001956,Money Transfer,i initiated an international transfer of through zelles western union service the estimated delivery was days but after weeks the money has still not arrived each time i call they say it is being processed meanwhile the exchange rate has changed significantly costing me an additional in value
10002254,Money Transfer,i was contacted by someone claiming to be from my banks fraud department they convinced me to send via western union to secure my account i later realized this was a scam and immediately contacted zelle they refused to reverse the transaction saying western union transfers are final i believe zelle
10002254,Money Transfer,western union transfers are final i believe zelle should have better fraud protection mechanisms
10000035,Credit Card,the rewards program on my chase sapphire card was changed without notice capital one devalued the points by nearly making the annual fee of no longer worth it i specifically chose this card for its rewards structure and feel this is a baitandswitch tactic longtime customers should be grandfathered
10000035,Credit Card,tactic longtime customers should be grandfathered into the original rewards program
10000776,Credit Card,i have been a loyal discover it cardholder with citibank for over years recently i noticed my interest rate was increased from to without adequate explanation i have excellent payment history and no late payments other companies are offering much lower rates i am considering closing this account if
10000776,Credit Card,rates i am considering closing this account if the rate is not adjusted
10001479,Savings Account,i opened a ally savings with discover because they advertised a apy after three months the rate was quietly dropped to without notification when i called they said the promotional rate had expired but this was never clearly communicated at account opening i moved into this account specifically for
10001479,Savings Account,i moved into this account specifically for the higher rate
10001391,Savings Account,i tried to withdraw from my discover savings at goldman sachs and was told my account was frozen pending a security review no one informed me of any issues beforehand i had bills due and no access to my own money for weeks the customer service was unhelpful and could not tell me when the review
10001391,Savings Account,unhelpful and could not tell me when the review would be completed
10002140,Money Transfer,i accidentally sent to the wrong person through western union via bank of america i realized the error within minutes and immediately contacted them to cancel they said the transaction was already completed and they cannot reverse it they suggested i ask the recipient nicely to send it back this is
10002140,Money Transfer,ask the recipient nicely to send it back this is an unacceptable response for such a large amount
10001364,Savings Account,my discover savings with chase was accessed by someone who changed my contact information and attempted to transfer out of my account when i reported this chase took weeks to investigate and temporarily restricted my access i am concerned about the security of their online banking platform and how
10001364,Savings Account,security of their online banking platform and how this person gained access
10002042,Money Transfer,i initiated an international transfer of through western unions wire transfer service the estimated delivery was days but after weeks the money has still not arrived each time i call they say it is being processed meanwhile the exchange rate has changed significantly costing me an additional in
10002042,Money Transfer,changed significantly costing me an additional in value
10000242,Credit Card,i noticed a charge of on my discover it statement from i did not authorize this transaction and have been trying to resolve it with chase for weeks they keep transferring me between departments and no one takes responsibility i have provided documentation proving i was not at the merchant location
10000242,Credit Card,proving i was not at the merchant location this is extremely frustrating and i need this resolved immediately
10002062,Money Transfer,my account was frozen by paypal after i made a paypal transfer of they claimed the transaction was flagged for suspicious activity but i was simply sending money to my family overseas which i do every month it took weeks to get my account unfrozen and i had to provide extensive documentation
10002062,Money Transfer,and i had to provide extensive documentation including pay stubs and tax returns
10000601,Credit Card,i noticed a charge of on my citi double cash statement from i did not authorize this transaction and have been trying to resolve it with citibank for weeks they keep transferring me between departments and no one takes responsibility i have provided documentation proving i was not at the merchant
10000601,Credit Card,documentation proving i was not at the merchant location this is extremely frustrating and i need this resolved immediately
10001298,Savings Account,synchrony charged me a monthly maintenance fee on my chase savings that was supposed to be free when i called to dispute they said i did not maintain the minimum balance of even though my statements show i was always above that threshold i want all fees refunded and a guarantee this will not happen
10001298,Savings Account,refunded and a guarantee this will not happen again
10002215,Money Transfer,venmo charged me a fee for a zelle transfer that was advertised as free the fee was hidden in the exchange rate markup and only visible after carefully comparing the rates the actual exchange rate applied was worse than the market rate this is deceptive and the total hidden cost was
10002069,Money Transfer,i accidentally sent to the wrong person through zelle via venmo i realized the error within minutes and immediately contacted them to cancel they said the transaction was already completed and they cannot reverse it they suggested i ask the recipient nicely to send it back this is an unacceptable
10002069,Money Transfer,nicely to send it back this is an unacceptable response for such a large amount
10000647,Credit Card,i noticed a charge of on my amex gold statement from i did not authorize this transaction and have been trying to resolve it with citibank for weeks they keep transferring me between departments and no one takes responsibility i have provided documentation proving i was not at the merchant location
10000647,Credit Card,proving i was not at the merchant location this is extremely frustrating and i need this resolved immediately
10001529,Savings Account,i have been trying to reach chases customer service about an issue with my synchrony savings for weeks wait times exceed minutes and i have been disconnected times after waiting when i finally got through the representative could not resolve my issue and told me to call back this level of service is
10001529,Savings Account,and told me to call back this level of service is completely unacceptable for a bank holding my savings
10001268,Savings Account,i have been trying to reach chases customer service about an issue with my discover savings for weeks wait times exceed minutes and i have been disconnected times after waiting when i finally got through the representative could not resolve my issue and told me to call back this level of service is
10001268,Savings Account,and told me to call back this level of service is completely unacceptable for a bank holding my savings
10001900,Money Transfer,i accidentally sent to the wrong person through zelle via venmo i realized the error within minutes and immediately contacted them to cancel they said the transaction was already completed and they cannot reverse it they suggested i ask the recipient nicely to send it back this is an unacceptable
10001900,Money Transfer,nicely to send it back this is an unacceptable response for such a large amount
10000563,Credit Card,american express charged me a late fee on my citi double cash card even though i made my payment on time my bank records show the payment was initiated days before the due date when i called to dispute they said the payment was received one day late due to processing time this is unacceptable i
10000563,Credit Card,due to processing time this is unacceptable i should not be penalized for their slow processing system
10000190,Credit Card,i applied for the capital one venture card specifically for the point signup bonus i met all the spending requirements within the specified timeframe but capital one has refused to credit my bonus points i have called times over the past months and each representative tells me something different i
10000190,Credit Card,representative tells me something different i have all receipts and statements showing i qualified
10001807,Savings Account,i tried to withdraw from my chase savings at discover and was told my account was frozen pending a security review no one informed me of any issues beforehand i had bills due and no access to my own money for weeks the customer service was unhelpful and could not tell me when the review would be
10001807,Savings Account,and could not tell me when the review would be completed
10000976,Personal Loan,the total cost of my marcus loan from prosper ended up being which is nearly times the original loan amount of the interest rate of combined with various processing fees and insurance charges that were added without my clear consent have made this loan predatory in my opinion
10002048,Money Transfer,i was contacted by someone claiming to be from my banks fraud department they convinced me to send via venmo to secure my account i later realized this was a scam and immediately contacted venmo they refused to reverse the transaction saying venmo transfers are final i believe venmo should have
10002048,Money Transfer,transfers are final i believe venmo should have better fraud protection mechanisms
10001083,Personal Loan,the total cost of my prosper loan from upstart ended up being which is nearly times the original loan amount of the interest rate of combined with various processing fees and insurance charges that were added without my clear consent have made this loan predatory in my opinion
10000475,Credit Card,capital one charged me a late fee on my citi double cash card even though i made my payment on time my bank records show the payment was initiated days before the due date when i called to dispute they said the payment was received one day late due to processing time this is unacceptable i should
10000475,Credit Card,to processing time this is unacceptable i should not be penalized for their slow processing system
10000748,Credit Card,my discover it card from citibank suddenly had its credit limit reduced from to without any prior notification i have never missed a payment and my credit score is above when i called to ask why the representative could not give me a clear answer this reduction has negatively affected my credit
10000748,Credit Card,this reduction has negatively affected my credit utilization ratio and dropped my score by points
10000022,Credit Card,discover charged me a late fee on my discover it card even though i made my payment on time my bank records show the payment was initiated days before the due date when i called to dispute they said the payment was received one day late due to processing time this is unacceptable i should not be
10000022,Credit Card,time this is unacceptable i should not be penalized for their slow processing system
10000460,Credit Card,capital one charged me a late fee on my amex gold card even though i made my payment on time my bank records show the payment was initiated days before the due date when i called to dispute they said the payment was received one day late due to processing time this is unacceptable i should not be
10000460,Credit Card,time this is unacceptable i should not be penalized for their slow processing system
10000956,Personal Loan,i applied for a prosper loan with sofi and was denied despite having a credit score of and a stable income of per year the denial letter was vague citing insufficient credit history i have years of credit history with no delinquencies i believe this decision was made unfairly and request a proper
10000956,Personal Loan,decision was made unfairly and request a proper review
10001216,Savings Account,discover closed my ally savings account without warning citing business reasons i had in the account and it took weeks to receive a cashiers check no explanation was ever provided for the closure i have been a customer for years with no suspicious activity on the account
10001516,Savings Account,i tried to withdraw from my chase savings at chase and was told my account was frozen pending a security review no one informed me of any issues beforehand i had bills due and no access to my own money for weeks the customer service was unhelpful and could not tell me when the review would be
10001516,Savings Account,and could not tell me when the review would be completed
10000770,Credit Card,i applied for the citi double cash card specifically for the point signup bonus i met all the spending requirements within the specified timeframe but citibank has refused to credit my bonus points i have called times over the past months and each representative tells me something different i have
10000770,Credit Card,tells me something different i have all receipts and statements showing i qualified
10001686,Savings Account,chase charged me a monthly maintenance fee on my discover savings that was supposed to be free when i called to dispute they said i did not maintain the minimum balance of even though my statements show i was always above that threshold i want all fees refunded and a guarantee this will not happen
10001686,Savings Account,refunded and a guarantee this will not happen again
10000131,Credit Card,i applied for the capital one venture card specifically for the point signup bonus i met all the spending requirements within the specified timeframe but chase has refused to credit my bonus points i have called times over the past months and each representative tells me something different i have
10000131,Credit Card,tells me something different i have all receipts and statements showing i qualified
10002136,Money Transfer,i sent via western union through bank of america to pay my landlord the money was deducted from my account but never received by the recipient it has been weeks and bank of america has not been able to locate the funds or provide a refund i am now at risk of eviction because my rent appears unpaid
10001483,Savings Account,chase charged me a monthly maintenance fee on my discover savings that was supposed to be free when i called to dispute they said i did not maintain the minimum balance of even though my statements show i was always above that threshold i want all fees refunded and a guarantee this will not happen
10001483,Savings Account,refunded and a guarantee this will not happen again
10000331,Credit Card,the rewards program on my capital one venture card was changed without notice american express devalued the points by nearly making the annual fee of no longer worth it i specifically chose this card for its rewards structure and feel this is a baitandswitch tactic longtime customers should be
10000331,Credit Card,baitandswitch tactic longtime customers should be grandfathered into the original rewards program
10001239,Savings Account,my ally savings with discover was accessed by someone who changed my contact information and attempted to transfer out of my account when i reported this discover took weeks to investigate and temporarily restricted my access i am concerned about the security of their online banking platform and how
10001239,Savings Account,security of their online banking platform and how this person gained access
10000467,Credit Card,i applied for the citi double cash card specifically for the point signup bonus i met all the spending requirements within the specified timeframe but discover has refused to credit my bonus points i have called times over the past months and each representative tells me something different i have
10000467,Credit Card,tells me something different i have all receipts and statements showing i qualified
10002170,Money Transfer,my account was frozen by bank of america after i made a paypal transfer of they claimed the transaction was flagged for suspicious activity but i was simply sending money to my family overseas which i do every month it took weeks to get my account unfrozen and i had to provide extensive
10002170,Money Transfer,account unfrozen and i had to provide extensive documentation including pay stubs and tax returns
10001639,Savings Account,goldman sachs charged me a monthly maintenance fee on my chase savings that was supposed to be free when i called to dispute they said i did not maintain the minimum balance of even though my statements show i was always above that threshold i want all fees refunded and a guarantee this will not
10001639,Savings Account,all fees refunded and a guarantee this will not happen again
10001096,Personal Loan,the total cost of my lendingclub loan from lendingclub ended up being which is nearly times the original loan amount of the interest rate of combined with various processing fees and insurance charges that were added without my clear consent have made this loan predatory in my opinion
10001131,Personal Loan,i took out a personal loan of with sofi through their upstart loan program the advertised rate was but after approval i was given the terms were buried in fine print and the loan officer rushed me through the signing process i am now paying per month which is more than what was originally quoted
10001295,Savings Account,my chase savings with synchrony was accessed by someone who changed my contact information and attempted to transfer out of my account when i reported this synchrony took weeks to investigate and temporarily restricted my access i am concerned about the security of their online banking platform and
10001295,Savings Account,the security of their online banking platform and how this person gained access
